scenario_id,family,arm,availability,sla_violation_physical,sla_violation_total,violation_backlog,violation_power,violation_heat,time_healthy,mean_queue,p95_queue,recovery_minutes,recovered,energy_kwh,peak_power_kw,node_hours,idle_node_hours,contradictions,scale_reversals,security_violations,pages,human_interventions,actions,omni_authority_steps,node_start_stop,machines_started,machines_stopped,machine_round_trips,power_cap_travel,thermal_travel,invariant_violations,invariant_violations_ex_power,shield_interventions,trace_hash
1,normal_variation,k8s_ref_70,1.0,0.0,0.0,0.0,0.0,0.0,1.0,0.0,0.0,5.0,1,145.80391169657378,26.885226111374056,120.00000000000013,47.500000000000014,0,2,0,0,0,6,0,0.0,0,0,0.0,0.0,0.5077990910466406,0,0,0,d7fe6d240b17e548
1,normal_variation,omni_k8s_observe,1.0,0.0,0.0,0.0,0.0,0.0,1.0,0.0,0.0,5.0,1,145.80391169657378,26.885226111374056,120.00000000000013,47.500000000000014,0,2,0,0,0,6,0,0.0,0,0,0.0,0.0,0.5077990910466406,0,0,0,d7fe6d240b17e548
1,normal_variation,omni_k8s_throughput,1.0,0.0,0.0,0.0,0.0,0.0,1.0,0.0,0.0,5.0,1,93.34426564275621,24.311875656569452,112.3333333333333,39.83333333333333,0,4,0,0,0,11,72,4.0,0,4,0.0,0.35,0.3301393020004675,0,0,0,359827dd79dbbb9a
2,normal_variation,k8s_ref_70,1.0,0.0,0.0,0.0,0.0,0.0,1.0,0.0,0.0,5.0,1,150.16377431121688,27.758672771239866,120.00000000000013,44.0,0,2,0,0,0,30,0,0.0,0,0,0.0,0.0,0.5466108439616296,0,0,0,aad690b37263166a
2,normal_variation,omni_k8s_observe,1.0,0.0,0.0,0.0,0.0,0.0,1.0,0.0,0.0,5.0,1,150.16377431121688,27.758672771239866,120.00000000000013,44.0,0,2,0,0,0,30,0,0.0,0,0,0.0,0.0,0.5466108439616296,0,0,0,aad690b37263166a
2,normal_variation,omni_k8s_throughput,1.0,0.0,0.0,0.0,0.0,0.0,1.0,0.0,0.0,5.0,1,96.37329322857471,24.339654615442207,112.99999999999996,36.999999999999986,0,1,0,0,0,8,72,4.0,0,4,0.0,0.35,0.3538826639452455,0,0,0,fd17a11a823dcb2d
3,normal_variation,k8s_ref_70,1.0,0.0,0.013888888888888888,0.0,0.0,0.0,0.9861111111111112,0.0,0.0,5.0,1,170.0237297793094,32.15017671300576,120.00000000000013,26.583333333333325,1,1,0,0,0,103,0,0.0,0,0,0.0,0.031153483326902265,0.6089726638697593,1,1,0,fc3be7cab906cd7c
3,normal_variation,omni_k8s_observe,1.0,0.0,0.013888888888888888,0.0,0.0,0.0,0.9861111111111112,0.0,0.0,5.0,1,170.0237297793094,32.15017671300576,120.00000000000013,26.583333333333325,1,1,0,0,0,103,0,0.0,0,0,0.0,0.031153483326902265,0.6089726638697593,1,1,0,fc3be7cab906cd7c
3,normal_variation,omni_k8s_throughput,1.0,0.0,0.0,0.0,0.0,0.0,1.0,0.8004024058115122,0.0,5.0,1,113.50716396017303,26.992125745641584,119.58333333333334,26.16666666666668,0,1,0,0,0,21,72,5.0,1,4,1.0,0.41620671005718635,0.4070579564352639,0,0,0,4e7711c7fb2be5ea
4,normal_variation,k8s_ref_70,1.0,0.0,0.0,0.0,0.0,0.0,1.0,0.0,0.0,5.0,1,142.59927440354878,26.63944207000081,120.00000000000013,49.750000000000036,0,2,0,0,0,6,0,0.0,0,0,0.0,0.0,0.5128192377778917,0,0,0,0ca270a5412bb000
4,normal_variation,omni_k8s_observe,1.0,0.0,0.0,0.0,0.0,0.0,1.0,0.0,0.0,5.0,1,142.59927440354878,26.63944207000081,120.00000000000013,49.750000000000036,0,2,0,0,0,6,0,0.0,0,0,0.0,0.0,0.5128192377778917,0,0,0,0ca270a5412bb000
4,normal_variation,omni_k8s_throughput,1.0,0.0,0.0,0.0,0.0,0.0,1.0,0.0,0.0,5.0,1,91.41244169928844,22.83360012508814,112.99999999999996,42.75000000000001,0,1,0,0,0,8,72,4.0,0,4,0.0,0.35,0.3347010784507901,0,0,0,60982e79ac43bb71
5,normal_variation,k8s_ref_70,1.0,0.0,0.0,0.0,0.0,0.0,1.0,0.0,0.0,5.0,1,152.13323482396694,28.364317673301194,120.00000000000013,42.74999999999999,0,2,0,0,0,35,0,0.0,0,0,0.0,0.0,0.5480047793502862,0,0,0,cb5814c8b140a8f8
5,normal_variation,omni_k8s_observe,1.0,0.0,0.0,0.0,0.0,0.0,1.0,0.0,0.0,5.0,1,152.13323482396694,28.364317673301194,120.00000000000013,42.74999999999999,0,2,0,0,0,35,0,0.0,0,0,0.0,0.0,0.5480047793502862,0,0,0,cb5814c8b140a8f8
5,normal_variation,omni_k8s_throughput,1.0,0.0,0.0,0.0,0.0,0.0,1.0,0.0,0.0,5.0,1,97.55496547913273,24.294268921857014,112.66666666666663,35.41666666666666,0,1,0,0,0,10,72,4.0,0,4,0.0,0.35,0.35675933768084533,0,0,0,ada51e46e7ad2a9f
6,normal_variation,k8s_ref_70,1.0,0.0,0.0,0.0,0.0,0.0,1.0,0.0,0.0,5.0,1,153.8723900129573,28.298038651565747,120.00000000000013,41.0,0,2,0,0,0,37,0,0.0,0,0,0.0,0.0,0.5529491148476572,0,0,0,02b26326e788c9bf
6,normal_variation,omni_k8s_observe,1.0,0.0,0.0,0.0,0.0,0.0,1.0,0.0,0.0,5.0,1,153.8723900129573,28.298038651565747,120.00000000000013,41.0,0,2,0,0,0,37,0,0.0,0,0,0.0,0.0,0.5529491148476572,0,0,0,02b26326e788c9bf
6,normal_variation,omni_k8s_throughput,1.0,0.0,0.0,0.0,0.0,0.0,1.0,0.0,0.0,5.0,1,98.76583388184581,23.720469945948892,112.99999999999996,34.00000000000001,0,1,0,0,0,11,72,4.0,0,4,0.0,0.35,0.3578210912003474,0,0,0,ec1bddf37901b9c0
7,normal_variation,k8s_ref_70,1.0,0.0,0.0,0.0,0.0,0.0,1.0,0.0,0.0,5.0,1,154.143273335753,28.535323910570952,120.00000000000013,41.25,0,2,0,0,0,38,0,0.0,0,0,0.0,0.0,0.5348860085984918,0,0,0,061b71ec316ab7bb
7,normal_variation,omni_k8s_observe,1.0,0.0,0.0,0.0,0.0,0.0,1.0,0.0,0.0,5.0,1,154.143273335753,28.535323910570952,120.00000000000013,41.25,0,2,0,0,0,38,0,0.0,0,0,0.0,0.0,0.5348860085984918,0,0,0,061b71ec316ab7bb
7,normal_variation,omni_k8s_throughput,1.0,0.0,0.0,0.0,0.0,0.0,1.0,0.0,0.0,5.0,1,98.984180613488,25.169815265663573,112.99999999999996,34.25,0,1,0,0,0,9,72,4.0,0,4,0.0,0.35,0.347013285354609,0,0,0,091a3a597039dc27
8,normal_variation,k8s_ref_70,1.0,0.0,0.0,0.0,0.0,0.0,1.0,0.0,0.0,5.0,1,152.24190559393705,28.150454949711584,120.00000000000013,42.24999999999999,0,2,0,0,0,37,0,0.0,0,0,0.0,0.0,0.5425987854695569,0,0,0,85a8fbf857a0ca8c
8,normal_variation,omni_k8s_observe,1.0,0.0,0.0,0.0,0.0,0.0,1.0,0.0,0.0,5.0,1,152.24190559393705,28.150454949711584,120.00000000000013,42.24999999999999,0,2,0,0,0,37,0,0.0,0,0,0.0,0.0,0.5425987854695569,0,0,0,85a8fbf857a0ca8c
8,normal_variation,omni_k8s_throughput,1.0,0.0,0.0,0.0,0.0,0.0,1.0,0.0,0.0,5.0,1,97.82426817789019,24.443755719923548,113.33333333333329,35.58333333333333,0,1,0,0,0,10,72,4.0,0,4,0.0,0.35,0.3526419514662963,0,0,0,9018f3a1eb92c1eb
9,normal_variation,k8s_ref_70,1.0,0.0,0.0,0.0,0.0,0.0,1.0,0.0,0.0,5.0,1,149.040016743202,27.240437946140386,120.00000000000013,44.5,0,2,0,0,0,25,0,0.0,0,0,0.0,0.0,0.5171088783268633,0,0,0,46440017af97fb26
9,normal_variation,omni_k8s_observe,1.0,0.0,0.0,0.0,0.0,0.0,1.0,0.0,0.0,5.0,1,149.040016743202,27.240437946140386,120.00000000000013,44.5,0,2,0,0,0,25,0,0.0,0,0,0.0,0.0,0.5171088783268633,0,0,0,46440017af97fb26
9,normal_variation,omni_k8s_throughput,1.0,0.0,0.0,0.0,0.0,0.0,1.0,0.0,0.0,5.0,1,95.53873733021166,24.101021044469167,112.66666666666663,37.16666666666667,0,1,0,0,0,8,72,4.0,0,4,0.0,0.35,0.33628323341981436,0,0,0,27187d101fdda7f6
10,normal_variation,k8s_ref_70,1.0,0.0,0.013888888888888888,0.0,0.0,0.0,0.9861111111111112,0.0,0.0,5.0,1,160.910881854322,30.330836839858762,120.00000000000013,34.750000000000014,1,4,0,0,0,71,0,0.0,0,0,0.0,0.020000000000000018,0.592924898081792,1,1,0,bd30a1df302a1589
10,normal_variation,omni_k8s_observe,1.0,0.0,0.013888888888888888,0.0,0.0,0.0,0.9861111111111112,0.0,0.0,5.0,1,160.910881854322,30.330836839858762,120.00000000000013,34.750000000000014,1,4,0,0,0,71,0,0.0,0,0,0.0,0.020000000000000018,0.592924898081792,1,1,0,bd30a1df302a1589
10,normal_variation,omni_k8s_throughput,1.0,0.0,0.0,0.0,0.0,0.0,1.0,0.0,0.0,5.0,1,104.99932781206175,26.198925141549957,113.33333333333329,28.083333333333353,0,1,0,0,0,15,72,4.0,0,4,0.0,0.35,0.3874797558785758,0,0,0,2ae14f8acc0b6dc8
11,demand_spike,k8s_ref_70,1.0,0.4027777777777778,0.4027777777777778,0.0,0.3472222222222222,0.3055555555555556,0.3472222222222222,228.03318604134813,1684.7399126744197,155.0,1,218.2177977439354,55.47223619364722,200.41666666666683,85.83333333333329,10,2,0,0,0,143,0,23.0,20,3,3.0,0.43856518351932017,0.9842368365301931,28,18,0,6b55ae6c41bc7b61
11,demand_spike,omni_k8s_observe,1.0,0.4027777777777778,0.4027777777777778,0.0,0.3472222222222222,0.3055555555555556,0.3472222222222222,228.03318604134813,1684.7399126744197,155.0,1,218.2177977439354,55.47223619364722,200.41666666666683,85.83333333333329,10,2,0,0,0,143,0,23.0,20,3,3.0,0.43856518351932017,0.9842368365301931,28,18,0,6b55ae6c41bc7b61
11,demand_spike,omni_k8s_throughput,1.0,0.2916666666666667,0.2916666666666667,0.013888888888888888,0.2638888888888889,0.16666666666666666,0.6666666666666666,85.65292694556582,645.5593783341628,40.0,1,171.6942867277406,61.360676899184156,207.91666666666652,94.00000000000004,0,2,0,0,0,74,72,23.0,20,3,3.0,1.3736615892033663,1.0587443939123427,9,0,3,cae3bd0e1d5b263b
12,demand_spike,k8s_ref_70,1.0,0.3333333333333333,0.3333333333333333,0.0,0.3055555555555556,0.16666666666666666,0.625,10.928954931647967,45.28155285562352,45.0,1,185.118487585988,42.2501772738908,134.25000000000003,31.500000000000004,6,2,0,0,0,116,0,9.0,6,3,3.0,0.18295231812044532,0.9654338293359612,11,6,0,449086494277b3a3
12,demand_spike,omni_k8s_observe,1.0,0.3333333333333333,0.3333333333333333,0.0,0.3055555555555556,0.16666666666666666,0.625,10.928954931647967,45.28155285562352,45.0,1,185.118487585988,42.2501772738908,134.25000000000003,31.500000000000004,6,2,0,0,0,116,0,9.0,6,3,3.0,0.18295231812044532,0.9654338293359612,11,6,0,449086494277b3a3
12,demand_spike,omni_k8s_throughput,1.0000000000000002,0.08333333333333333,0.08333333333333333,0.0,0.08333333333333333,0.0,0.8472222222222222,20.17475669574775,85.29823878587493,10.0,1,141.472904998188,44.25,155.41666666666652,49.833333333333314,0,2,0,0,0,69,72,13.0,11,2,2.0,1.4107977183539104,0.8384715051429362,6,0,1,5b1c580b4fada41e
13,demand_spike,k8s_ref_70,1.0,0.1527777777777778,0.1527777777777778,0.0,0.1388888888888889,0.041666666666666664,0.7638888888888888,27.356287007958557,115.3719336376724,55.0,1,186.3008427006059,44.91018375766684,153.25,55.16666666666666,4,2,0,0,0,147,0,12.0,9,3,3.0,0.2068299940653675,0.8877306141825428,9,4,0,c3478959f111d915
13,demand_spike,omni_k8s_observe,1.0,0.1527777777777778,0.1527777777777778,0.0,0.1388888888888889,0.041666666666666664,0.7638888888888888,27.356287007958557,115.3719336376724,55.0,1,186.3008427006059,44.91018375766684,153.25,55.16666666666666,4,2,0,0,0,147,0,12.0,9,3,3.0,0.2068299940653675,0.8877306141825428,9,4,0,c3478959f111d915
13,demand_spike,omni_k8s_throughput,1.0,0.125,0.125,0.0,0.125,0.0,0.8472222222222222,33.74643209583223,64.60476431139608,25.0,1,148.47823639935604,53.447514425808706,189.9166666666666,90.66666666666669,0,2,0,0,0,51,72,19.0,15,4,4.0,1.161380501097257,0.8953426076663298,8,0,1,fdb27f3e49c60fd6
14,demand_spike,k8s_ref_70,1.0,0.3611111111111111,0.3611111111111111,0.0,0.2777777777777778,0.2638888888888889,0.4166666666666667,133.17899831675635,1268.8354461203196,130.0,1,211.13793148072705,52.8896338690164,189.25000000000014,78.41666666666664,9,2,0,0,0,145,0,20.0,17,3,3.0,0.40259200779901516,1.0123704966217892,25,16,0,b9aa4d8bf12c42ad
14,demand_spike,omni_k8s_observe,1.0,0.3611111111111111,0.3611111111111111,0.0,0.2777777777777778,0.2638888888888889,0.4166666666666667,133.17899831675635,1268.8354461203196,130.0,1,211.13793148072705,52.8896338690164,189.25000000000014,78.41666666666664,9,2,0,0,0,145,0,20.0,17,3,3.0,0.40259200779901516,1.0123704966217892,25,16,0,b9aa4d8bf12c42ad
14,demand_spike,omni_k8s_throughput,0.9999999999999998,0.2777777777777778,0.2777777777777778,0.013888888888888888,0.2638888888888889,0.1388888888888889,0.6944444444444444,62.565493526297736,306.8252310212507,30.0,1,166.13693608181453,57.00842733530198,208.5833333333332,97.83333333333337,0,2,0,0,0,72,72,23.0,20,3,3.0,1.1808782370123132,0.9725671029633107,11,0,2,9f240321264cfe76
15,demand_spike,k8s_ref_70,1.0,0.2222222222222222,0.2222222222222222,0.0,0.16666666666666666,0.1388888888888889,0.6944444444444444,32.8671405979899,216.79289361076474,70.0,1,186.70564016838674,47.10226137797821,149.24999999999997,49.16666666666665,7,2,0,0,0,127,0,15.0,12,3,3.0,0.2443663700064529,0.9847273278174389,15,7,0,7d64d7a6cbd6a039
15,demand_spike,omni_k8s_observe,1.0,0.2222222222222222,0.2222222222222222,0.0,0.16666666666666666,0.1388888888888889,0.6944444444444444,32.8671405979899,216.79289361076474,70.0,1,186.70564016838674,47.10226137797821,149.24999999999997,49.16666666666665,7,2,0,0,0,127,0,15.0,12,3,3.0,0.2443663700064529,0.9847273278174389,15,7,0,7d64d7a6cbd6a039
15,demand_spike,omni_k8s_throughput,1.0,0.1527777777777778,0.1527777777777778,0.0,0.1527777777777778,0.0,0.8194444444444444,28.986879815792502,109.51555193676138,30.0,1,139.73053031845123,47.79,161.3333333333332,60.74999999999997,0,2,0,0,0,55,72,16.0,14,2,2.0,1.3347759712186438,0.964164742137019,7,0,1,089aa49682eb2548
16,demand_spike,k8s_ref_70,1.0000000000000002,0.3611111111111111,0.375,0.0,0.3055555555555556,0.18055555555555555,0.5277777777777778,8.91724455768724,55.78033058784389,75.0,1,196.78896548938437,44.48096925269679,144.08333333333331,34.25,11,4,0,0,0,164,0,11.0,9,2,2.0,0.21677938328452817,0.9505151156825317,19,11,0,69011c21de44f58d
16,demand_spike,omni_k8s_observe,1.0000000000000002,0.3611111111111111,0.375,0.0,0.3055555555555556,0.18055555555555555,0.5277777777777778,8.91724455768724,55.78033058784389,75.0,1,196.78896548938437,44.48096925269679,144.08333333333331,34.25,11,4,0,0,0,164,0,11.0,9,2,2.0,0.21677938328452817,0.9505151156825317,19,11,0,69011c21de44f58d
16,demand_spike,omni_k8s_throughput,1.0000000000000002,0.1527777777777778,0.1527777777777778,0.0,0.1527777777777778,0.0,0.8055555555555556,12.734808370113942,34.73111690657338,25.0,1,151.36793861256936,42.48,160.5000000000001,47.99999999999999,0,2,0,0,0,79,72,14.0,12,2,2.0,1.330744091816905,0.8912269748634881,7,0,0,6cd334bad3997be2
17,demand_spike,k8s_ref_70,1.0,0.25,0.2638888888888889,0.0,0.20833333333333334,0.16666666666666666,0.6111111111111112,96.53753188422073,936.2603992534168,100.0,1,199.44524126489614,52.208648830143765,157.33333333333323,48.500000000000014,9,2,0,0,0,160,0,20.0,16,4,4.0,0.30971440334807343,0.913135985781269,21,13,0,92651e3dd5e1bae4
17,demand_spike,omni_k8s_observe,1.0,0.25,0.2638888888888889,0.0,0.20833333333333334,0.16666666666666666,0.6111111111111112,96.53753188422073,936.2603992534168,100.0,1,199.44524126489614,52.208648830143765,157.33333333333323,48.500000000000014,9,2,0,0,0,160,0,20.0,16,4,4.0,0.30971440334807343,0.913135985781269,21,13,0,92651e3dd5e1bae4
17,demand_spike,omni_k8s_throughput,1.0,0.1388888888888889,0.1388888888888889,0.0,0.1388888888888889,0.027777777777777776,0.8055555555555556,45.17342543862199,64.64517862313875,35.0,1,150.66708366666452,54.95755485763952,163.08333333333343,54.41666666666666,0,2,0,0,0,57,72,17.0,15,2,2.0,1.1551355654224684,0.98835243843936,7,0,2,e4b261c19b39c175
18,demand_spike,k8s_ref_70,1.0,0.4305555555555556,0.5277777777777778,0.06944444444444445,0.4305555555555556,0.3611111111111111,0.2777777777777778,317.8789009473267,2452.3875198518135,360,0,221.0360008033312,60.16712632426665,171.83333333333343,47.66666666666668,16,2,0,1,1,179,0,23.0,20,3,3.0,0.5756925004309533,0.8667652098398839,33,23,0,f25a912d287cd88a
18,demand_spike,omni_k8s_observe,1.0,0.4305555555555556,0.5277777777777778,0.06944444444444445,0.4305555555555556,0.3611111111111111,0.2777777777777778,317.8789009473267,2452.3875198518135,360,0,221.0360008033312,60.16712632426665,171.83333333333343,47.66666666666668,16,2,0,1,1,179,0,23.0,20,3,3.0,0.5756925004309533,0.8667652098398839,33,23,0,f25a912d287cd88a
18,demand_spike,omni_k8s_throughput,0.9999999999999998,0.19444444444444445,0.19444444444444445,0.0,0.16666666666666666,0.08333333333333333,0.7361111111111112,19.727621977671628,47.40267905157766,50.0,1,174.2397453746751,58.183912476168466,191.66666666666663,66.16666666666666,0,2,0,0,0,75,72,21.0,19,2,2.0,1.2307385699033757,0.9914054539409366,9,0,1,af8e7f6e776d7845
19,demand_spike,k8s_ref_70,1.0,0.2777777777777778,0.3333333333333333,0.0,0.25,0.2222222222222222,0.5277777777777778,50.91477954138025,497.09393011019716,115.0,1,205.65497693600125,49.53101269634191,155.66666666666669,40.24999999999999,11,2,0,0,0,171,0,17.0,14,3,3.0,0.3582011844087406,0.9168724681004667,19,11,0,dee2584db3df85a6
19,demand_spike,omni_k8s_observe,1.0,0.2777777777777778,0.3333333333333333,0.0,0.25,0.2222222222222222,0.5277777777777778,50.91477954138025,497.09393011019716,115.0,1,205.65497693600125,49.53101269634191,155.66666666666669,40.24999999999999,11,2,0,0,0,171,0,17.0,14,3,3.0,0.3582011844087406,0.9168724681004667,19,11,0,dee2584db3df85a6
19,demand_spike,omni_k8s_throughput,1.0,0.16666666666666666,0.16666666666666666,0.0,0.1527777777777778,0.05555555555555555,0.7916666666666666,20.576961652679078,120.5666058183435,40.0,1,159.38618334176894,49.559999999999995,175.24999999999997,58.99999999999999,0,2,0,0,0,68,72,18.0,16,2,2.0,1.3477019723203005,0.9896532996694678,9,0,1,15be940062a0681e
20,demand_spike,k8s_ref_70,1.0000000000000002,0.2361111111111111,0.2361111111111111,0.0,0.19444444444444445,0.1527777777777778,0.6944444444444444,36.775678688583255,242.436751890106,60.0,1,190.64582715669798,45.673371118126404,150.66666666666666,47.66666666666666,5,2,0,0,0,138,0,12.0,9,3,3.0,0.2655020284985059,0.9895418961854688,10,5,0,3d93bea2a8b8d958
20,demand_spike,omni_k8s_observe,1.0000000000000002,0.2361111111111111,0.2361111111111111,0.0,0.19444444444444445,0.1527777777777778,0.6944444444444444,36.775678688583255,242.436751890106,60.0,1,190.64582715669798,45.673371118126404,150.66666666666666,47.66666666666666,5,2,0,0,0,138,0,12.0,9,3,3.0,0.2655020284985059,0.9895418961854688,10,5,0,3d93bea2a8b8d958
20,demand_spike,omni_k8s_throughput,1.0,0.1388888888888889,0.1388888888888889,0.0,0.1388888888888889,0.0,0.7916666666666666,33.015093498236226,74.54493926238993,25.0,1,147.73238720942658,50.68158252871615,176.74999999999991,73.49999999999997,0,2,0,0,0,60,72,17.0,14,3,3.0,1.2230481128533617,0.8891776485882902,8,0,1,e516f3b5a089f15e
21,demand_spike,k8s_ref_70,1.0,0.1111111111111111,0.125,0.0,0.1111111111111111,0.0,0.875,7.35057456592466,0.0,20.0,1,158.35323742462944,37.392077888,122.16666666666684,38.416666666666664,5,3,0,0,0,74,0,4.0,2,2,2.0,0.115488998902604,0.787844872051575,6,5,0,3987354bcef38493
21,demand_spike,omni_k8s_observe,1.0,0.1111111111111111,0.125,0.0,0.1111111111111111,0.0,0.875,7.35057456592466,0.0,20.0,1,158.35323742462944,37.392077888,122.16666666666684,38.416666666666664,5,3,0,0,0,74,0,4.0,2,2,2.0,0.115488998902604,0.787844872051575,6,5,0,3987354bcef38493
21,demand_spike,omni_k8s_throughput,1.0,0.027777777777777776,0.027777777777777776,0.0,0.027777777777777776,0.0,0.9722222222222222,12.568942227180116,0.0,5.0,1,111.30566542494594,40.71,126.6666666666666,42.416666666666664,0,2,0,0,0,29,72,7.0,3,4,3.0,1.0499999999999998,0.6634120238249062,1,0,1,86be9efbc12e9a2b
22,demand_spike,k8s_ref_70,1.0000000000000004,0.4027777777777778,0.4305555555555556,0.2222222222222222,0.375,0.3472222222222222,0.375,787.183698133372,3897.6104143688917,360,0,222.86739354830593,63.041320909032606,180.33333333333343,53.08333333333332,11,2,0,5,2,170,0,23.0,20,3,3.0,0.8156623560814527,0.9475634471154379,29,19,0,f7a0f32c2ad6e25f
22,demand_spike,omni_k8s_observe,1.0000000000000004,0.4027777777777778,0.4305555555555556,0.2222222222222222,0.375,0.3472222222222222,0.375,787.183698133372,3897.6104143688917,360,0,222.86739354830593,63.041320909032606,180.33333333333343,53.08333333333332,11,2,0,5,2,170,0,23.0,20,3,3.0,0.8156623560814527,0.9475634471154379,29,19,0,f7a0f32c2ad6e25f
22,demand_spike,omni_k8s_throughput,1.0,0.2916666666666667,0.2916666666666667,0.041666666666666664,0.2361111111111111,0.18055555555555555,0.6805555555555556,222.2224221479653,2084.3551658914835,45.0,1,186.46814713092274,67.1357763976052,183.9999999999999,61.16666666666668,0,2,0,0,0,70,72,22.0,20,2,2.0,1.2141484158577072,1.1799724762484485,9,0,8,357406b3d74629ff
23,demand_spike,k8s_ref_70,0.9999999999999996,0.6111111111111112,0.7222222222222222,0.125,0.6111111111111112,0.5416666666666666,0.1527777777777778,492.5801238595629,3968.8505705226366,360,0,228.52421940131882,55.08289033961981,189.66666666666663,65.41666666666666,17,2,0,3,1,179,0,21.0,20,1,1.0,0.4636531312921839,0.8526967576543156,35,25,0,a450e57147197eeb
23,demand_spike,omni_k8s_observe,0.9999999999999996,0.6111111111111112,0.7222222222222222,0.125,0.6111111111111112,0.5416666666666666,0.1527777777777778,492.5801238595629,3968.8505705226366,360,0,228.52421940131882,55.08289033961981,189.66666666666663,65.41666666666666,17,2,0,3,1,179,0,21.0,20,1,1.0,0.4636531312921839,0.8526967576543156,35,25,0,a450e57147197eeb
23,demand_spike,omni_k8s_throughput,1.0,0.1527777777777778,0.1527777777777778,0.0,0.1388888888888889,0.05555555555555555,0.7638888888888888,50.15740166301404,195.45278503338358,45.0,1,178.77674177295816,60.5839809771065,202.91666666666654,77.41666666666667,0,2,0,0,0,81,72,22.0,20,2,2.0,1.2374437485445307,0.9394353950433312,9,0,1,0b57586dfdd0c27c
24,demand_spike,k8s_ref_70,0.9999999999999998,0.6111111111111112,0.6111111111111112,0.25,0.6111111111111112,0.4305555555555556,0.1527777777777778,938.6108992493741,3877.0414659451003,360,0,231.7243055525664,63.37796611445895,207.83333333333312,82.08333333333331,10,2,0,6,2,165,0,22.0,20,2,2.0,0.7645317954036114,0.9553342459309524,28,18,0,b2533f456ff73dc5
24,demand_spike,omni_k8s_observe,0.9999999999999998,0.6111111111111112,0.6111111111111112,0.25,0.6111111111111112,0.4305555555555556,0.1527777777777778,938.6108992493741,3877.0414659451003,360,0,231.7243055525664,63.37796611445895,207.83333333333312,82.08333333333331,10,2,0,6,2,165,0,22.0,20,2,2.0,0.7645317954036114,0.9553342459309524,28,18,0,b2533f456ff73dc5
24,demand_spike,omni_k8s_throughput,1.0,0.3055555555555556,0.3055555555555556,0.041666666666666664,0.25,0.18055555555555555,0.6666666666666666,226.78789456275393,2072.8790049873173,45.0,1,190.55784799401417,65.80530061767448,212.9999999999999,89.8333333333333,0,2,0,0,0,79,72,23.0,20,3,3.0,1.2599353577960704,1.124707195754508,9,0,7,85e0a37dd183f40e
25,node_rack_failure,k8s_ref_70,1.0,0.0,0.027777777777777776,0.0,0.0,0.0,0.9722222222222222,0.0,0.0,5.0,1,162.9451779974592,33.082392564168266,120.00000000000013,35.33333333333333,2,1,0,0,0,83,0,0.0,0,0,0.0,0.06490005970535351,0.6381810487411569,2,2,0,e9be69b345a778c1
25,node_rack_failure,omni_k8s_observe,1.0,0.0,0.027777777777777776,0.0,0.0,0.0,0.9722222222222222,0.0,0.0,5.0,1,162.9451779974592,33.082392564168266,120.00000000000013,35.33333333333333,2,1,0,0,0,83,0,0.0,0,0,0.0,0.06490005970535351,0.6381810487411569,2,2,0,e9be69b345a778c1
25,node_rack_failure,omni_k8s_throughput,1.0,0.0,0.0,0.0,0.0,0.0,1.0,0.35202462370621235,0.0,5.0,1,109.66006310990721,25.644095696040292,123.75000000000003,39.0,0,2,0,0,0,28,72,6.0,2,4,2.0,0.3883049964016537,0.43066980592777093,0,0,0,5cf2ad7ff29f576d
26,node_rack_failure,k8s_ref_70,1.0,0.0,0.0,0.0,0.0,0.0,1.0,0.0,0.0,5.0,1,136.86847393825616,27.552315412454224,120.00000000000013,55.33333333333333,0,2,0,0,0,7,0,0.0,0,0,0.0,0.0,0.5300355225351572,0,0,0,9cd2f31ce252f603
26,node_rack_failure,omni_k8s_observe,1.0,0.0,0.0,0.0,0.0,0.0,1.0,0.0,0.0,5.0,1,136.86847393825616,27.552315412454224,120.00000000000013,55.33333333333333,0,2,0,0,0,7,0,0.0,0,0,0.0,0.0,0.5300355225351572,0,0,0,9cd2f31ce252f603
26,node_rack_failure,omni_k8s_throughput,1.0,0.0,0.0,0.0,0.0,0.0,1.0,0.0,0.0,5.0,1,87.56111063092537,21.83391672201843,112.66666666666663,48.0,0,1,0,0,0,9,72,4.0,0,4,0.0,0.35,0.34850875827220873,0,0,0,d7a8a5127426327c
27,node_rack_failure,k8s_ref_70,1.0,0.0,0.06944444444444445,0.0,0.0,0.0,0.9305555555555556,0.0,0.0,20.0,1,166.63947152215525,34.31952118556941,120.00000000000013,34.75000000000001,5,1,0,0,0,108,0,0.0,0,0,0.0,0.1728334737024757,0.7198337154175667,5,5,0,cf323b589bb51d58
27,node_rack_failure,omni_k8s_observe,1.0,0.0,0.06944444444444445,0.0,0.0,0.0,0.9305555555555556,0.0,0.0,20.0,1,166.63947152215525,34.31952118556941,120.00000000000013,34.75000000000001,5,1,0,0,0,108,0,0.0,0,0,0.0,0.1728334737024757,0.7198337154175667,5,5,0,cf323b589bb51d58
27,node_rack_failure,omni_k8s_throughput,1.0,0.0,0.0,0.0,0.0,0.0,1.0,1.8860413338580442,0.0,5.0,1,113.93135669719108,25.842982373849104,124.08333333333334,38.75,0,2,0,0,0,29,72,6.0,2,4,2.0,0.44353423092610333,0.5185561871819822,0,0,0,822f986b8fe5c09f
28,node_rack_failure,k8s_ref_70,1.0,0.0,0.013888888888888888,0.0,0.0,0.0,0.9861111111111112,0.0,0.0,5.0,1,149.53862413605856,32.08623509758733,117.58333333333319,48.75,1,2,0,0,0,62,0,1.0,0,1,0.0,0.05055824301584955,0.7305249407020274,1,1,0,4e886b97c260752a
28,node_rack_failure,omni_k8s_observe,1.0,0.0,0.013888888888888888,0.0,0.0,0.0,0.9861111111111112,0.0,0.0,5.0,1,149.53862413605856,32.08623509758733,117.58333333333319,48.75,1,2,0,0,0,62,0,1.0,0,1,0.0,0.05055824301584955,0.7305249407020274,1,1,0,4e886b97c260752a
28,node_rack_failure,omni_k8s_throughput,0.9995256336207583,0.013888888888888888,0.013888888888888888,0.0,0.013888888888888888,0.0,0.9861111111111112,3.369514475645466,0.0,5.0,1,100.96584047071183,36.35117154319552,122.75000000000003,53.750000000000014,0,4,0,0,0,17,72,7.0,3,4,3.0,1.0796518412668505,0.47694780498008477,0,0,0,29b10c23ec61a000
29,node_rack_failure,k8s_ref_70,1.0,0.2222222222222222,0.2222222222222222,0.0,0.2222222222222222,0.0,0.7638888888888888,1.154504615832271,0.0,25.0,1,172.53043223818563,35.430443999999994,129.0833333333332,43.41666666666669,5,2,0,0,0,123,0,2.0,2,0,0.0,0.07417221591789369,0.7609224222928489,7,5,0,40c5bf4fe5ba7695
29,node_rack_failure,omni_k8s_observe,1.0,0.2222222222222222,0.2222222222222222,0.0,0.2222222222222222,0.0,0.7638888888888888,1.154504615832271,0.0,25.0,1,172.53043223818563,35.430443999999994,129.0833333333332,43.41666666666669,5,2,0,0,0,123,0,2.0,2,0,0.0,0.07417221591789369,0.7609224222928489,7,5,0,40c5bf4fe5ba7695
29,node_rack_failure,omni_k8s_throughput,1.0,0.013888888888888888,0.013888888888888888,0.0,0.013888888888888888,0.0,0.9861111111111112,5.559049464061565,10.128201385091096,5.0,1,123.6847757597152,38.94,142.66666666666663,56.99999999999997,0,2,0,0,0,40,72,10.0,6,4,4.0,1.1981485281241797,0.6029946719418459,0,0,0,f015c6b23ea262de
30,node_rack_failure,k8s_ref_70,0.9999999999999999,0.013888888888888888,0.08333333333333333,0.0,0.013888888888888888,0.0,0.8333333333333334,0.4710381955435423,0.0,20.0,1,166.18730049030748,35.0281480085351,125.0,45.000000000000014,5,2,0,0,0,96,0,1.0,1,0,0.0,0.1622564648920497,0.7554489776160878,6,5,0,6ea527808b9fc855
30,node_rack_failure,omni_k8s_observe,0.9999999999999999,0.013888888888888888,0.08333333333333333,0.0,0.013888888888888888,0.0,0.8333333333333334,0.4710381955435423,0.0,20.0,1,166.18730049030748,35.0281480085351,125.0,45.000000000000014,5,2,0,0,0,96,0,1.0,1,0,0.0,0.1622564648920497,0.7554489776160878,6,5,0,6ea527808b9fc855
30,node_rack_failure,omni_k8s_throughput,0.9999999999999999,0.013888888888888888,0.013888888888888888,0.0,0.013888888888888888,0.0,0.9861111111111112,3.7846417349375656,0.0,5.0,1,113.00155686038353,38.94,129.16666666666666,49.08333333333332,0,2,0,0,0,27,72,7.0,3,4,3.0,1.0707284551531364,0.5124096561433599,0,0,0,3c3f3847aba5cc04
31,node_rack_failure,k8s_ref_70,1.0,0.0,0.0,0.0,0.0,0.0,1.0,0.0,0.0,5.0,1,142.48364770558365,29.501604996545616,120.00000000000013,51.333333333333364,0,2,0,0,0,22,0,0.0,0,0,0.0,0.020000000000000018,0.6129242222413008,0,0,0,0eeecab7001b6276
31,node_rack_failure,omni_k8s_observe,1.0,0.0,0.0,0.0,0.0,0.0,1.0,0.0,0.0,5.0,1,142.48364770558365,29.501604996545616,120.00000000000013,51.333333333333364,0,2,0,0,0,22,0,0.0,0,0,0.0,0.020000000000000018,0.6129242222413008,0,0,0,0eeecab7001b6276
31,node_rack_failure,omni_k8s_throughput,1.0,0.0,0.0,0.0,0.0,0.0,1.0,0.443091700254854,0.0,5.0,1,93.69598569307873,22.21669251320045,117.83333333333336,49.083333333333314,0,3,0,0,0,18,72,5.0,1,4,1.0,0.39409485698749513,0.39507901735291157,0,0,0,d234daf7459a2799
32,node_rack_failure,k8s_ref_70,1.0,0.0,0.013888888888888888,0.0,0.0,0.0,0.9861111111111112,0.7798516008851853,0.0,5.0,1,150.7413108177186,33.229215548982246,121.8333333333334,54.500000000000014,1,3,0,0,0,56,0,2.0,1,1,1.0,0.07817101658343062,0.7038751735298849,2,1,0,b76ec87c945b45cf
32,node_rack_failure,omni_k8s_observe,1.0,0.0,0.013888888888888888,0.0,0.0,0.0,0.9861111111111112,0.7798516008851853,0.0,5.0,1,150.7413108177186,33.229215548982246,121.8333333333334,54.500000000000014,1,3,0,0,0,56,0,2.0,1,1,1.0,0.07817101658343062,0.7038751735298849,2,1,0,b76ec87c945b45cf
32,node_rack_failure,omni_k8s_throughput,1.0,0.013888888888888888,0.013888888888888888,0.0,0.013888888888888888,0.0,0.9861111111111112,3.1090182675518525,0.0,5.0,1,100.70507669906185,37.194328846721554,121.91666666666664,54.58333333333336,0,2,0,0,0,16,72,5.0,2,3,2.0,1.0499999999999998,0.4694153612702722,0,0,0,9789abe3076e9de2
33,node_rack_failure,k8s_ref_70,1.0,0.0,0.027777777777777776,0.0,0.0,0.0,0.9722222222222222,0.0,0.0,5.0,1,157.1143989411676,33.153471239033514,120.00000000000013,42.16666666666665,2,2,0,0,0,66,0,0.0,0,0,0.0,0.09610682190584185,0.6968116551393055,2,2,0,e604db9e92c59711
33,node_rack_failure,omni_k8s_observe,1.0,0.0,0.027777777777777776,0.0,0.0,0.0,0.9722222222222222,0.0,0.0,5.0,1,157.1143989411676,33.153471239033514,120.00000000000013,42.16666666666665,2,2,0,0,0,66,0,0.0,0,0,0.0,0.09610682190584185,0.6968116551393055,2,2,0,e604db9e92c59711
33,node_rack_failure,omni_k8s_throughput,1.0,0.0,0.0,0.0,0.0,0.0,1.0,1.3453393151748843,0.0,5.0,1,106.22045624699405,24.07352995030347,118.50000000000003,40.66666666666668,0,2,0,0,0,23,72,5.0,1,4,1.0,0.4601051100018344,0.5209053441242205,0,0,0,e8164f18ea856e4a
34,node_rack_failure,k8s_ref_70,1.0,0.013888888888888888,0.06944444444444445,0.0,0.013888888888888888,0.0,0.7083333333333334,0.0,0.0,20.0,1,171.35132776808948,34.967103573141294,120.00000000000013,33.66666666666667,5,1,0,0,0,112,0,0.0,0,0,0.0,0.1237843091283517,0.7471080408835569,5,5,0,5ef03cdcbc7b1709
34,node_rack_failure,omni_k8s_observe,1.0,0.013888888888888888,0.06944444444444445,0.0,0.013888888888888888,0.0,0.7083333333333334,0.0,0.0,20.0,1,171.35132776808948,34.967103573141294,120.00000000000013,33.66666666666667,5,1,0,0,0,112,0,0.0,0,0,0.0,0.1237843091283517,0.7471080408835569,5,5,0,5ef03cdcbc7b1709
34,node_rack_failure,omni_k8s_throughput,1.0,0.013888888888888888,0.013888888888888888,0.0,0.013888888888888888,0.0,0.9861111111111112,4.406632342787607,0.0,5.0,1,120.00689881762307,38.94,129.24999999999997,42.83333333333331,0,2,0,0,0,27,72,7.0,3,4,3.0,1.1296855814843465,0.5278849848713922,0,0,0,1c3babe46eba742e
35,node_rack_failure,k8s_ref_70,1.0,0.08333333333333333,0.08333333333333333,0.0,0.08333333333333333,0.0,0.9027777777777778,0.10912672417048459,0.0,20.0,1,160.69366879727048,35.58108787450617,124.5,44.00000000000002,4,2,0,0,0,79,0,1.0,1,0,0.0,0.11643110055670647,0.7118947999753321,5,4,0,c0d3d071fc454984
35,node_rack_failure,omni_k8s_observe,1.0,0.08333333333333333,0.08333333333333333,0.0,0.08333333333333333,0.0,0.9027777777777778,0.10912672417048459,0.0,20.0,1,160.69366879727048,35.58108787450617,124.5,44.00000000000002,4,2,0,0,0,79,0,1.0,1,0,0.0,0.11643110055670647,0.7118947999753321,5,4,0,c0d3d071fc454984
35,node_rack_failure,omni_k8s_throughput,1.0,0.013888888888888888,0.013888888888888888,0.0,0.013888888888888888,0.0,0.9861111111111112,3.0429768847397156,0.0,5.0,1,109.38652789028905,38.94,126.58333333333329,46.0,0,2,0,0,0,27,72,7.0,3,4,3.0,1.090685936517322,0.5293170324854835,0,0,0,d53729e94e7a25a3
36,node_rack_failure,k8s_ref_70,1.0,0.013888888888888888,0.06944444444444445,0.0,0.013888888888888888,0.0,0.7916666666666666,0.0,0.0,20.0,1,170.8173282549825,35.37998597569842,120.00000000000013,32.16666666666666,5,3,0,0,0,110,0,0.0,0,0,0.0,0.15815150541358114,0.7403572267608343,5,5,0,ef009c1c7a59840c
36,node_rack_failure,omni_k8s_observe,1.0,0.013888888888888888,0.06944444444444445,0.0,0.013888888888888888,0.0,0.7916666666666666,0.0,0.0,20.0,1,170.8173282549825,35.37998597569842,120.00000000000013,32.16666666666666,5,3,0,0,0,110,0,0.0,0,0,0.0,0.15815150541358114,0.7403572267608343,5,5,0,ef009c1c7a59840c
36,node_rack_failure,omni_k8s_throughput,1.0,0.0,0.0,0.0,0.0,0.0,1.0,2.6311526533474043,0.0,5.0,1,118.13764779017436,26.241412439402044,129.25,41.333333333333336,0,2,0,0,0,35,72,7.0,3,4,3.0,0.5508325181844914,0.5211693353468502,0,0,0,2e7665ec7b9a0f3f
37,telemetry_fault,k8s_ref_70,1.0,0.0,0.0,0.0,0.0,0.0,1.0,0.0,0.0,5.0,1,171.77211235655324,31.931813537679368,120.00000000000013,24.916666666666664,0,1,0,0,0,113,0,0.0,0,0,0.0,0.036891739265201506,0.6051030698482869,0,0,0,6097388a511629a9
37,telemetry_fault,omni_k8s_observe,1.0,0.0,0.0,0.0,0.0,0.0,1.0,0.0,0.0,5.0,1,171.77211235655324,31.931813537679368,120.00000000000013,24.916666666666664,0,1,0,0,0,113,0,0.0,0,0,0.0,0.036891739265201506,0.6051030698482869,0,0,0,6097388a511629a9
37,telemetry_fault,omni_k8s_throughput,1.0,0.0,0.0,0.0,0.0,0.0,1.0,0.0,0.0,5.0,1,113.49409528812585,27.754369914828324,112.99999999999996,17.916666666666668,0,0,0,0,0,21,72,4.0,0,4,0.0,0.3503027266728552,0.3986184935223293,0,0,0,6cd3ba7f642eab5f
38,telemetry_fault,k8s_ref_70,1.0,0.0,0.0,0.0,0.0,0.0,1.0,0.0,0.0,5.0,1,150.04617309218355,27.6986081240913,120.00000000000013,44.083333333333336,0,2,0,0,0,29,0,0.0,0,0,0.0,0.0,0.5379725472667927,0,0,0,55ad7f483769b2ff
38,telemetry_fault,omni_k8s_observe,1.0,0.0,0.0,0.0,0.0,0.0,1.0,0.0,0.0,5.0,1,150.04617309218355,27.6986081240913,120.00000000000013,44.083333333333336,0,2,0,0,0,29,0,0.0,0,0,0.0,0.0,0.5379725472667927,0,0,0,55ad7f483769b2ff
38,telemetry_fault,omni_k8s_throughput,1.0,0.0,0.0,0.0,0.0,0.0,1.0,0.0,0.0,5.0,1,96.20403881160055,24.488444629070983,112.66666666666663,36.74999999999999,0,1,0,0,0,8,72,4.0,0,4,0.0,0.35,0.3490763871000645,0,0,0,1cd6a79b53f467aa
39,telemetry_fault,k8s_ref_70,1.0,0.0,0.0,0.0,0.0,0.0,1.0,0.0,0.0,5.0,1,146.7097072829311,27.560731387731078,120.00000000000013,46.9166666666667,0,2,0,0,0,23,0,0.0,0,0,0.0,0.0,0.536303199631433,0,0,0,5b70bf839173b82b
39,telemetry_fault,omni_k8s_observe,1.0,0.0,0.0,0.0,0.0,0.0,1.0,0.0,0.0,5.0,1,146.7097072829311,27.560731387731078,120.00000000000013,46.9166666666667,0,2,0,0,0,23,0,0.0,0,0,0.0,0.0,0.536303199631433,0,0,0,5b70bf839173b82b
39,telemetry_fault,omni_k8s_throughput,1.0,0.0,0.0,0.0,0.0,0.0,1.0,0.06857173234207418,0.0,5.0,1,94.39322426388763,23.006273911046932,114.08333333333331,41.000000000000014,0,5,0,0,0,14,72,5.0,1,4,1.0,0.36395082070216855,0.3441638512105454,0,0,0,6763435d9f43e475
40,telemetry_fault,k8s_ref_70,1.0,0.0,0.0,0.0,0.0,0.0,1.0,0.0,0.0,5.0,1,146.41448200906478,27.61436385503589,120.00000000000013,46.91666666666668,0,2,0,0,0,22,0,0.0,0,0,0.0,0.0,0.5225042955012915,0,0,0,2ba23d9d24caab24
40,telemetry_fault,omni_k8s_observe,1.0,0.0,0.0,0.0,0.0,0.0,1.0,0.0,0.0,5.0,1,146.41448200906478,27.61436385503589,120.00000000000013,46.91666666666668,0,2,0,0,0,22,0,0.0,0,0,0.0,0.0,0.5225042955012915,0,0,0,2ba23d9d24caab24
40,telemetry_fault,omni_k8s_throughput,1.0,0.0,0.0,0.0,0.0,0.0,1.0,0.0,0.0,5.0,1,93.88722864499259,22.658811626301173,112.99999999999996,39.91666666666666,0,1,0,0,0,7,72,4.0,0,4,0.0,0.35,0.3410773761916548,0,0,0,2c1605bbb60e6b73
41,telemetry_fault,k8s_ref_70,1.0,0.0,0.0,0.0,0.0,0.0,1.0,0.0,0.0,5.0,1,144.80048513138078,26.505714394393117,120.00000000000013,48.1666666666667,0,2,0,0,0,4,0,0.0,0,0,0.0,0.0,0.504792496981111,0,0,0,fc0479ab2abe90db
41,telemetry_fault,omni_k8s_observe,1.0,0.0,0.0,0.0,0.0,0.0,1.0,0.0,0.0,5.0,1,144.80048513138078,26.505714394393117,120.00000000000013,48.1666666666667,0,2,0,0,0,4,0,0.0,0,0,0.0,0.0,0.504792496981111,0,0,0,fc0479ab2abe90db
41,telemetry_fault,omni_k8s_throughput,1.0,0.0,0.0,0.0,0.0,0.0,1.0,0.0,0.0,5.0,1,92.7874426056111,23.978871510689153,112.66666666666663,40.833333333333336,0,2,0,0,0,11,72,4.0,0,4,0.0,0.35779519493790246,0.3268318279371815,0,0,0,4f7ad3f38d121242
42,telemetry_fault,k8s_ref_70,1.0,0.0,0.0,0.0,0.0,0.0,1.0,0.0,0.0,5.0,1,148.50387662516877,27.372777827998032,120.00000000000013,45.41666666666667,0,2,0,0,0,18,0,0.0,0,0,0.0,0.0,0.516280997273997,0,0,0,cc956488177f2374
42,telemetry_fault,omni_k8s_observe,1.0,0.0,0.0,0.0,0.0,0.0,1.0,0.0,0.0,5.0,1,148.50387662516877,27.372777827998032,120.00000000000013,45.41666666666667,0,2,0,0,0,18,0,0.0,0,0,0.0,0.0,0.516280997273997,0,0,0,cc956488177f2374
42,telemetry_fault,omni_k8s_throughput,0.9999587364445509,0.0,0.0,0.0,0.0,0.0,1.0,0.04927724672022135,0.0,5.0,1,95.18843963069725,24.12616086510477,112.74999999999997,38.16666666666666,0,5,0,0,0,14,72,5.0,1,4,1.0,0.3560870401559063,0.33321481619774884,0,0,0,14bde7192bd12d1a
43,telemetry_fault,k8s_ref_70,1.0,0.0,0.0,0.0,0.0,0.0,1.0,0.0,0.0,5.0,1,158.6207495862513,30.13026532795306,120.00000000000013,35.583333333333336,0,2,0,0,0,61,0,0.0,0,0,0.0,0.020000000000000018,0.5788732704454703,0,0,0,285d2509b04c9fbe
43,telemetry_fault,omni_k8s_observe,1.0,0.0,0.0,0.0,0.0,0.0,1.0,0.0,0.0,5.0,1,158.6207495862513,30.13026532795306,120.00000000000013,35.583333333333336,0,2,0,0,0,61,0,0.0,0,0,0.0,0.020000000000000018,0.5788732704454703,0,0,0,285d2509b04c9fbe
43,telemetry_fault,omni_k8s_throughput,1.0,0.0,0.0,0.0,0.0,0.0,1.0,0.0,0.0,5.0,1,103.4290585691028,25.180812586001785,113.66666666666661,29.25000000000001,0,2,0,0,0,14,72,4.0,0,4,0.0,0.35,0.37788997067234054,0,0,0,c8bd687d2c46be83
44,telemetry_fault,k8s_ref_70,1.0,0.0,0.0,0.0,0.0,0.0,1.0,0.0,0.0,5.0,1,157.08046697366862,29.57631263029378,120.00000000000013,37.24999999999998,0,2,0,0,0,49,0,0.0,0,0,0.0,0.020000000000000018,0.5624321087506292,0,0,0,73a827b0519f537e
44,telemetry_fault,omni_k8s_observe,1.0,0.0,0.0,0.0,0.0,0.0,1.0,0.0,0.0,5.0,1,157.08046697366862,29.57631263029378,120.00000000000013,37.24999999999998,0,2,0,0,0,49,0,0.0,0,0,0.0,0.020000000000000018,0.5624321087506292,0,0,0,73a827b0519f537e
44,telemetry_fault,omni_k8s_throughput,1.0,0.0,0.0,0.0,0.0,0.0,1.0,0.0,0.0,5.0,1,102.21505641692802,24.948245057262625,113.33333333333329,30.583333333333336,0,1,0,0,0,15,72,4.0,0,4,0.0,0.35,0.3652109314630829,0,0,0,0d52fbff240de4a9
45,telemetry_fault,k8s_ref_70,1.0,0.0,0.0,0.0,0.0,0.0,1.0,0.0,0.0,5.0,1,162.3677111561905,30.227402937349396,120.00000000000013,33.58333333333336,0,1,0,0,0,77,0,0.0,0,0,0.0,0.020000000000000018,0.5856078763014618,0,0,0,d3aa310163615077
45,telemetry_fault,omni_k8s_observe,1.0,0.0,0.0,0.0,0.0,0.0,1.0,0.0,0.0,5.0,1,162.3677111561905,30.227402937349396,120.00000000000013,33.58333333333336,0,1,0,0,0,77,0,0.0,0,0,0.0,0.020000000000000018,0.5856078763014618,0,0,0,d3aa310163615077
45,telemetry_fault,omni_k8s_throughput,1.0,0.0,0.0,0.0,0.0,0.0,1.0,0.0,0.0,5.0,1,106.62206746496493,26.91202644329159,113.33333333333329,26.916666666666675,0,1,0,0,0,13,72,4.0,0,4,0.0,0.35,0.38359865280662253,0,0,0,2c96ac217a6d1ffe
46,telemetry_fault,k8s_ref_70,1.0,0.0,0.0,0.0,0.0,0.0,1.0,0.0,0.0,5.0,1,151.77584308409521,28.265093411794158,120.00000000000013,42.75,0,2,0,0,0,34,0,0.0,0,0,0.0,0.0,0.5528302620637415,0,0,0,a1e332ec8617d4d8
46,telemetry_fault,omni_k8s_observe,1.0,0.0,0.0,0.0,0.0,0.0,1.0,0.0,0.0,5.0,1,151.77584308409521,28.265093411794158,120.00000000000013,42.75,0,2,0,0,0,34,0,0.0,0,0,0.0,0.0,0.5528302620637415,0,0,0,a1e332ec8617d4d8
46,telemetry_fault,omni_k8s_throughput,1.0,0.0,0.0,0.0,0.0,0.0,1.0,0.0,0.0,5.0,1,97.41117591882552,23.998099914181417,112.99999999999996,35.74999999999999,0,1,0,0,0,8,72,4.0,0,4,0.0,0.35,0.35903335053992985,0,0,0,35925a06075de405
47,telemetry_fault,k8s_ref_70,1.0,0.0,0.0,0.0,0.0,0.0,1.0,0.0,0.0,5.0,1,152.45011272004186,27.717678584232385,120.00000000000013,42.75,0,2,0,0,0,37,0,0.0,0,0,0.0,0.0,0.5389938456951606,0,0,0,8451edc0075da1ce
47,telemetry_fault,omni_k8s_observe,1.0,0.0,0.0,0.0,0.0,0.0,1.0,0.0,0.0,5.0,1,152.45011272004186,27.717678584232385,120.00000000000013,42.75,0,2,0,0,0,37,0,0.0,0,0,0.0,0.0,0.5389938456951606,0,0,0,8451edc0075da1ce
47,telemetry_fault,omni_k8s_throughput,1.0,0.0,0.0,0.0,0.0,0.0,1.0,0.0,0.0,5.0,1,97.74408290661447,23.716444751564396,112.66666666666663,35.416666666666664,0,1,0,0,0,10,72,4.0,0,4,0.0,0.35,0.35240161448637475,0,0,0,ac2daac812cc05a6
48,telemetry_fault,k8s_ref_70,1.0,0.0,0.0,0.0,0.0,0.0,1.0,0.0,0.0,5.0,1,165.84202496706862,31.190281673497292,120.00000000000013,30.333333333333332,0,1,0,0,0,88,0,0.0,0,0,0.0,0.020000000000000018,0.5871560013320041,0,0,0,47ea96ecaf4959b9
48,telemetry_fault,omni_k8s_observe,1.0,0.0,0.0,0.0,0.0,0.0,1.0,0.0,0.0,5.0,1,165.84202496706862,31.190281673497292,120.00000000000013,30.333333333333332,0,1,0,0,0,88,0,0.0,0,0,0.0,0.020000000000000018,0.5871560013320041,0,0,0,47ea96ecaf4959b9
48,telemetry_fault,omni_k8s_throughput,1.0,0.0,0.0,0.0,0.0,0.0,1.0,1.6970924968513512,0.0,5.0,1,110.34241338059033,26.429425070771376,119.58333333333334,29.833333333333332,0,2,0,0,0,14,72,5.0,1,4,1.0,0.4808987705696469,0.3898808792473576,0,0,0,cb99c90c05c3077f
49,kubernetes_terraform_conflict,k8s_ref_70,1.0,0.20833333333333334,0.2222222222222222,0.0,0.16666666666666666,0.125,0.7083333333333334,82.36425810726789,897.9768445127686,60.0,1,183.19285862193152,50.47153883209866,166.3333333333334,73.58333333333334,23,3,0,0,0,158,0,17.0,14,3,3.0,0.3170607957620075,0.9905220983388969,20,13,0,b62885f877a75d76
49,kubernetes_terraform_conflict,omni_k8s_observe,1.0,0.20833333333333334,0.2222222222222222,0.0,0.16666666666666666,0.125,0.7083333333333334,82.36425810726789,897.9768445127686,60.0,1,183.19285862193152,50.47153883209866,166.3333333333334,73.58333333333334,23,3,0,0,0,158,0,17.0,14,3,3.0,0.3170607957620075,0.9905220983388969,20,13,0,b62885f877a75d76
49,kubernetes_terraform_conflict,omni_k8s_throughput,1.0,0.18055555555555555,0.18055555555555555,0.013888888888888888,0.16666666666666666,0.041666666666666664,0.7916666666666666,54.07732465402578,246.38467152255154,30.0,1,141.13811959516786,54.36169871782387,177.7500000000001,85.16666666666666,0,2,0,0,0,66,72,19.0,16,3,3.0,1.1105803213759167,1.0093503978964633,9,0,2,50c77cbbb251aeb9
50,kubernetes_terraform_conflict,k8s_ref_70,1.0,0.1527777777777778,0.16666666666666666,0.0,0.1527777777777778,0.0,0.8194444444444444,6.651914602314687,0.0,25.0,1,153.65258711490588,38.078252608,119.3333333333332,37.99999999999999,17,3,0,0,0,93,0,5.0,2,3,2.0,0.13365854280803746,0.8546192698981467,7,6,0,a4c84f058ecf2cd2
50,kubernetes_terraform_conflict,omni_k8s_observe,1.0,0.1527777777777778,0.16666666666666666,0.0,0.1527777777777778,0.0,0.8194444444444444,6.651914602314687,0.0,25.0,1,153.65258711490588,38.078252608,119.3333333333332,37.99999999999999,17,3,0,0,0,93,0,5.0,2,3,2.0,0.13365854280803746,0.8546192698981467,7,6,0,a4c84f058ecf2cd2
50,kubernetes_terraform_conflict,omni_k8s_throughput,1.0,0.027777777777777776,0.027777777777777776,0.0,0.027777777777777776,0.0,0.9722222222222222,13.962831976559366,0.0,20.0,1,112.99013287689215,44.25,134.83333333333334,52.666666666666664,0,2,0,0,0,45,72,9.0,5,4,4.0,1.6793352748789634,0.7676142692107331,0,0,1,d6e9e869bdedefa9
51,kubernetes_terraform_conflict,k8s_ref_70,1.0,0.09722222222222222,0.09722222222222222,0.0,0.09722222222222222,0.0,0.9027777777777778,0.7614499823451253,0.0,20.0,1,156.46760684152656,35.61593614305888,123.24999999999997,41.916666666666686,11,2,0,0,0,79,0,1.0,1,0,0.0,0.093859880306014,0.7392395235998053,5,4,0,85cad1c537f471d7
51,kubernetes_terraform_conflict,omni_k8s_observe,1.0,0.09722222222222222,0.09722222222222222,0.0,0.09722222222222222,0.0,0.9027777777777778,0.7614499823451253,0.0,20.0,1,156.46760684152656,35.61593614305888,123.24999999999997,41.916666666666686,11,2,0,0,0,79,0,1.0,1,0,0.0,0.093859880306014,0.7392395235998053,5,4,0,85cad1c537f471d7
51,kubernetes_terraform_conflict,omni_k8s_throughput,1.0,0.013888888888888888,0.013888888888888888,0.0,0.013888888888888888,0.0,0.9861111111111112,6.051828546037023,0.0,5.0,1,107.11204499090822,38.94,122.49999999999997,40.74999999999999,0,2,0,0,0,20,72,5.0,2,3,2.0,1.0499999999999998,0.6289160268773041,0,0,0,29f238ae5c62e587
52,kubernetes_terraform_conflict,k8s_ref_70,1.0,0.1527777777777778,0.16666666666666666,0.0,0.1527777777777778,0.0,0.8194444444444444,5.781924276780292,0.0,25.0,1,154.59309811795694,37.666547776,122.41666666666686,41.9166666666667,19,3,0,0,0,93,0,4.0,2,2,2.0,0.13073894612869608,0.8547470463228731,8,7,0,f97e2a6cfac7c620
52,kubernetes_terraform_conflict,omni_k8s_observe,1.0,0.1527777777777778,0.16666666666666666,0.0,0.1527777777777778,0.0,0.8194444444444444,5.781924276780292,0.0,25.0,1,154.59309811795694,37.666547776,122.41666666666686,41.9166666666667,19,3,0,0,0,93,0,4.0,2,2,2.0,0.13073894612869608,0.8547470463228731,8,7,0,f97e2a6cfac7c620
52,kubernetes_terraform_conflict,omni_k8s_throughput,1.0,0.013888888888888888,0.013888888888888888,0.0,0.013888888888888888,0.0,0.9861111111111112,11.566656964157302,8.655588955881681,5.0,1,111.71548159350236,38.94,134.66666666666669,53.166666666666686,0,2,0,0,0,38,72,8.0,5,3,3.0,1.1318405035564942,0.7173758052156144,0,0,1,66c45fe5ddce2795
53,kubernetes_terraform_conflict,k8s_ref_70,1.0,0.09722222222222222,0.1111111111111111,0.0,0.09722222222222222,0.0,0.8472222222222222,22.671918214698476,0.0,35.0,1,166.46438167028546,42.47714123647807,137.33333333333343,51.08333333333332,14,3,0,0,0,117,0,9.0,6,3,3.0,0.171462530293794,0.8267808387045327,9,6,0,9fad5665415da18b
53,kubernetes_terraform_conflict,omni_k8s_observe,1.0,0.09722222222222222,0.1111111111111111,0.0,0.09722222222222222,0.0,0.8472222222222222,22.671918214698476,0.0,35.0,1,166.46438167028546,42.47714123647807,137.33333333333343,51.08333333333332,14,3,0,0,0,117,0,9.0,6,3,3.0,0.171462530293794,0.8267808387045327,9,6,0,9fad5665415da18b
53,kubernetes_terraform_conflict,omni_k8s_throughput,1.0,0.08333333333333333,0.08333333333333333,0.0,0.08333333333333333,0.0,0.8888888888888888,30.864885425344823,128.49914432271822,20.0,1,128.97818918666556,48.12784775828708,170.83333333333323,83.5,0,2,0,0,0,48,72,16.0,12,4,4.0,1.1981332532133573,0.8241098651212434,5,0,1,c9236b7e155bbf63
54,kubernetes_terraform_conflict,k8s_ref_70,1.0,0.1388888888888889,0.1527777777777778,0.0,0.1388888888888889,0.013888888888888888,0.8055555555555556,19.216433319362878,0.0,35.0,1,158.5647829052335,40.88353308164045,128.66666666666669,45.83333333333334,17,3,0,0,0,97,0,9.0,5,4,4.0,0.15712058556373854,0.9346011772604509,10,7,0,90c3a2bd249b1d0a
54,kubernetes_terraform_conflict,omni_k8s_observe,1.0,0.1388888888888889,0.1527777777777778,0.0,0.1388888888888889,0.013888888888888888,0.8055555555555556,19.216433319362878,0.0,35.0,1,158.5647829052335,40.88353308164045,128.66666666666669,45.83333333333334,17,3,0,0,0,97,0,9.0,5,4,4.0,0.15712058556373854,0.9346011772604509,10,7,0,90c3a2bd249b1d0a
54,kubernetes_terraform_conflict,omni_k8s_throughput,1.0000000000000002,0.08333333333333333,0.08333333333333333,0.0,0.08333333333333333,0.0,0.8611111111111112,24.932664791834465,46.058835198012055,20.0,1,121.65908098141479,47.57306802990389,152.83333333333337,68.8333333333333,0,2,0,0,0,55,72,13.0,10,3,3.0,1.1240967611077568,0.8585046535091899,5,0,1,e6a83687a98fe530
55,kubernetes_terraform_conflict,k8s_ref_70,1.0,0.2361111111111111,0.25,0.0,0.2361111111111111,0.027777777777777776,0.6944444444444444,9.825000102306035,0.0,40.0,1,175.9573328379357,39.73353468800054,136.08333333333343,41.833333333333314,27,3,0,0,0,163,0,5.0,4,1,1.0,0.1341054282808165,0.8881321297545614,12,9,0,262701524dd262ed
55,kubernetes_terraform_conflict,omni_k8s_observe,1.0,0.2361111111111111,0.25,0.0,0.2361111111111111,0.027777777777777776,0.6944444444444444,9.825000102306035,0.0,40.0,1,175.9573328379357,39.73353468800054,136.08333333333343,41.833333333333314,27,3,0,0,0,163,0,5.0,4,1,1.0,0.1341054282808165,0.8881321297545614,12,9,0,262701524dd262ed
55,kubernetes_terraform_conflict,omni_k8s_throughput,1.0,0.041666666666666664,0.041666666666666664,0.0,0.041666666666666664,0.0,0.8888888888888888,19.567914305190115,18.64296401525901,20.0,1,135.9836132760107,42.9521869967736,161.75000000000009,64.33333333333337,0,2,0,0,0,69,72,13.0,10,3,3.0,1.1671222980324525,0.8219414329442221,5,0,1,87c596d6dfda01b0
56,kubernetes_terraform_conflict,k8s_ref_70,1.0,0.2222222222222222,0.2222222222222222,0.1111111111111111,0.16666666666666666,0.1388888888888889,0.6527777777777778,361.4703177795418,2903.7227009690814,95.0,1,194.09771013695718,55.22918363216895,176.16666666666654,78.66666666666669,21,2,0,2,1,164,0,22.0,20,2,2.0,0.25125120142927426,0.8918288340516837,29,19,0,aa1b6446e1a369de
56,kubernetes_terraform_conflict,omni_k8s_observe,1.0,0.2222222222222222,0.2222222222222222,0.1111111111111111,0.16666666666666666,0.1388888888888889,0.6527777777777778,361.4703177795418,2903.7227009690814,95.0,1,194.09771013695718,55.22918363216895,176.16666666666654,78.66666666666669,21,2,0,2,1,164,0,22.0,20,2,2.0,0.25125120142927426,0.8918288340516837,29,19,0,aa1b6446e1a369de
56,kubernetes_terraform_conflict,omni_k8s_throughput,1.0000000000000002,0.16666666666666666,0.16666666666666666,0.013888888888888888,0.1527777777777778,0.041666666666666664,0.8055555555555556,145.2351941337193,1545.1665507164143,40.0,1,145.4710788236342,60.420531548780055,172.8333333333334,76.75000000000003,0,2,0,0,0,58,72,20.0,18,2,2.0,1.0499999999999998,0.9744082762592869,9,0,5,cd26873bd7cffa8c
57,kubernetes_terraform_conflict,k8s_ref_70,1.0,0.5,0.5,0.0,0.4861111111111111,0.2916666666666667,0.2638888888888889,280.0880979747724,1807.5307487983648,200.0,1,220.8339727130148,55.83491251273939,205.3333333333335,89.75000000000001,30,2,0,0,0,201,0,23.0,20,3,3.0,0.36591261448069545,0.9369831700293062,31,21,0,ff907ad53ded0e62
57,kubernetes_terraform_conflict,omni_k8s_observe,1.0,0.5,0.5,0.0,0.4861111111111111,0.2916666666666667,0.2638888888888889,280.0880979747724,1807.5307487983648,200.0,1,220.8339727130148,55.83491251273939,205.3333333333335,89.75000000000001,30,2,0,0,0,201,0,23.0,20,3,3.0,0.36591261448069545,0.9369831700293062,31,21,0,ff907ad53ded0e62
57,kubernetes_terraform_conflict,omni_k8s_throughput,1.0,0.2777777777777778,0.2777777777777778,0.013888888888888888,0.2361111111111111,0.1527777777777778,0.6805555555555556,116.21075414182633,1213.3505392937025,50.0,1,184.42619342336204,66.1826096810619,212.33333333333323,98.91666666666664,0,2,0,0,0,87,72,23.0,20,3,3.0,1.0499999999999998,1.1026275979297488,9,0,4,f5ddf03431f7aec7
58,kubernetes_terraform_conflict,k8s_ref_70,1.0,0.09722222222222222,0.1111111111111111,0.0,0.09722222222222222,0.027777777777777776,0.8055555555555556,99.99642430046099,1174.4019314040909,50.0,1,175.09210276950398,49.514322648764484,153.08333333333331,65.25,15,5,0,0,0,134,0,16.0,13,3,3.0,0.26179096865019313,0.8657290734391798,19,12,0,d790f4572040a156
58,kubernetes_terraform_conflict,omni_k8s_observe,1.0,0.09722222222222222,0.1111111111111111,0.0,0.09722222222222222,0.027777777777777776,0.8055555555555556,99.99642430046099,1174.4019314040909,50.0,1,175.09210276950398,49.514322648764484,153.08333333333331,65.25,15,5,0,0,0,134,0,16.0,13,3,3.0,0.26179096865019313,0.8657290734391798,19,12,0,d790f4572040a156
58,kubernetes_terraform_conflict,omni_k8s_throughput,0.9999999999999999,0.1111111111111111,0.1111111111111111,0.013888888888888888,0.09722222222222222,0.0,0.8888888888888888,59.76405740371403,265.49108608309893,20.0,1,125.39351864100875,50.04975263887601,153.99999999999997,66.33333333333337,0,2,0,0,0,52,72,15.0,12,3,3.0,1.1168280950139895,0.8498190287922678,6,0,2,856e7022b0c733fb
59,kubernetes_terraform_conflict,k8s_ref_70,1.0,0.0,0.19444444444444445,0.0,0.0,0.0,0.8055555555555556,0.7103535845004072,0.0,20.0,1,155.15935712345652,34.2165582689036,122.00000000000016,40.91666666666668,18,3,0,0,0,98,0,2.0,1,1,1.0,0.1041667435569007,0.7609531586111087,14,14,0,74b9ad9210f83cb9
59,kubernetes_terraform_conflict,omni_k8s_observe,1.0,0.0,0.19444444444444445,0.0,0.0,0.0,0.8055555555555556,0.7103535845004072,0.0,20.0,1,155.15935712345652,34.2165582689036,122.00000000000016,40.91666666666668,18,3,0,0,0,98,0,2.0,1,1,1.0,0.1041667435569007,0.7609531586111087,14,14,0,74b9ad9210f83cb9
59,kubernetes_terraform_conflict,omni_k8s_throughput,1.0,0.013888888888888888,0.013888888888888888,0.0,0.013888888888888888,0.0,0.9861111111111112,3.543686917833737,0.0,5.0,1,104.97262004519527,38.059319376432235,123.1666666666667,42.0,0,2,0,0,0,23,72,6.0,2,4,2.0,1.0499999999999998,0.5170219658169573,0,0,0,0506894ffea468fb
60,kubernetes_terraform_conflict,k8s_ref_70,1.0,0.2222222222222222,0.2222222222222222,0.0,0.20833333333333334,0.09722222222222222,0.75,14.973814561705593,0.0,35.0,1,172.07100665393074,41.264086656704386,130.3333333333332,37.74999999999998,24,3,0,0,0,133,0,8.0,5,3,3.0,0.1850011223861343,0.9653883809057527,12,9,0,4b7b14808f6c4050
60,kubernetes_terraform_conflict,omni_k8s_observe,1.0,0.2222222222222222,0.2222222222222222,0.0,0.20833333333333334,0.09722222222222222,0.75,14.973814561705593,0.0,35.0,1,172.07100665393074,41.264086656704386,130.3333333333332,37.74999999999998,24,3,0,0,0,133,0,8.0,5,3,3.0,0.1850011223861343,0.9653883809057527,12,9,0,4b7b14808f6c4050
60,kubernetes_terraform_conflict,omni_k8s_throughput,1.0,0.08333333333333333,0.08333333333333333,0.0,0.08333333333333333,0.0,0.8888888888888888,20.790545279450754,12.837872879809993,5.0,1,126.83967774201842,46.019999999999996,145.2500000000001,51.66666666666664,0,2,0,0,0,61,72,12.0,10,2,2.0,1.1730348965927164,0.8135889717430117,5,0,1,4f12c38919824a01
61,alert_incident,k8s_ref_70,1.0,0.0,0.0,0.0,0.0,0.0,1.0,0.0,0.0,5.0,1,152.1065331267962,27.71073966575886,120.00000000000013,42.749999999999986,0,2,0,0,0,48,0,0.0,0,0,0.0,0.0,0.5286170555911415,0,0,0,9ee8ee4d414bc035
61,alert_incident,omni_k8s_observe,1.0,0.0,0.0,0.0,0.0,0.0,1.0,0.0,0.0,5.0,1,152.1065331267962,27.71073966575886,120.00000000000013,42.749999999999986,0,2,0,0,0,48,0,0.0,0,0,0.0,0.0,0.5286170555911415,0,0,0,9ee8ee4d414bc035
61,alert_incident,omni_k8s_throughput,1.0,0.0,0.0,0.0,0.0,0.0,1.0,0.0,0.0,5.0,1,97.54192308282491,24.442167442540295,112.66666666666663,35.41666666666667,0,1,0,0,0,33,72,4.0,0,4,0.0,0.35,0.3427511319256045,0,0,0,0444e75b50499ce8
62,alert_incident,k8s_ref_70,1.0,0.0,0.0,0.0,0.0,0.0,1.0,0.0,0.0,5.0,1,157.94457605381825,29.908717943081825,120.00000000000013,36.416666666666664,0,1,0,0,0,76,0,0.0,0,0,0.0,0.020000000000000018,0.5745108517747838,0,0,0,e13f241ab73d9a12
62,alert_incident,omni_k8s_observe,1.0,0.0,0.0,0.0,0.0,0.0,1.0,0.0,0.0,5.0,1,157.94457605381825,29.908717943081825,120.00000000000013,36.416666666666664,0,1,0,0,0,76,0,0.0,0,0,0.0,0.020000000000000018,0.5745108517747838,0,0,0,e13f241ab73d9a12
62,alert_incident,omni_k8s_throughput,1.0,0.0,0.0,0.0,0.0,0.0,1.0,0.0,0.0,5.0,1,102.94185431378796,25.671471431323546,113.33333333333329,29.75000000000001,0,2,0,0,0,53,72,4.0,0,4,0.0,0.35345683919078874,0.3746464014157841,0,0,0,445287dac9aec4ec
63,alert_incident,k8s_ref_70,1.0,0.0,0.0,0.0,0.0,0.0,1.0,0.0,0.0,5.0,1,155.7313373886356,29.458217386552366,120.00000000000013,39.83333333333332,0,2,0,0,0,55,0,0.0,0,0,0.0,0.0,0.5545742247140473,0,0,0,df32f456b3e3e65c
63,alert_incident,omni_k8s_observe,1.0,0.0,0.0,0.0,0.0,0.0,1.0,0.0,0.0,5.0,1,155.7313373886356,29.458217386552366,120.00000000000013,39.83333333333332,0,2,0,0,0,55,0,0.0,0,0,0.0,0.0,0.5545742247140473,0,0,0,df32f456b3e3e65c
63,alert_incident,omni_k8s_throughput,1.0,0.0,0.0,0.0,0.0,0.0,1.0,0.0,0.0,5.0,1,100.00121268588241,24.64834456923093,112.99999999999996,32.83333333333335,0,3,0,0,0,39,72,4.0,0,4,0.0,0.35,0.3602671036722561,0,0,0,77d3c6a28f3679dc
64,alert_incident,k8s_ref_70,1.0,0.0,0.0,0.0,0.0,0.0,1.0,0.0,0.0,5.0,1,155.21910223569643,29.51327886425029,120.00000000000013,39.999999999999986,0,2,0,0,0,55,0,0.0,0,0,0.0,0.0,0.5634333611980794,0,0,0,7bcef5d973a79f8c
64,alert_incident,omni_k8s_observe,1.0,0.0,0.0,0.0,0.0,0.0,1.0,0.0,0.0,5.0,1,155.21910223569643,29.51327886425029,120.00000000000013,39.999999999999986,0,2,0,0,0,55,0,0.0,0,0,0.0,0.0,0.5634333611980794,0,0,0,7bcef5d973a79f8c
64,alert_incident,omni_k8s_throughput,1.0,0.0,0.0,0.0,0.0,0.0,1.0,0.0,0.0,5.0,1,99.67709573723381,24.8893935521352,112.99999999999996,33.000000000000014,0,2,0,0,0,41,72,4.0,0,4,0.0,0.35098094238066757,0.3656339333988498,0,0,0,3016e2ee9759a7d5
65,alert_incident,k8s_ref_70,1.0,0.0,0.0,0.0,0.0,0.0,1.0,0.0,0.0,5.0,1,157.99042668389416,28.951771357784082,120.00000000000013,37.999999999999986,0,2,0,0,0,48,0,0.0,0,0,0.0,0.0,0.5619927711554993,0,0,0,494b1802457ddf24
65,alert_incident,omni_k8s_observe,1.0,0.0,0.0,0.0,0.0,0.0,1.0,0.0,0.0,5.0,1,157.99042668389416,28.951771357784082,120.00000000000013,37.999999999999986,0,2,0,0,0,48,0,0.0,0,0,0.0,0.0,0.5619927711554993,0,0,0,494b1802457ddf24
65,alert_incident,omni_k8s_throughput,0.9996353980322263,0.0,0.0,0.0,0.0,0.0,1.0,0.47902943119927954,0.0,5.0,1,101.54734745375562,24.828814940995905,113.41666666666663,31.416666666666675,0,3,0,0,0,24,72,5.0,1,4,1.0,0.37309085163751454,0.36199289320506733,0,0,0,f869c889461ae9e8
66,alert_incident,k8s_ref_70,1.0,0.0,0.0,0.0,0.0,0.0,1.0,0.0,0.0,5.0,1,144.2110914463074,26.951251059357656,120.00000000000013,48.500000000000036,0,2,0,0,0,54,0,0.0,0,0,0.0,0.0,0.5301639641896788,0,0,0,9d20b4f421655f33
66,alert_incident,omni_k8s_observe,1.0,0.0,0.0,0.0,0.0,0.0,1.0,0.0,0.0,5.0,1,144.2110914463074,26.951251059357656,120.00000000000013,48.500000000000036,0,2,0,0,0,54,0,0.0,0,0,0.0,0.0,0.5301639641896788,0,0,0,9d20b4f421655f33
66,alert_incident,omni_k8s_throughput,0.9999999999999998,0.0,0.0,0.0,0.0,0.0,1.0,0.060632215220487576,0.0,5.0,1,92.464830505348,22.60369673048825,113.08333333333334,41.58333333333335,0,3,0,0,0,54,72,5.0,1,4,1.0,0.3634016742510847,0.3429769674499153,0,0,0,0189ec4000906047
67,alert_incident,k8s_ref_70,1.0,0.0,0.0,0.0,0.0,0.0,1.0,0.0,0.0,5.0,1,165.90875312109353,31.0678751661788,120.00000000000013,29.99999999999999,0,1,0,0,0,101,0,0.0,0,0,0.0,0.020000000000000018,0.5907656487099613,0,0,0,ed6514d3f4ab2704
67,alert_incident,omni_k8s_observe,1.0,0.0,0.0,0.0,0.0,0.0,1.0,0.0,0.0,5.0,1,165.90875312109353,31.0678751661788,120.00000000000013,29.99999999999999,0,1,0,0,0,101,0,0.0,0,0,0.0,0.020000000000000018,0.5907656487099613,0,0,0,ed6514d3f4ab2704
67,alert_incident,omni_k8s_throughput,1.0,0.0,0.0,0.0,0.0,0.0,1.0,0.0,0.0,5.0,1,108.94630222281458,26.832853559846303,113.66666666666661,23.666666666666657,0,0,0,0,0,59,72,4.0,0,4,0.0,0.35,0.3872852150404662,0,0,0,7aaa2608f9c22d79
68,alert_incident,k8s_ref_70,1.0,0.0,0.0,0.0,0.0,0.0,1.0,0.0,0.0,5.0,1,162.91343863744058,30.646635795289836,120.00000000000013,32.833333333333336,0,1,0,0,0,83,0,0.0,0,0,0.0,0.020000000000000018,0.5763064979144316,0,0,0,526e9214ac67bcd3
68,alert_incident,omni_k8s_observe,1.0,0.0,0.0,0.0,0.0,0.0,1.0,0.0,0.0,5.0,1,162.91343863744058,30.646635795289836,120.00000000000013,32.833333333333336,0,1,0,0,0,83,0,0.0,0,0,0.0,0.020000000000000018,0.5763064979144316,0,0,0,526e9214ac67bcd3
68,alert_incident,omni_k8s_throughput,1.0,0.0,0.0,0.0,0.0,0.0,1.0,0.9570720645379411,0.0,5.0,1,108.43618936043946,27.323385903611246,119.58333333333333,32.41666666666668,0,4,0,0,0,35,72,6.0,2,4,2.0,0.4359707216447891,0.3770055366194688,0,0,0,ae3c81aa2056c314
69,alert_incident,k8s_ref_70,1.0,0.0,0.0,0.0,0.0,0.0,1.0,0.0,0.0,5.0,1,148.9758487937916,27.311743397549446,120.00000000000013,45.083333333333336,0,2,0,0,0,39,0,0.0,0,0,0.0,0.0,0.5296423462250041,0,0,0,60ebbb3742990fda
69,alert_incident,omni_k8s_observe,1.0,0.0,0.0,0.0,0.0,0.0,1.0,0.0,0.0,5.0,1,148.9758487937916,27.311743397549446,120.00000000000013,45.083333333333336,0,2,0,0,0,39,0,0.0,0,0,0.0,0.0,0.5296423462250041,0,0,0,60ebbb3742990fda
69,alert_incident,omni_k8s_throughput,1.0,0.0,0.0,0.0,0.0,0.0,1.0,0.0,0.0,5.0,1,95.48343131380281,23.63484335445325,112.66666666666663,37.75,0,2,0,0,0,29,72,4.0,0,4,0.0,0.35315702213765954,0.3450844406004765,0,0,0,94e4a9aada2b0d11
70,alert_incident,k8s_ref_70,1.0,0.0,0.0,0.0,0.0,0.0,1.0,0.0,0.0,5.0,1,153.11969232689282,28.321958492179625,120.00000000000013,41.74999999999998,0,2,0,0,0,60,0,0.0,0,0,0.0,0.0,0.5446695759380242,0,0,0,743bb69e7371f688
70,alert_incident,omni_k8s_observe,1.0,0.0,0.0,0.0,0.0,0.0,1.0,0.0,0.0,5.0,1,153.11969232689282,28.321958492179625,120.00000000000013,41.74999999999998,0,2,0,0,0,60,0,0.0,0,0,0.0,0.0,0.5446695759380242,0,0,0,743bb69e7371f688
70,alert_incident,omni_k8s_throughput,1.0000000000000002,0.0,0.0,0.0,0.0,0.0,1.0,0.02852079862435946,0.0,5.0,1,98.52767158003462,23.682528202483184,113.91666666666666,35.66666666666667,0,4,0,0,0,48,72,5.0,1,4,1.0,0.36013689873977317,0.35248129492141284,0,0,0,2532e01d52f3554e
71,power_thermal_network,k8s_ref_70,1.0,0.1388888888888889,0.1388888888888889,0.0,0.1388888888888889,0.0,0.8333333333333334,4.1079907390583354,0.0,30.0,1,162.20425379609253,33.82797227778402,129.8333333333332,44.41666666666669,5,2,0,0,0,108,0,2.0,2,0,0.0,0.24602447658262516,0.825128793203741,6,5,0,748494dabc09d94e
71,power_thermal_network,omni_k8s_observe,1.0,0.1388888888888889,0.1388888888888889,0.0,0.1388888888888889,0.0,0.8333333333333334,4.1079907390583354,0.0,30.0,1,162.20425379609253,33.82797227778402,129.8333333333332,44.41666666666669,5,2,0,0,0,108,0,2.0,2,0,0.0,0.24602447658262516,0.825128793203741,6,5,0,748494dabc09d94e
71,power_thermal_network,omni_k8s_throughput,1.0000000000000002,0.013888888888888888,0.013888888888888888,0.0,0.013888888888888888,0.0,0.9861111111111112,12.175404583059166,32.76302026110173,5.0,1,115.247093239458,38.94,141.33333333333331,55.66666666666664,0,2,0,0,0,42,72,10.0,6,4,4.0,1.2368565152346913,0.6868664159023076,2,0,1,fc736407a6795614
72,power_thermal_network,k8s_ref_70,1.0,0.20833333333333334,0.2222222222222222,0.0,0.20833333333333334,0.0,0.75,5.302722702467829,0.0,25.0,1,140.35304962467723,35.36072836875279,123.16666666666676,53.333333333333314,2,3,0,0,0,66,0,4.0,2,2,2.0,0.31186760429270244,0.901792891584123,3,2,0,4a3f9ab5fe8e6445
72,power_thermal_network,omni_k8s_observe,1.0,0.20833333333333334,0.2222222222222222,0.0,0.20833333333333334,0.0,0.75,5.302722702467829,0.0,25.0,1,140.35304962467723,35.36072836875279,123.16666666666676,53.333333333333314,2,3,0,0,0,66,0,4.0,2,2,2.0,0.31186760429270244,0.901792891584123,3,2,0,4a3f9ab5fe8e6445
72,power_thermal_network,omni_k8s_throughput,1.0,0.013888888888888888,0.013888888888888888,0.0,0.013888888888888888,0.0,0.9861111111111112,7.983173855619286,0.0,5.0,1,97.06050234885785,38.11300558532206,129.75,59.83333333333337,0,2,0,0,0,30,72,7.0,4,3,3.0,1.1044868735606759,0.638563169822818,0,0,1,5c62c05829be2dff
73,power_thermal_network,k8s_ref_70,1.0,0.1111111111111111,0.125,0.0,0.1111111111111111,0.0,0.7083333333333334,4.939804133191107,0.0,20.0,1,153.67975804070832,35.32434872257353,122.5833333333332,42.499999999999964,4,3,0,0,0,102,0,5.0,2,3,2.0,0.2492156251155644,0.8108727748868891,5,4,0,2b172a0b6dae893f
73,power_thermal_network,omni_k8s_observe,1.0,0.1111111111111111,0.125,0.0,0.1111111111111111,0.0,0.7083333333333334,4.939804133191107,0.0,20.0,1,153.67975804070832,35.32434872257353,122.5833333333332,42.499999999999964,4,3,0,0,0,102,0,5.0,2,3,2.0,0.2492156251155644,0.8108727748868891,5,4,0,2b172a0b6dae893f
73,power_thermal_network,omni_k8s_throughput,1.0,0.013888888888888888,0.013888888888888888,0.0,0.013888888888888888,0.0,0.9861111111111112,7.665426708894712,0.0,5.0,1,106.33769571157761,38.28607321928508,125.25,45.083333333333336,0,2,0,0,0,46,72,6.0,3,3,3.0,1.0816978210299646,0.6334288022446194,0,0,1,30a4c97e68d34c83
74,power_thermal_network,k8s_ref_70,1.0,0.1111111111111111,0.1111111111111111,0.0,0.1111111111111111,0.027777777777777776,0.8611111111111112,10.178736301756153,0.0,30.0,1,146.32983777797105,36.64662027901085,123.83333333333344,49.25000000000003,3,3,0,0,0,68,0,8.0,4,4,4.0,0.3208317304817885,0.974052477394627,6,4,0,a7fa77ab085445ed
74,power_thermal_network,omni_k8s_observe,1.0,0.1111111111111111,0.1111111111111111,0.0,0.1111111111111111,0.027777777777777776,0.8611111111111112,10.178736301756153,0.0,30.0,1,146.32983777797105,36.64662027901085,123.83333333333344,49.25000000000003,3,3,0,0,0,68,0,8.0,4,4,4.0,0.3208317304817885,0.974052477394627,6,4,0,a7fa77ab085445ed
74,power_thermal_network,omni_k8s_throughput,1.0000000000000002,0.05555555555555555,0.05555555555555555,0.013888888888888888,0.041666666666666664,0.0,0.9305555555555556,16.620967540026538,0.0,15.0,1,103.66598367183545,38.94,132.83333333333334,58.000000000000014,0,2,0,0,0,41,72,8.0,5,3,3.0,1.0753355236475743,0.7760060833764365,2,0,1,5cd108be52b3ee42
75,power_thermal_network,k8s_ref_70,1.0000000000000002,0.1388888888888889,0.1527777777777778,0.0,0.125,0.06944444444444445,0.7777777777777778,21.592906575228557,0.0,50.0,1,167.75852875980743,40.647162747679594,138.5,50.58333333333334,3,3,0,0,0,103,0,8.0,6,2,2.0,0.3644473823307648,0.9502662070828904,7,4,0,ee1cbd861eae8b3e
75,power_thermal_network,omni_k8s_observe,1.0000000000000002,0.1388888888888889,0.1527777777777778,0.0,0.125,0.06944444444444445,0.7777777777777778,21.592906575228557,0.0,50.0,1,167.75852875980743,40.647162747679594,138.5,50.58333333333334,3,3,0,0,0,103,0,8.0,6,2,2.0,0.3644473823307648,0.9502662070828904,7,4,0,ee1cbd861eae8b3e
75,power_thermal_network,omni_k8s_throughput,1.0,0.125,0.125,0.013888888888888888,0.1111111111111111,0.0,0.875,24.39153627679031,15.12445481910975,20.0,1,125.49912442815442,45.75762612237949,157.91666666666669,69.91666666666663,0,2,0,0,0,48,72,14.0,11,3,3.0,1.780875162619827,0.870300219968463,4,0,1,8fc5db4292f7cfe3
76,power_thermal_network,k8s_ref_70,1.0,0.08333333333333333,0.08333333333333333,0.0,0.08333333333333333,0.0,0.9027777777777778,8.688213863285345,0.0,20.0,1,145.05619457318662,38.94,122.41666666666681,48.50000000000002,2,3,0,0,0,56,0,6.0,3,3,3.0,0.27871640309233814,0.7844237146562429,5,3,0,d35c76daf55cee52
76,power_thermal_network,omni_k8s_observe,1.0,0.08333333333333333,0.08333333333333333,0.0,0.08333333333333333,0.0,0.9027777777777778,8.688213863285345,0.0,20.0,1,145.05619457318662,38.94,122.41666666666681,48.50000000000002,2,3,0,0,0,56,0,6.0,3,3,3.0,0.27871640309233814,0.7844237146562429,5,3,0,d35c76daf55cee52
76,power_thermal_network,omni_k8s_throughput,1.0,0.041666666666666664,0.041666666666666664,0.013888888888888888,0.027777777777777776,0.0,0.9583333333333334,13.07341026897895,0.0,5.0,1,101.07807729182532,38.94,126.08333333333327,52.000000000000014,0,2,0,0,0,32,72,7.0,3,4,3.0,1.0548261872466798,0.6593155817280187,1,0,1,bf448c2d68c66fb8
77,power_thermal_network,k8s_ref_70,1.0,0.3055555555555556,0.3055555555555556,0.09722222222222222,0.2638888888888889,0.18055555555555555,0.4444444444444444,226.51331348683726,1733.4442204030756,170.0,1,197.95083601222035,50.55994642142013,190.83333333333346,90.83333333333333,8,2,0,2,1,149,0,23.0,20,3,3.0,0.38007091691192185,0.8804213029314991,26,16,0,b87a256557335fe6
77,power_thermal_network,omni_k8s_observe,1.0,0.3055555555555556,0.3055555555555556,0.09722222222222222,0.2638888888888889,0.18055555555555555,0.4444444444444444,226.51331348683726,1733.4442204030756,170.0,1,197.95083601222035,50.55994642142013,190.83333333333346,90.83333333333333,8,2,0,2,1,149,0,23.0,20,3,3.0,0.38007091691192185,0.8804213029314991,26,16,0,b87a256557335fe6
77,power_thermal_network,omni_k8s_throughput,1.0,0.1527777777777778,0.1527777777777778,0.013888888888888888,0.1388888888888889,0.027777777777777776,0.8055555555555556,68.59981824794642,607.2246240840718,40.0,1,151.83911033506024,51.236596479995036,199.16666666666654,102.16666666666663,0,2,0,0,0,64,72,23.0,20,3,3.0,1.0894570403119679,0.9627846307949222,9,0,3,1c3c8b486d9da48c
78,power_thermal_network,k8s_ref_70,1.0,0.25,0.25,0.0,0.2361111111111111,0.1388888888888889,0.6944444444444444,5.858500483795126,0.0,45.0,1,171.87733103546955,36.89169258376335,129.5,35.50000000000001,5,2,0,0,0,127,0,4.0,3,1,1.0,0.3138930631480239,0.9211933084608274,7,5,0,33e7987ba94f9908
78,power_thermal_network,omni_k8s_observe,1.0,0.25,0.25,0.0,0.2361111111111111,0.1388888888888889,0.6944444444444444,5.858500483795126,0.0,45.0,1,171.87733103546955,36.89169258376335,129.5,35.50000000000001,5,2,0,0,0,127,0,4.0,3,1,1.0,0.3138930631480239,0.9211933084608274,7,5,0,33e7987ba94f9908
78,power_thermal_network,omni_k8s_throughput,1.0,0.027777777777777776,0.027777777777777776,0.0,0.027777777777777776,0.0,0.9583333333333334,15.231510962795564,74.4032179862319,5.0,1,126.03286149212134,40.71,152.24999999999997,57.999999999999964,0,2,0,0,0,62,72,12.0,9,3,3.0,1.8254525968094804,0.7209165915092626,0,0,1,5226981ab6fd74db
79,power_thermal_network,k8s_ref_70,0.9999999999999997,0.18055555555555555,0.18055555555555555,0.0,0.18055555555555555,0.0,0.75,2.9493574726288267,0.0,25.0,1,146.71438552161018,31.499045434436677,126.91666666666669,53.24999999999997,1,3,0,0,0,77,0,3.0,2,1,1.0,0.23438732542096563,0.8429621610621445,1,1,0,100667804c582d12
79,power_thermal_network,omni_k8s_observe,0.9999999999999997,0.18055555555555555,0.18055555555555555,0.0,0.18055555555555555,0.0,0.75,2.9493574726288267,0.0,25.0,1,146.71438552161018,31.499045434436677,126.91666666666669,53.24999999999997,1,3,0,0,0,77,0,3.0,2,1,1.0,0.23438732542096563,0.8429621610621445,1,1,0,100667804c582d12
79,power_thermal_network,omni_k8s_throughput,0.9999999999999997,0.013888888888888888,0.013888888888888888,0.0,0.013888888888888888,0.0,0.9861111111111112,5.778966344352355,0.0,5.0,1,101.27967709477893,33.73350637731281,132.49999999999997,58.749999999999986,0,2,0,0,0,37,72,8.0,4,4,4.0,1.09602908797664,0.5942321625638187,0,0,0,674ce4bc2d15edac
80,power_thermal_network,k8s_ref_70,1.0,0.18055555555555555,0.18055555555555555,0.0,0.18055555555555555,0.0,0.7777777777777778,0.0,0.0,30.0,1,167.9483496144192,32.75271557314543,118.91666666666667,25.999999999999993,2,1,0,0,0,118,0,1.0,0,1,0.0,0.18590660154127936,0.8487648169507517,2,2,0,eea718bf66e09f9d
80,power_thermal_network,omni_k8s_observe,1.0,0.18055555555555555,0.18055555555555555,0.0,0.18055555555555555,0.0,0.7777777777777778,0.0,0.0,30.0,1,167.9483496144192,32.75271557314543,118.91666666666667,25.999999999999993,2,1,0,0,0,118,0,1.0,0,1,0.0,0.18590660154127936,0.8487648169507517,2,2,0,eea718bf66e09f9d
80,power_thermal_network,omni_k8s_throughput,1.0,0.027777777777777776,0.027777777777777776,0.0,0.027777777777777776,0.0,0.9722222222222222,11.699620007918785,32.764399798325286,5.0,1,119.75155466711728,38.94,133.41666666666657,40.166666666666664,0,2,0,0,0,50,72,9.0,6,3,3.0,1.8457060594597694,0.6781842733364991,0,0,0,2d0edcdf3cd3519f
81,power_thermal_network,k8s_ref_70,1.0,0.2222222222222222,0.2361111111111111,0.0,0.2222222222222222,0.06944444444444445,0.7222222222222222,5.664436988975057,0.0,35.0,1,161.36558009697617,37.767199828690245,129.4999999999999,44.08333333333332,4,3,0,0,0,115,0,2.0,2,0,0.0,0.3423968144372913,0.9305501235286419,5,4,0,f29b43fc73d1a970
81,power_thermal_network,omni_k8s_observe,1.0,0.2222222222222222,0.2361111111111111,0.0,0.2222222222222222,0.06944444444444445,0.7222222222222222,5.664436988975057,0.0,35.0,1,161.36558009697617,37.767199828690245,129.4999999999999,44.08333333333332,4,3,0,0,0,115,0,2.0,2,0,0.0,0.3423968144372913,0.9305501235286419,5,4,0,f29b43fc73d1a970
81,power_thermal_network,omni_k8s_throughput,1.0,0.06944444444444445,0.06944444444444445,0.0,0.06944444444444445,0.0,0.9305555555555556,13.394854016761611,56.16794091657874,5.0,1,121.77808662702962,38.94,162.75000000000003,77.33333333333334,0,2,0,0,0,64,72,14.0,11,3,3.0,1.4005677864575183,0.744688247751325,1,0,1,66b7611091fd9207
82,power_thermal_network,k8s_ref_70,1.0,0.2222222222222222,0.2222222222222222,0.0,0.2222222222222222,0.041666666666666664,0.75,3.2465719306450214,0.0,30.0,1,155.99080598489738,34.583259130173246,123.66666666666679,41.00000000000001,5,3,0,0,0,90,0,4.0,2,2,2.0,0.3015406193191126,0.9237401890249223,6,5,0,6e91f0f6fa52da0c
82,power_thermal_network,omni_k8s_observe,1.0,0.2222222222222222,0.2222222222222222,0.0,0.2222222222222222,0.041666666666666664,0.75,3.2465719306450214,0.0,30.0,1,155.99080598489738,34.583259130173246,123.66666666666679,41.00000000000001,5,3,0,0,0,90,0,4.0,2,2,2.0,0.3015406193191126,0.9237401890249223,6,5,0,6e91f0f6fa52da0c
82,power_thermal_network,omni_k8s_throughput,1.0,0.013888888888888888,0.013888888888888888,0.0,0.013888888888888888,0.0,0.9722222222222222,10.228810899799221,0.0,5.0,1,110.24355615791507,38.83984593542766,135.83333333333337,53.0,0,2,0,0,0,45,72,8.0,5,3,3.0,1.2070599188715705,0.6788256600512432,1,0,0,4890688b96618fc5
83,security_policy,k8s_ref_70,1.0,0.0,0.08333333333333333,0.0,0.0,0.0,0.9166666666666666,0.0,0.0,20.0,1,140.63708855059252,26.917785636323632,120.00000000000013,51.75,12,2,6,0,0,27,0,0.0,0,0,0.0,0.0,0.5343330283652094,6,6,0,6aa363abf026cc60
83,security_policy,omni_k8s_observe,1.0,0.0,0.08333333333333333,0.0,0.0,0.0,0.9166666666666666,0.0,0.0,20.0,1,140.63708855059252,26.917785636323632,120.00000000000013,51.75,12,2,6,0,0,27,0,0.0,0,0,0.0,0.0,0.5343330283652094,6,6,0,6aa363abf026cc60
83,security_policy,omni_k8s_throughput,1.0000000000000002,0.0,0.0,0.0,0.0,0.0,1.0,0.9468625839842749,0.0,5.0,1,90.09424612124138,21.563244250259423,112.66666666666663,44.33333333333335,0,2,0,0,0,23,72,4.0,0,4,0.0,0.4314661124416207,0.352017736375735,0,0,1,fe3ab36a51153275
84,security_policy,k8s_ref_70,1.0,0.0,0.18055555555555555,0.0,0.0,0.0,0.8194444444444444,0.0,0.0,20.0,1,154.46197079988588,29.93684240196612,120.00000000000013,39.416666666666664,25,2,12,0,0,95,0,0.0,0,0,0.0,0.020000000000000018,0.5962616215698576,13,13,0,49c2acdaf8777e9d
84,security_policy,omni_k8s_observe,1.0,0.0,0.18055555555555555,0.0,0.0,0.0,0.8194444444444444,0.0,0.0,20.0,1,154.46197079988588,29.93684240196612,120.00000000000013,39.416666666666664,25,2,12,0,0,95,0,0.0,0,0,0.0,0.020000000000000018,0.5962616215698576,13,13,0,49c2acdaf8777e9d
84,security_policy,omni_k8s_throughput,1.0,0.0,0.0,0.0,0.0,0.0,1.0,0.0,0.0,5.0,1,100.85394089184855,24.745613535407443,114.66666666666664,34.08333333333332,0,1,0,0,0,28,72,4.0,0,4,0.0,0.35,0.38788538819020574,0,0,0,28ffa9c9ac93b5f8
85,security_policy,k8s_ref_70,1.0,0.0,0.08333333333333333,0.0,0.0,0.0,0.9166666666666666,0.0,0.0,20.0,1,162.62102938572872,33.234597233990804,120.00000000000013,32.74999999999999,16,2,6,0,0,98,0,0.0,0,0,0.0,0.05289131735950381,0.6250527320863989,10,10,0,9ce4b94761c76fd3
85,security_policy,omni_k8s_observe,1.0,0.0,0.08333333333333333,0.0,0.0,0.0,0.9166666666666666,0.0,0.0,20.0,1,162.62102938572872,33.234597233990804,120.00000000000013,32.74999999999999,16,2,6,0,0,98,0,0.0,0,0,0.0,0.05289131735950381,0.6250527320863989,10,10,0,9ce4b94761c76fd3
85,security_policy,omni_k8s_throughput,1.0,0.0,0.0,0.0,0.0,0.0,1.0,3.9443022397712024,15.355574878649605,5.0,1,108.2261007016398,25.01196231533705,117.41666666666669,29.916666666666675,0,2,0,0,0,27,72,5.0,1,4,1.0,0.4637397174927146,0.43961004714847896,0,0,3,c4822eb5b7dd1c69
86,security_policy,k8s_ref_70,1.0,0.0,0.125,0.0,0.0,0.0,0.875,0.0,0.0,20.0,1,142.09723422839872,27.911666304991353,120.00000000000013,50.33333333333332,18,2,9,0,0,55,0,0.0,0,0,0.0,0.0,0.5627350673229384,9,9,0,d86cf054b0c82974
86,security_policy,omni_k8s_observe,1.0,0.0,0.125,0.0,0.0,0.0,0.875,0.0,0.0,20.0,1,142.09723422839872,27.911666304991353,120.00000000000013,50.33333333333332,18,2,9,0,0,55,0,0.0,0,0,0.0,0.0,0.5627350673229384,9,9,0,d86cf054b0c82974
86,security_policy,omni_k8s_throughput,1.0,0.0,0.0,0.0,0.0,0.0,1.0,0.25903505641676045,0.0,5.0,1,91.50907534582838,22.186501527334084,114.49999999999996,44.83333333333333,0,3,0,0,0,26,72,5.0,1,4,1.0,0.37641351905394715,0.35868089028339656,0,0,0,924547f26f2001c1
87,security_policy,k8s_ref_70,1.0,0.0,0.19444444444444445,0.0,0.0,0.0,0.8055555555555556,0.0,0.0,20.0,1,165.2308037224232,32.93794283494476,120.00000000000013,30.666666666666668,34,1,13,0,0,119,0,0.0,0,0,0.0,0.05448866208221159,0.675069737688207,21,21,0,96405dc99211fa59
87,security_policy,omni_k8s_observe,1.0,0.0,0.19444444444444445,0.0,0.0,0.0,0.8055555555555556,0.0,0.0,20.0,1,165.2308037224232,32.93794283494476,120.00000000000013,30.666666666666668,34,1,13,0,0,119,0,0.0,0,0,0.0,0.05448866208221159,0.675069737688207,21,21,0,96405dc99211fa59
87,security_policy,omni_k8s_throughput,1.0,0.0,0.0,0.0,0.0,0.0,1.0,2.8485859707667327,5.055776671789269,5.0,1,109.78615773420422,26.245217461857504,115.24999999999999,25.833333333333353,0,1,0,0,0,40,72,3.0,0,3,0.0,0.46593299297603485,0.47747149395922406,0,0,4,995452e3b847d3ac
88,security_policy,k8s_ref_70,1.0,0.0,0.08333333333333333,0.0,0.0,0.0,0.9166666666666666,0.0,0.0,15.0,1,167.63568245229996,34.29503744299981,120.00000000000013,28.833333333333318,10,1,2,0,0,107,0,0.0,0,0,0.0,0.0706018658003682,0.6873988608374116,4,4,0,c27f96093eeea03e
88,security_policy,omni_k8s_observe,1.0,0.0,0.08333333333333333,0.0,0.0,0.0,0.9166666666666666,0.0,0.0,15.0,1,167.63568245229996,34.29503744299981,120.00000000000013,28.833333333333318,10,1,2,0,0,107,0,0.0,0,0,0.0,0.0706018658003682,0.6873988608374116,4,4,0,c27f96093eeea03e
88,security_policy,omni_k8s_throughput,1.0,0.0,0.0,0.0,0.0,0.0,1.0,4.530900586680578,0.0,5.0,1,114.38400952928544,27.073755732345234,124.91666666666664,33.49999999999998,0,2,0,0,0,23,72,5.0,2,3,2.0,0.5254119519361325,0.5162976121296992,0,0,1,24a63aea6374de86
89,security_policy,k8s_ref_70,1.0,0.0,0.2222222222222222,0.0,0.0,0.0,0.7777777777777778,0.0,0.0,20.0,1,146.3619424078834,29.21733366305296,120.00000000000013,46.6666666666667,32,2,16,0,0,75,0,0.0,0,0,0.0,0.0,0.6041710968279417,16,16,0,1726c73763a5a977
89,security_policy,omni_k8s_observe,1.0,0.0,0.2222222222222222,0.0,0.0,0.0,0.7777777777777778,0.0,0.0,20.0,1,146.3619424078834,29.21733366305296,120.00000000000013,46.6666666666667,32,2,16,0,0,75,0,0.0,0,0,0.0,0.0,0.6041710968279417,16,16,0,1726c73763a5a977
89,security_policy,omni_k8s_throughput,1.0,0.0,0.0,0.0,0.0,0.0,1.0,0.0,0.0,5.0,1,94.38794002283205,21.843855692840513,114.99999999999999,41.66666666666666,0,1,0,0,0,31,72,3.0,0,3,0.0,0.35,0.392672305943601,0,0,0,562c7126bd33cf82
90,security_policy,k8s_ref_70,1.0,0.0,0.1388888888888889,0.0,0.0,0.0,0.8611111111111112,0.0,0.0,20.0,1,150.5615526517582,29.55974403436867,120.00000000000013,42.750000000000014,19,1,9,0,0,73,0,0.0,0,0,0.0,0.020000000000000018,0.600378890673632,10,10,0,eacc3575e2811bf1
90,security_policy,omni_k8s_observe,1.0,0.0,0.1388888888888889,0.0,0.0,0.0,0.8611111111111112,0.0,0.0,20.0,1,150.5615526517582,29.55974403436867,120.00000000000013,42.750000000000014,19,1,9,0,0,73,0,0.0,0,0,0.0,0.020000000000000018,0.600378890673632,10,10,0,eacc3575e2811bf1
90,security_policy,omni_k8s_throughput,1.0,0.0,0.0,0.0,0.0,0.0,1.0,2.485818611723892,0.0,5.0,1,99.40652045924607,23.231188108132578,118.58333333333333,41.25,0,4,0,0,0,33,72,6.0,2,4,2.0,0.5353233845788256,0.3880528943888775,0,0,0,378617876dd9ed9e
91,deployment_rollout,k8s_ref_70,1.0,0.1527777777777778,0.16666666666666666,0.0,0.1527777777777778,0.0,0.8333333333333334,6.203896345515577,0.0,20.0,1,153.10396887188736,37.803782719999994,119.16666666666653,38.16666666666666,18,3,0,0,0,93,0,5.0,2,3,2.0,0.11051316748242179,0.8475480522920504,8,7,0,637162b5ac509d05
91,deployment_rollout,omni_k8s_observe,1.0,0.1527777777777778,0.16666666666666666,0.0,0.1527777777777778,0.0,0.8333333333333334,6.203896345515577,0.0,20.0,1,153.10396887188736,37.803782719999994,119.16666666666653,38.16666666666666,18,3,0,0,0,93,0,5.0,2,3,2.0,0.11051316748242179,0.8475480522920504,8,7,0,637162b5ac509d05
91,deployment_rollout,omni_k8s_throughput,1.0,0.027777777777777776,0.027777777777777776,0.0,0.027777777777777776,0.0,0.9722222222222222,17.571919112941895,90.09744831575131,5.0,1,116.21956532045134,42.48,145.24999999999997,62.416666666666664,0,2,0,0,0,42,72,11.0,7,4,4.0,1.2464601653069538,0.7389621786628575,2,0,1,0fad9ca3ec7658e0
92,deployment_rollout,k8s_ref_70,1.0,0.19444444444444445,0.20833333333333334,0.0,0.19444444444444445,0.0,0.7777777777777778,4.805364893550632,0.0,25.0,1,157.50574132331585,37.323460415999996,120.4999999999999,36.416666666666664,23,3,0,0,0,113,0,5.0,2,3,2.0,0.12342229450625752,0.8859989434362278,9,8,0,1fc57b10129a0330
92,deployment_rollout,omni_k8s_observe,1.0,0.19444444444444445,0.20833333333333334,0.0,0.19444444444444445,0.0,0.7777777777777778,4.805364893550632,0.0,25.0,1,157.50574132331585,37.323460415999996,120.4999999999999,36.416666666666664,23,3,0,0,0,113,0,5.0,2,3,2.0,0.12342229450625752,0.8859989434362278,9,8,0,1fc57b10129a0330
92,deployment_rollout,omni_k8s_throughput,1.0,0.027777777777777776,0.027777777777777776,0.0,0.027777777777777776,0.0,0.9722222222222222,11.059080915767652,0.0,5.0,1,117.4103562808714,40.38190776425213,136.00000000000006,50.25000000000001,0,2,0,0,0,51,72,8.0,5,3,3.0,1.1852388384686823,0.7699396966273803,1,0,0,0bed2946c6dd6474
93,deployment_rollout,k8s_ref_70,1.0,0.013888888888888888,0.16666666666666666,0.0,0.013888888888888888,0.0,0.8333333333333334,3.0678727391605207,0.0,20.0,1,152.002847572822,37.34789395369526,124.41666666666659,46.91666666666666,18,3,0,0,0,78,0,3.0,2,1,1.0,0.14310746118052609,0.7607614789354182,11,10,0,04a339fe03526f03
93,deployment_rollout,omni_k8s_observe,1.0,0.013888888888888888,0.16666666666666666,0.0,0.013888888888888888,0.0,0.8333333333333334,3.0678727391605207,0.0,20.0,1,152.002847572822,37.34789395369526,124.41666666666659,46.91666666666666,18,3,0,0,0,78,0,3.0,2,1,1.0,0.14310746118052609,0.7607614789354182,11,10,0,04a339fe03526f03
93,deployment_rollout,omni_k8s_throughput,1.0,0.013888888888888888,0.013888888888888888,0.0,0.013888888888888888,0.0,0.9861111111111112,6.957752991107039,0.0,5.0,1,102.64546889528694,38.94,125.08333333333333,47.416666666666664,0,2,0,0,0,20,72,6.0,3,3,3.0,1.095785054820869,0.5351317691721736,0,0,0,137151e988e74306
94,deployment_rollout,k8s_ref_70,1.0,0.3333333333333333,0.3472222222222222,0.0,0.2916666666666667,0.2222222222222222,0.6111111111111112,38.481880160081445,100.65520191322638,50.0,1,184.1864113120915,47.24844282097085,159.08333333333334,62.249999999999986,34,3,0,0,0,177,0,13.0,10,3,3.0,0.3478565053523459,1.1055900592455359,21,14,0,6fb000bf41f5c5ed
94,deployment_rollout,omni_k8s_observe,1.0,0.3333333333333333,0.3472222222222222,0.0,0.2916666666666667,0.2222222222222222,0.6111111111111112,38.481880160081445,100.65520191322638,50.0,1,184.1864113120915,47.24844282097085,159.08333333333334,62.249999999999986,34,3,0,0,0,177,0,13.0,10,3,3.0,0.3478565053523459,1.1055900592455359,21,14,0,6fb000bf41f5c5ed
94,deployment_rollout,omni_k8s_throughput,1.0,0.18055555555555555,0.18055555555555555,0.013888888888888888,0.16666666666666666,0.0,0.7222222222222222,50.44123725510394,174.54626952637264,20.0,1,146.12936448601585,47.79092148891867,194.9999999999999,97.24999999999997,0,2,0,0,0,93,72,20.0,17,3,3.0,1.3477462837747725,0.9392252788748061,10,0,1,e56264072baf1a08
95,deployment_rollout,k8s_ref_70,0.9999999999999999,0.09722222222222222,0.09722222222222222,0.0,0.09722222222222222,0.0,0.8888888888888888,11.094459556681166,0.0,25.0,1,175.57066291030435,41.01276493129412,143.5833333333333,52.58333333333334,12,2,0,0,0,144,0,5.0,5,0,0.0,0.16054928720904815,0.740483658169823,8,5,0,9f67406988e5417b
95,deployment_rollout,omni_k8s_observe,0.9999999999999999,0.09722222222222222,0.09722222222222222,0.0,0.09722222222222222,0.0,0.8888888888888888,11.094459556681166,0.0,25.0,1,175.57066291030435,41.01276493129412,143.5833333333333,52.58333333333334,12,2,0,0,0,144,0,5.0,5,0,0.0,0.16054928720904815,0.740483658169823,8,5,0,9f67406988e5417b
95,deployment_rollout,omni_k8s_throughput,1.0,0.08333333333333333,0.08333333333333333,0.0,0.08333333333333333,0.0,0.9166666666666666,19.037680565556744,0.0,20.0,1,131.59834119137727,49.61715573086206,161.1666666666667,68.99999999999999,0,2,0,0,0,41,72,14.0,10,4,4.0,1.05,0.8427340634769497,5,0,1,b4ef287812b98352
96,deployment_rollout,k8s_ref_70,1.0,0.1111111111111111,0.125,0.0,0.1111111111111111,0.0,0.8333333333333334,31.972388303498082,43.728510733141434,35.0,1,163.64902110821743,43.27965624854214,141.91666666666669,58.666666666666686,15,3,0,0,0,113,0,10.0,7,3,3.0,0.1797695872229903,0.8899021195755321,12,8,0,876196d94510635c
96,deployment_rollout,omni_k8s_observe,1.0,0.1111111111111111,0.125,0.0,0.1111111111111111,0.0,0.8333333333333334,31.972388303498082,43.728510733141434,35.0,1,163.64902110821743,43.27965624854214,141.91666666666669,58.666666666666686,15,3,0,0,0,113,0,10.0,7,3,3.0,0.1797695872229903,0.8899021195755321,12,8,0,876196d94510635c
96,deployment_rollout,omni_k8s_throughput,1.0,0.125,0.125,0.013888888888888888,0.1111111111111111,0.0,0.875,38.87314605069871,108.72905008022538,20.0,1,125.28871213321617,48.53545191671089,169.83333333333323,85.91666666666664,0,2,0,0,0,52,72,16.0,12,4,4.0,1.186561305179836,0.8226969393799493,5,0,1,1a2c67003da60f7a
97,compound_failure,k8s_ref_70,1.0,0.5694444444444444,0.5833333333333334,0.3194444444444444,0.5555555555555556,0.5,0.2916666666666667,3684.6928538433735,17021.461533642247,360,0,229.4909111188976,61.84513849940028,196.41666666666677,58.666666666666664,30,1,5,7,7,219,0,18.0,18,0,-1.0,2.578329178497521,0.955267264785285,36,27,0,bd039c353280cbf2
97,compound_failure,omni_k8s_observe,1.0,0.5694444444444444,0.5833333333333334,0.3194444444444444,0.5555555555555556,0.5,0.2916666666666667,3684.6928538433735,17021.461533642247,360,0,229.4909111188976,61.84513849940028,196.41666666666677,58.666666666666664,30,1,5,7,7,219,0,18.0,18,0,-1.0,2.578329178497521,0.955267264785285,36,27,0,bd039c353280cbf2
97,compound_failure,omni_k8s_throughput,1.0,0.3194444444444444,0.3194444444444444,0.25,0.2638888888888889,0.20833333333333334,0.6388888888888888,2371.6943774956285,12908.182200853827,80.0,1,197.2400506255002,70.8,195.3333333333332,68.91666666666667,0,2,0,0,0,111,72,22.0,20,2,2.0,1.083165868261625,1.1280423915182245,8,0,11,20b572afb241d255
98,compound_failure,k8s_ref_70,0.9624112060918205,0.8055555555555556,0.8333333333333334,0.8055555555555556,0.8055555555555556,0.7361111111111112,0.1527777777777778,21130.68350411838,47085.18925404832,360,0,263.3570153236464,61.16947072435995,209.33333333333348,1.2499999999999998,34,1,3,19,9,248,0,19.0,19,0,-0.5,1.7447356623210832,0.8160200010000396,37,27,0,52267f82cf5c32ab
98,compound_failure,omni_k8s_observe,0.9624112060918205,0.8055555555555556,0.8333333333333334,0.8055555555555556,0.8055555555555556,0.7361111111111112,0.1527777777777778,21130.68350411838,47085.18925404832,360,0,263.3570153236464,61.16947072435995,209.33333333333348,1.2499999999999998,34,1,3,19,9,248,0,19.0,19,0,-0.5,1.7447356623210832,0.8160200010000396,37,27,0,52267f82cf5c32ab
98,compound_failure,omni_k8s_throughput,1.0000000000000002,0.5555555555555556,0.5555555555555556,0.4861111111111111,0.5,0.4583333333333333,0.3888888888888889,12108.448326369724,40386.37194793046,145.0,1,271.1124276147853,70.8,210.91666666666669,49.08333333333334,0,2,0,0,0,114,72,22.0,20,2,2.0,1.0499999999999998,1.1568932592152843,10,0,10,24420d66302e377d
99,compound_failure,k8s_ref_70,1.0000000000000004,0.6666666666666666,0.7083333333333334,0.5694444444444444,0.6111111111111112,0.625,0.2361111111111111,8901.493915240142,28207.841996790095,360,0,246.83679304816454,64.31751563382093,193.08333333333343,20.333333333333332,40,1,7,13,13,236,0,18.0,18,0,-1.0,3.906618233586699,0.9189833780055879,41,32,0,dacebec1adff8b0d
99,compound_failure,omni_k8s_observe,1.0000000000000004,0.6666666666666666,0.7083333333333334,0.5694444444444444,0.6111111111111112,0.625,0.2361111111111111,8901.493915240142,28207.841996790095,360,0,246.83679304816454,64.31751563382093,193.08333333333343,20.333333333333332,40,1,7,13,13,236,0,18.0,18,0,-1.0,3.906618233586699,0.9189833780055879,41,32,0,dacebec1adff8b0d
99,compound_failure,omni_k8s_throughput,1.0000000000000004,0.4166666666666667,0.4166666666666667,0.3472222222222222,0.3611111111111111,0.3194444444444444,0.5416666666666666,4164.803269836073,17586.926679419164,95.0,1,232.68578476628275,70.8,200.33333333333334,53.66666666666668,0,2,0,0,0,106,72,22.0,20,2,2.0,1.0814909092989518,1.1352324188156917,9,0,8,139775c78a44831a
100,compound_failure,k8s_ref_70,0.9999999999999998,0.7361111111111112,0.75,0.6111111111111112,0.6527777777777778,0.6666666666666666,0.2222222222222222,9202.513315535043,26481.51610679662,360,0,251.30892585355446,60.905389989799374,204.75000000000014,29.833333333333336,45,1,5,14,14,247,0,18.0,18,0,-1.0,3.473585505845713,0.9605867576027174,41,32,0,e7f8ee6340544f3d
100,compound_failure,omni_k8s_observe,0.9999999999999998,0.7361111111111112,0.75,0.6111111111111112,0.6527777777777778,0.6666666666666666,0.2222222222222222,9202.513315535043,26481.51610679662,360,0,251.30892585355446,60.905389989799374,204.75000000000014,29.833333333333336,45,1,5,14,14,247,0,18.0,18,0,-1.0,3.473585505845713,0.9605867576027174,41,32,0,e7f8ee6340544f3d
100,compound_failure,omni_k8s_throughput,1.0,0.4583333333333333,0.4583333333333333,0.3888888888888889,0.4027777777777778,0.3472222222222222,0.5,5064.749736265285,17655.955470502708,90.0,1,236.5530354202412,70.8,205.1666666666666,58.416666666666686,0,2,0,0,0,119,72,22.0,20,2,2.0,1.1750702356070057,1.1625010243874607,9,0,8,3eca87cfd4bc2480
