arrival_s,start_s,done_s,latency_ms,ok
0.2963,0.2967,0.3548,58.4915,1
0.8841,0.8849,0.9431,58.9861,1
1.1814,1.1819,1.2398,58.4161,1
1.5411,1.5415,1.5986,57.5781,1
1.5493,1.5987,1.6806,131.3172,1
2.2990,2.2999,2.3574,58.3595,1
2.6921,2.6926,2.7500,57.9173,1
3.5344,3.5354,3.5921,57.7359,1
4.1597,4.1605,4.2183,58.5363,1
4.2152,4.2183,4.3002,85.0005,1
4.5289,4.5294,4.5880,59.0662,1
4.7115,4.7119,4.7707,59.2045,1
4.7198,4.7707,4.8503,130.5707,1
4.7273,4.8503,4.9248,197.4908,1
5.0096,5.0101,5.0691,59.5024,1
5.1407,5.1410,5.1986,57.9288,1
5.3593,5.3598,5.4169,57.5519,1
5.7718,5.7723,5.8288,57.0099,1
6.2164,6.2169,6.2742,57.8388,1
6.8777,6.8785,6.9346,56.9137,1
6.8929,6.9347,7.0163,123.4204,1
6.9460,7.0163,7.0910,144.9217,1
7.0263,7.0910,7.1661,139.7488,1
7.0328,7.1661,7.2412,208.4388,1
7.1999,7.2412,7.3164,116.4790,1
7.4260,7.4262,7.4853,59.2988,1
7.5126,7.5128,7.5751,62.4265,1
7.6168,7.6170,7.6748,57.9559,1
7.8657,7.8660,7.9263,60.5677,1
8.3595,8.3601,8.4173,57.7616,1
9.0492,9.0499,9.1068,57.6504,1
9.1124,9.1125,9.1882,75.7364,1
9.5409,9.5414,9.6002,59.3065,1
9.6111,9.6113,9.6831,71.9362,1
9.9985,9.9989,10.0568,58.3846,1
10.1105,10.1107,10.1692,58.6781,1
10.2516,10.2518,10.3090,57.3917,1
10.6309,10.6313,10.6884,57.5785,1
10.6333,10.6885,10.7702,136.8948,1
11.0263,11.0268,11.0841,57.8144,1
11.4689,11.4696,11.5268,57.9147,1
11.7498,11.7502,11.8078,58.0545,1
11.8588,11.8591,11.9170,58.1949,1
12.0389,12.0393,12.0980,59.1127,1
12.3257,12.3262,12.3858,60.1779,1
12.7118,12.7123,12.7697,57.8751,1
12.7795,12.7796,12.8521,72.6216,1
13.1700,13.1704,13.2292,59.1957,1
13.2409,13.2411,13.3110,70.0561,1
13.2411,13.3110,13.3871,146.0411,1
13.4066,13.4070,13.4721,65.4999,1
13.7374,13.7380,13.7967,59.2130,1
14.0678,14.0683,14.1260,58.2359,1
14.2075,14.2077,14.2673,59.7784,1
14.2117,14.2673,14.3483,136.6321,1
14.5389,14.5393,14.5977,58.8038,1
14.5630,14.5977,14.6795,116.5035,1
14.6627,14.6795,14.7550,92.2950,1
14.9103,14.9107,14.9676,57.3427,1
14.9344,14.9676,15.0496,115.2271,1
15.4407,15.4414,15.5020,61.2841,1
15.7102,15.7105,15.7692,59.0339,1
15.8939,15.8943,15.9527,58.7919,1
16.1027,16.1031,16.1633,60.6633,1
16.2203,16.2206,16.2793,58.9784,1
17.0385,17.0395,17.0977,59.1999,1
17.0670,17.0978,17.1789,111.9599,1
17.0913,17.1790,17.2537,162.4362,1
17.7252,17.7261,17.7860,60.7923,1
17.7846,17.7861,17.8675,82.9265,1
18.1631,18.1637,18.2237,60.5800,1
18.5163,18.5168,18.5757,59.3673,1
18.5205,18.5757,18.6578,137.3928,1
18.9243,18.9249,18.9846,60.3255,1
19.1948,19.1952,19.2525,57.7292,1
19.4165,19.4168,19.4756,59.1866,1
19.8425,19.8430,19.9026,60.1028,1
20.4457,20.4465,20.5039,58.2478,1
21.2178,21.2187,21.2779,60.0555,1
21.7182,21.7188,21.7769,58.7109,1
22.0799,22.0804,22.1404,60.5178,1
22.1240,22.1404,22.2207,96.7223,1
22.9204,22.9214,22.9804,59.9936,1
23.1476,23.1481,23.2060,58.3440,1
23.1745,23.2060,23.2879,113.3973,1
23.3792,23.3796,23.4394,60.1989,1
23.8802,23.8809,23.9403,60.1317,1
23.9244,23.9403,24.0218,97.3945,1
24.0286,24.0289,24.1015,72.8157,1
24.3251,24.3255,24.3851,59.9258,1
24.4434,24.4438,24.5048,61.3217,1
24.7018,24.7023,24.7598,57.9808,1
24.7769,24.7771,24.8453,68.4138,1
25.3734,25.3742,25.4335,60.0661,1
25.8063,25.8069,25.8654,59.0772,1
25.8717,25.8720,25.9469,75.1713,1
25.8721,25.9469,26.0214,149.3415,1
26.0813,26.0816,26.1419,60.5808,1
26.5439,26.5446,26.6030,59.0165,1
26.6202,26.6204,26.6867,66.4995,1
26.7496,26.7499,26.8085,58.9750,1
27.4776,27.4785,27.5372,59.6538,1
27.5355,27.5373,27.6173,81.7300,1
27.7683,27.7686,27.8251,56.8735,1
27.9421,27.9425,28.0019,59.8276,1
28.0862,28.0864,28.1443,58.1789,1
28.5115,28.5120,28.5689,57.3783,1
28.6058,28.6061,28.6667,60.9419,1
29.1273,29.1280,29.1847,57.4941,1
30.0195,30.0205,30.0782,58.7216,1
30.0887,30.0888,30.1612,72.5663,1
30.2421,30.2424,30.3017,59.6123,1
30.3761,30.3765,30.4362,60.1111,1
30.4412,30.4414,30.5174,76.2110,1
30.5039,30.5174,30.5932,89.2659,1
30.5759,30.5932,30.6685,92.6295,1
30.6370,30.6685,30.7440,107.0374,1
30.6381,30.7440,30.8192,181.1042,1
30.6630,30.8192,30.8943,231.3511,1
30.7093,30.8943,30.9695,260.1700,1
30.7502,30.9695,31.0450,294.7810,1
30.8875,31.0450,31.1222,234.6563,1
31.0016,31.1222,31.1980,196.4235,1
31.0466,31.1981,31.3009,254.3166,1
31.0543,31.3009,31.3788,324.5224,1
31.1452,31.3789,31.4569,311.6467,1
31.4159,31.4569,31.5353,119.4245,1
31.4618,31.5353,31.6131,151.3217,1
31.7731,31.7736,31.8329,59.7523,1
31.8535,31.8538,31.9195,66.0343,1
31.9298,31.9301,32.0005,70.6165,1
31.9866,32.0005,32.0783,91.7401,1
32.4693,32.4699,32.5271,57.8524,1
32.5271,32.5272,32.6094,82.3345,1
32.5526,32.6094,32.6848,132.1093,1
32.5902,32.6848,32.7602,169.9485,1
32.7066,32.7602,32.8357,129.1136,1
32.8411,32.8414,32.9145,73.4089,1
32.9567,32.9569,33.0185,61.8399,1
33.0597,33.0598,33.1217,62.0562,1
33.1613,33.1615,33.2245,63.2376,1
33.2851,33.2854,33.3430,57.8757,1
33.4401,33.4404,33.5005,60.4009,1
33.4509,33.5005,33.5810,130.0872,1
33.5340,33.5810,33.6561,122.0843,1
33.7097,33.7100,33.7688,59.1428,1
33.9129,33.9133,33.9723,59.3404,1
34.0649,34.0652,34.1241,59.1946,1
34.1808,34.1811,34.2395,58.7590,1
34.6280,34.6287,34.6870,58.9126,1
35.0123,35.0128,35.0708,58.5441,1
35.0860,35.0861,35.1552,69.1707,1
35.2273,35.2275,35.2854,58.1331,1
35.4458,35.4461,35.5041,58.2693,1
35.5627,35.5628,35.6240,61.3394,1
35.6241,35.6242,35.7040,79.9178,1
35.6518,35.7040,35.7792,127.3504,1
35.8376,35.8380,35.8994,61.8167,1
36.1988,36.1993,36.2593,60.5097,1
36.3341,36.3344,36.3952,61.0539,1
36.4437,36.4438,36.5056,61.9655,1
36.6204,36.6207,36.6815,61.1038,1
36.9203,36.9207,36.9816,61.2672,1
37.3270,37.3274,37.3862,59.2767,1
37.3360,37.3863,37.4680,131.9810,1
37.3973,37.4680,37.5440,146.7572,1
37.4815,37.5441,37.6205,138.9949,1
37.5216,37.6205,37.6963,174.6496,1
37.5543,37.6963,37.7724,218.1021,1
37.8867,37.8871,37.9438,57.1031,1
38.1807,38.1811,38.2395,58.8498,1
38.3195,38.3197,38.3799,60.4031,1
38.4020,38.4021,38.4675,65.5240,1
38.5912,38.5914,38.6514,60.2267,1
38.6903,38.6904,38.7492,58.8825,1
38.7633,38.7634,38.8326,69.3327,1
39.0304,39.0308,39.0919,61.5346,1
39.2423,39.2426,39.3017,59.3974,1
39.4495,39.4498,39.5096,60.1009,1
39.5580,39.5582,39.6182,60.1742,1
39.6735,39.6737,39.7350,61.4870,1
39.6908,39.7350,39.8154,124.5537,1
39.8013,39.8154,39.8915,90.1840,1
39.9206,39.9208,39.9844,63.7816,1
40.0627,40.0629,40.1215,58.8175,1
40.0979,40.1215,40.2045,106.6437,1
40.1469,40.2045,40.2807,133.8429,1
40.2948,40.2950,40.3618,66.9674,1
40.6558,40.6562,40.7156,59.8325,1
40.8537,40.8540,40.9138,60.0864,1
40.9193,40.9194,40.9955,76.2348,1
41.1394,41.1397,41.1970,57.6724,1
41.2277,41.2279,41.2877,60.0269,1
41.4388,41.4390,41.4987,59.9744,1
41.5372,41.5374,41.6013,64.0791,1
41.5771,41.6013,41.6790,101.9053,1
41.5917,41.6790,41.7547,163.0723,1
41.7779,41.7781,41.8421,64.2236,1
41.9791,41.9795,42.0373,58.1941,1
42.1510,42.1513,42.2099,58.9788,1
42.2545,42.2548,42.3142,59.6406,1
42.2666,42.3142,42.3937,127.1103,1
42.5640,42.5644,42.6220,58.0557,1
42.6351,42.6353,42.7063,71.2082,1
42.6883,42.7063,42.7821,93.7832,1
43.2514,43.2521,43.3115,60.1240,1
43.2592,43.3115,43.3920,132.7842,1
43.3922,43.3925,43.4677,75.4811,1
43.7215,43.7220,43.7804,58.9418,1
43.8169,43.8171,43.8784,61.5164,1
43.8570,43.8784,43.9563,99.3630,1
43.8895,43.9564,44.0328,143.2352,1
43.9114,44.0328,44.1083,196.9168,1
44.0794,44.1084,44.1845,105.1446,1
44.1835,44.1846,44.2601,76.5252,1
44.2086,44.2601,44.3365,127.9131,1
44.5801,44.5805,44.6378,57.7056,1
44.8416,44.8420,44.8992,57.5821,1
45.1979,45.1984,45.2556,57.6852,1
45.2940,45.2942,45.3547,60.6403,1
45.3455,45.3547,45.4331,87.6238,1
45.4157,45.4332,45.5088,93.1008,1
45.4312,45.5089,45.5845,153.3095,1
45.4783,45.5845,45.6604,182.0975,1
45.6190,45.6604,45.7368,117.8513,1
45.8830,45.8833,45.9400,57.0611,1
46.2243,46.2247,46.2828,58.5265,1
46.2292,46.2829,46.3650,135.7510,1
46.2614,46.3650,46.4410,179.6119,1
46.3863,46.4410,46.5168,130.4377,1
46.4005,46.5168,46.5929,192.4625,1
46.5412,46.5930,46.6686,127.3631,1
46.6007,46.6686,46.7451,144.3597,1
46.7566,46.7570,46.8249,68.2861,1
46.8014,46.8249,46.9018,100.4789,1
46.9813,46.9817,47.0405,59.1794,1
47.2239,47.2243,47.2823,58.4481,1
47.2263,47.2823,47.3659,139.6204,1
47.3625,47.3659,47.4421,79.6147,1
47.4565,47.4568,47.5231,66.5662,1
47.5470,47.5472,47.6127,65.7532,1
47.7800,47.7805,47.8398,59.7811,1
47.9605,47.9608,48.0195,59.0026,1
48.1496,48.1500,48.2105,60.8481,1
48.3044,48.3047,48.3625,58.0630,1
48.3386,48.3625,48.4453,106.7054,1
48.4773,48.4776,48.5400,62.7388,1
48.5468,48.5470,48.6191,72.3326,1
48.6476,48.6479,48.7101,62.5022,1
49.4501,49.4511,49.5111,61.0636,1
49.4753,49.5112,49.5920,116.7370,1
49.5757,49.5920,49.6677,92.0091,1
49.6050,49.6677,49.7446,139.5973,1
49.9218,49.9223,49.9805,58.7279,1
49.9371,49.9805,50.0634,126.2900,1
49.9759,50.0634,50.1397,163.8086,1
50.3008,50.3013,50.3601,59.3082,1
50.3399,50.3601,50.4421,102.2022,1
50.5234,50.5238,50.5810,57.5895,1
50.5698,50.5810,50.6644,94.5453,1
50.6298,50.6644,50.7403,110.4810,1
50.7351,50.7403,50.8168,81.7010,1
51.0385,51.0389,51.0979,59.3489,1
51.1972,51.1976,51.2575,60.2554,1
51.2422,51.2575,51.3397,97.4862,1
51.5817,51.5822,51.6405,58.8361,1
51.7145,51.7148,51.7735,59.0324,1
51.7812,51.7814,51.8559,74.7781,1
51.8614,51.8617,51.9353,73.8514,1
51.9995,51.9998,52.0586,59.1667,1
52.0601,52.0603,52.1408,80.6456,1
52.5278,52.5284,52.5879,60.1810,1
52.7574,52.7578,52.8160,58.5473,1
52.8602,52.8605,52.9214,61.2106,1
52.9458,52.9460,53.0128,67.0760,1
53.3836,53.3841,53.4421,58.5640,1
53.5657,53.5659,53.6242,58.4828,1
53.7148,53.7150,53.7739,59.0686,1
53.8043,53.8044,53.8676,63.2843,1
53.8815,53.8816,53.9529,71.3706,1
53.9929,53.9931,54.0549,62.0494,1
54.1419,54.1422,54.1998,57.8653,1
54.1871,54.1998,54.2831,96.0222,1
54.3224,54.3227,54.3812,58.8623,1
54.4236,54.4238,54.4840,60.4180,1
54.6894,54.6897,54.7497,60.2990,1
54.8443,54.8446,54.9033,58.9506,1
54.9470,54.9473,55.0068,59.7759,1
55.0248,55.0251,55.0949,70.0926,1
55.0337,55.0950,55.1739,140.1192,1
55.5084,55.5090,55.5684,60.0237,1
55.7814,55.7818,55.8396,58.1925,1
55.9519,55.9524,56.0110,59.0249,1
56.3280,56.3285,56.3895,61.4906,1
56.3334,56.3895,56.4708,137.3403,1
56.5051,56.5055,56.5654,60.2905,1
56.8120,56.8125,56.8714,59.4158,1
56.9052,56.9055,56.9671,61.8924,1
57.0597,57.0600,57.1188,59.0105,1
57.2427,57.2430,57.3031,60.3866,1
57.2533,57.3031,57.3877,134.3103,1
57.3743,57.3877,57.4635,89.1985,1
57.4201,57.4635,57.5410,120.8915,1
57.5400,57.5410,57.6183,78.3160,1
57.8880,57.8884,57.9491,61.0782,1
58.1140,58.1144,58.1746,60.5694,1
58.2960,58.2963,58.3554,59.4038,1
58.3344,58.3554,58.4378,103.3896,1
58.3830,58.4378,58.5140,131.0364,1
58.5684,58.5686,58.6292,60.8250,1
58.6245,58.6292,58.7095,85.0405,1
58.6743,58.7095,58.7865,112.1653,1
58.7442,58.7865,58.8629,118.7365,1
58.7907,58.8629,58.9397,148.9956,1
59.1137,59.1142,59.1753,61.6049,1
59.2836,59.2839,59.3432,59.5862,1
59.2867,59.3432,59.4261,139.4824,1
59.3928,59.4262,59.5030,110.2634,1
59.8447,59.8452,59.9058,61.0671,1
59.9031,59.9058,59.9876,84.4876,1
60.1055,60.1058,60.1653,59.7141,1
60.1400,60.1653,60.2476,107.5581,1
60.2434,60.2476,60.3245,81.1029,1
60.2490,60.3245,60.4024,153.3733,1
60.2683,60.4024,60.4803,211.9422,1
60.3458,60.4803,60.5587,212.8919,1
60.4340,60.5588,60.6352,201.2061,1
60.4497,60.6352,60.7127,263.0706,1
60.5199,60.7127,60.7899,269.9802,1
60.6118,60.7899,60.8680,256.1575,1
60.6849,60.8680,60.9518,266.8610,1
60.7644,60.9518,61.0537,289.2768,1
60.8297,61.0537,61.1371,307.3990,1
60.8480,61.1371,61.2164,368.3909,1
60.9274,61.2164,61.2954,368.0048,1
60.9882,61.2954,61.3719,383.7771,1
61.1604,61.3720,61.4494,288.9417,1
61.2457,61.4494,61.5279,282.2716,1
61.3095,61.5279,61.6048,295.2552,1
61.3135,61.6048,61.6828,369.2755,1
61.3242,61.6828,61.7596,435.4304,1
61.4075,61.7596,61.8393,431.7823,1
61.4165,61.8393,61.9291,512.6366,1
61.4525,61.9292,62.0165,563.9867,1
61.4656,62.0165,62.1013,635.7484,1
61.4797,62.1013,62.1823,702.5877,1
61.5059,62.1823,62.2625,756.6083,1
61.5309,62.2625,62.3418,810.8224,1
61.5715,62.3418,62.4191,847.5363,1
61.7562,62.4191,62.4967,740.4783,1
61.8322,62.4967,62.5742,741.9663,1
62.0417,62.5742,62.6520,610.2605,1
62.1353,62.6520,62.7298,594.4922,1
62.2596,62.7298,62.8120,552.3483,1
62.3430,62.8120,62.8968,553.7826,1
62.3732,62.8968,62.9824,609.1928,1
62.4612,62.9824,63.0665,605.2851,1
62.4679,63.0665,63.1486,680.6914,1
62.5387,63.1486,63.2297,691.0307,1
62.5890,63.2298,63.3102,721.1644,1
62.9126,63.3102,63.3898,477.2275,1
63.0196,63.3899,63.4691,449.5040,1
63.0287,63.4691,63.5480,519.3378,1
63.1251,63.5481,63.6268,501.6547,1
63.1649,63.6268,63.7072,542.3297,1
63.2314,63.7072,63.7883,556.8872,1
63.3582,63.7883,63.8722,513.9912,1
63.4534,63.8722,63.9561,502.6787,1
63.5478,63.9561,64.0400,492.2485,1
63.5636,64.0400,64.1229,559.3138,1
63.7601,64.1229,64.2050,444.8894,1
63.7702,64.2050,64.2854,515.1839,1
63.8392,64.2854,64.3649,525.7513,1
64.1792,64.3649,64.4432,264.0079,1
64.3901,64.4432,64.5228,132.7059,1
64.4607,64.5228,64.6032,142.5617,1
64.4621,64.6032,64.6831,220.9807,1
64.4811,64.6831,64.7654,284.3276,1
64.6461,64.7654,64.8477,201.6866,1
64.7546,64.8477,64.9316,176.9406,1
64.7576,64.9316,65.0147,257.0839,1
64.8675,65.0147,65.0970,229.5051,1
64.9174,65.0970,65.1786,261.2102,1
65.0285,65.1786,65.2596,231.1401,1
65.0318,65.2596,65.3393,307.4774,1
65.5662,65.5668,65.6291,62.9338,1
65.5985,65.6291,65.7106,112.0817,1
65.7209,65.7212,65.7914,70.4455,1
65.8923,65.8926,65.9509,58.6515,1
65.9041,65.9509,66.0348,130.6301,1
66.0142,66.0348,66.1124,98.1863,1
66.0683,66.1124,66.1905,122.2629,1
66.0920,66.1906,66.2691,177.1009,1
66.1568,66.2691,66.3476,190.8582,1
66.2526,66.3476,66.4250,172.4827,1
66.3489,66.4251,66.5031,154.2375,1
66.5740,66.5744,66.6323,58.3259,1
66.8021,66.8025,66.8630,60.8448,1
66.9481,66.9484,67.0091,61.0937,1
67.0816,67.0819,67.1420,60.4423,1
67.0997,67.1421,67.2256,125.9153,1
67.1719,67.2256,67.3032,131.3482,1
67.1831,67.3032,67.3813,198.2198,1
67.2191,67.3813,67.4588,239.6455,1
67.2337,67.4588,67.5372,303.4998,1
67.2421,67.5372,67.6160,373.8830,1
67.4373,67.6160,67.6935,256.1934,1
67.4519,67.6935,67.7716,319.7279,1
67.5184,67.7716,67.8542,335.7110,1
67.5411,67.8542,67.9392,398.0996,1
67.5430,67.9393,68.0360,493.0184,1
67.6130,68.0360,68.1192,506.2289,1
67.6920,68.1192,68.2000,508.0016,1
67.9610,68.2000,68.2784,317.4618,1
68.0367,68.2785,68.3565,319.7803,1
68.0835,68.3565,68.4348,351.3091,1
68.2066,68.4348,68.5139,307.2153,1
68.2330,68.5139,68.5920,358.9759,1
68.3248,68.5920,68.6706,345.7522,1
68.3817,68.6706,68.7491,367.3953,1
68.4953,68.7491,68.8315,336.2337,1
68.5158,68.8315,68.9223,406.5136,1
68.5281,68.9223,69.0086,480.5449,1
68.5313,69.0086,69.0926,561.2562,1
68.6555,69.0926,69.1749,519.4098,1
68.6583,69.1749,69.2559,597.6047,1
68.7316,69.2560,69.3358,604.1353,1
68.8229,69.3358,69.4159,592.9601,1
68.8428,69.4159,69.4934,650.6305,1
68.8873,69.4934,69.5730,685.6768,1
68.9076,69.5730,69.6505,742.8201,1
69.0363,69.6505,69.7309,694.6292,1
69.1075,69.7309,69.8150,707.4432,1
69.1111,69.8150,69.9006,789.5248,1
69.3014,69.9006,69.9862,684.7908,1
69.3398,69.9862,70.0706,730.8123,1
69.3439,70.0706,70.1529,809.0216,1
69.4898,70.1529,70.2347,744.9885,1
69.5263,70.2348,70.3155,789.2424,1
69.5524,70.3155,70.3954,843.0172,1
69.6619,70.3954,70.4758,813.8704,1
69.7855,70.4758,70.5554,769.9300,1
69.8284,70.5555,70.6359,807.4927,1
69.8856,70.6359,70.7170,831.3479,1
70.0529,70.7170,70.8005,747.6130,1
70.0682,70.8005,70.8851,816.8865,1
70.0685,70.8851,70.9699,901.3870,1
70.2732,70.9699,71.0534,780.1620,1
70.3484,71.0534,71.1357,787.2574,1
70.4857,71.1357,71.2179,732.1434,1
70.5250,71.2179,71.2988,773.7695,1
70.5410,71.2988,71.3798,838.8122,1
70.5438,71.3798,71.4605,916.6889,1
70.5562,71.4605,71.5409,984.7765,1
70.7005,71.5409,71.6217,921.1877,1
70.7184,71.6217,71.7039,985.4651,1
70.8891,71.7039,71.7869,897.8345,1
71.0256,71.7869,71.8709,845.2147,1
71.0746,71.8709,71.9548,880.2396,1
71.1125,71.9548,72.0387,926.1873,1
71.4192,72.0387,72.1216,702.4122,1
71.4629,72.1217,72.2032,740.3711,1
71.5134,72.2032,72.2852,771.8348,1
71.6096,72.2852,72.3667,757.0942,1
71.6454,72.3667,72.4479,802.4630,1
71.9242,72.4479,72.5287,604.4631,1
71.9425,72.5287,72.6102,667.7051,1
72.0112,72.6102,72.6914,680.1869,1
72.1614,72.6914,72.7750,613.5983,1
72.1748,72.7750,72.8587,683.9448,1
72.2695,72.8587,72.9424,672.9378,1
72.3925,72.9424,73.0259,633.4606,1
72.5611,73.0259,73.1083,547.2674,1
72.5932,73.1083,73.1907,597.4849,1
72.7541,73.1907,73.2730,518.9030,1
72.7697,73.2730,73.3546,584.8188,1
72.8283,73.3546,73.4357,607.4533,1
72.8928,73.4357,73.5173,624.4611,1
72.9015,73.5173,73.5988,697.2777,1
72.9575,73.5988,73.6814,723.8583,1
73.1582,73.6814,73.7653,607.1617,1
73.3975,73.7653,73.8484,450.9315,1
73.4771,73.8485,73.9324,455.3024,1
73.5311,73.9324,74.0154,484.2483,1
73.6027,74.0154,74.0977,495.0353,1
73.6599,74.0977,74.1807,520.7300,1
73.7147,74.1807,74.2631,548.4623,1
73.8363,74.2631,74.3444,508.0924,1
74.0114,74.3444,74.4255,414.0776,1
74.0796,74.4255,74.5078,428.2127,1
74.0811,74.5078,74.5901,509.0348,1
74.0868,74.5901,74.6729,586.1454,1
74.1211,74.6729,74.7563,635.1715,1
74.3248,74.7563,74.8400,515.1458,1
74.4033,74.8400,74.9231,519.7963,1
74.4684,74.9231,75.0067,538.2805,1
74.5371,75.0067,75.0895,552.3939,1
74.6439,75.0895,75.1718,527.9427,1
74.6806,75.1718,75.2545,573.9127,1
74.6822,75.2546,75.3359,653.7397,1
74.8020,75.3359,75.4185,616.4378,1
74.8345,75.4185,75.5004,665.8937,1
74.8713,75.5004,75.5826,711.3800,1
74.9141,75.5827,75.6662,752.1100,1
75.3358,75.6662,75.7497,413.9627,1
75.3894,75.7498,75.8333,443.8494,1
75.6183,75.8333,75.9172,298.9045,1
75.7636,75.9172,75.9998,236.1224,1
75.7867,75.9998,76.0821,295.4010,1
75.9275,76.0821,76.1659,238.4372,1
76.2091,76.2096,76.2724,63.3186,1
76.3450,76.3453,76.4093,64.3866,1
76.3503,76.4094,76.4924,142.0512,1
76.4718,76.4924,76.5707,98.9259,1
76.5586,76.5707,76.6507,92.0374,1
76.5836,76.6507,76.7304,146.8298,1
76.6041,76.7304,76.8101,205.9731,1
76.6524,76.8101,76.8890,236.5728,1
76.7436,76.8890,76.9669,223.2791,1
76.7522,76.9669,77.0445,292.3024,1
76.9694,77.0445,77.1252,155.7807,1
76.9941,77.1252,77.2219,227.8488,1
77.1302,77.2219,77.3134,183.1450,1
77.1904,77.3134,77.3983,207.9386,1
77.2789,77.3984,77.4798,200.9909,1
77.4058,77.4799,77.5614,155.5592,1
77.4178,77.5614,77.6422,224.3883,1
77.5284,77.6422,77.7225,194.1524,1
77.5806,77.7226,77.8021,221.4719,1
77.5965,77.8021,77.8830,286.4866,1
77.7110,77.8830,77.9634,252.3183,1
77.7276,77.9634,78.0435,315.8362,1
77.9846,78.0435,78.1316,146.9807,1
77.9898,78.1316,78.2221,232.3336,1
78.0737,78.2221,78.3099,236.2088,1
78.2403,78.3099,78.3946,154.3363,1
78.5008,78.5011,78.5639,63.0949,1
78.5104,78.5639,78.6479,137.5463,1
78.6443,78.6479,78.7279,83.6343,1
78.6933,78.7280,78.8076,114.2643,1
78.6934,78.8076,78.8876,194.2714,1
78.7055,78.8877,78.9676,262.1002,1
78.9286,78.9676,79.0481,119.4323,1
79.0964,79.0967,79.1560,59.6829,1
79.1941,79.1944,79.2568,62.7530,1
79.3787,79.3790,79.4410,62.3168,1
79.5208,79.5211,79.5824,61.6557,1
79.6449,79.6452,79.7080,63.0880,1
79.8358,79.8361,79.8964,60.6679,1
79.8641,79.8965,79.9835,119.3352,1
79.8782,79.9835,80.0629,184.7845,1
79.9119,80.0630,80.1427,230.7239,1
79.9429,80.1427,80.2237,280.8343,1
80.0967,80.2237,80.3030,206.3174,1
80.1261,80.3030,80.3838,257.7124,1
80.1816,80.3838,80.4631,281.5191,1
80.3406,80.4631,80.5432,202.5360,1
80.9477,80.9485,81.0118,64.1140,1
80.9588,81.0119,81.0960,137.2716,1
81.0448,81.0960,81.1759,131.0753,1
81.0594,81.1759,81.2561,196.6588,1
81.1944,81.2561,81.3357,141.2996,1
81.2835,81.3358,81.4163,132.7941,1
81.4367,81.4371,81.5044,67.6477,1
81.4546,81.5044,81.5868,132.2482,1
81.6596,81.6600,81.7227,63.0278,1
81.9616,81.9620,82.0260,64.4530,1
82.0131,82.0260,82.1101,96.9676,1
82.2702,82.2706,82.3332,62.9217,1
82.3168,82.3332,82.4175,100.7337,1
82.3276,82.4175,82.4972,169.6211,1
82.6318,82.6323,82.6937,61.9313,1
82.7373,82.7376,82.8001,62.8318,1
82.8181,82.8182,82.8894,71.2879,1
82.9753,82.9755,83.0349,59.6580,1
83.1946,83.1950,83.2555,60.9128,1
83.2383,83.2555,83.3420,103.6935,1
83.3777,83.3779,83.4406,62.9350,1
83.3794,83.4406,83.5247,145.2903,1
83.4717,83.5247,83.6047,133.0227,1
83.5375,83.6048,83.6840,146.5767,1
83.5472,83.6841,83.7641,216.8363,1
83.7175,83.7641,83.8445,126.9210,1
83.7602,83.8445,83.9248,164.6221,1
83.9417,83.9420,84.0111,69.3864,1
83.9977,84.0111,84.1067,108.9936,1
84.0479,84.1068,84.1857,137.7782,1
84.3918,84.3923,84.4518,59.9929,1
84.4047,84.4518,84.5389,134.2492,1
84.4792,84.5389,84.6187,139.5531,1
85.0035,85.0042,85.0651,61.6280,1
85.1250,85.1253,85.1865,61.5193,1
85.2888,85.2891,85.3518,63.0041,1
85.3822,85.3825,85.4498,67.6266,1
85.7006,85.7011,85.7632,62.5901,1
85.7056,85.7632,85.8472,141.5563,1
85.8655,85.8659,85.9332,67.6592,1
85.9381,85.9384,86.0137,75.5558,1
86.0903,86.0905,86.1495,59.2285,1
86.1571,86.1574,86.2339,76.7751,1
86.2122,86.2339,86.3147,102.5341,1
86.2501,86.3147,86.3949,144.8306,1
86.2659,86.3950,86.4754,209.4664,1
86.6040,86.6046,86.6681,64.0381,1
86.7638,86.7641,86.8266,62.8188,1
86.8923,86.8925,86.9556,63.2743,1
87.0088,87.0091,87.0711,62.3528,1
87.1043,87.1045,87.1698,65.5288,1
87.2172,87.2175,87.2819,64.7382,1
87.4827,87.4831,87.5449,62.2308,1
87.5161,87.5449,87.6298,113.7161,1
87.5868,87.6299,87.7100,123.2264,1
87.6832,87.7100,87.7901,106.9085,1
87.7381,87.7901,87.8704,132.2992,1
87.7980,87.8705,87.9510,152.9752,1
87.9454,87.9510,88.0314,85.9627,1
87.9479,88.0314,88.1112,163.2505,1
88.0520,88.1112,88.1921,140.1140,1
88.1502,88.1921,88.2722,122.0154,1
88.2169,88.2723,88.3799,163.0078,1
88.2399,88.3799,88.4645,224.5903,1
88.2463,88.4645,88.5499,303.6418,1
88.3934,88.5500,88.6333,239.9084,1
88.5297,88.6333,88.7145,184.8236,1
88.5788,88.7145,88.7958,216.9708,1
88.5918,88.7958,88.8766,284.7931,1
88.6394,88.8766,88.9577,318.2888,1
88.6758,88.9578,89.0385,362.7097,1
88.7999,89.0385,89.1197,319.7858,1
88.8861,89.1197,89.2008,314.6165,1
88.9118,89.2008,89.2947,382.9016,1
89.0034,89.2947,89.3846,381.1663,1
89.1101,89.3846,89.4723,362.2433,1
89.1840,89.4723,89.5579,373.8579,1
89.2449,89.5579,89.6411,396.1481,1
89.6202,89.6411,89.7238,103.5917,1
89.6951,89.7238,89.8057,110.5868,1
89.8577,89.8579,89.9216,63.9394,1
89.8758,89.9217,90.0061,130.2367,1
89.9422,90.0061,90.0869,144.6589,1
89.9616,90.0869,90.1677,206.1002,1
90.1829,90.1833,90.2539,70.9965,1
90.3053,90.3056,90.3696,64.3249,1
90.4068,90.4070,90.4711,64.2383,1
90.4701,90.4711,90.5556,85.4267,1
90.4797,90.5556,90.6363,156.6010,1
90.8667,90.8673,90.9269,60.1684,1
90.9231,90.9269,91.0134,90.2683,1
91.5864,91.5871,91.6503,63.9552,1
91.8442,91.8446,91.9086,64.3837,1
92.0596,92.0600,92.1236,63.9862,1
92.4822,92.4826,92.5465,64.3703,1
92.7469,92.7473,92.8060,59.0415,1
92.8225,92.8226,92.8938,71.3446,1
92.9611,92.9613,93.0248,63.6233,1
93.7074,93.7083,93.7675,60.0518,1
93.7230,93.7675,93.8538,130.7799,1
93.9999,94.0002,94.0631,63.2183,1
94.1771,94.1773,94.2427,65.6279,1
94.2349,94.2427,94.3268,91.9180,1
94.3162,94.3269,94.4059,89.7554,1
94.4505,94.4508,94.5138,63.2428,1
94.5162,94.5164,94.5974,81.2453,1
95.0189,95.0196,95.0808,61.8713,1
95.2628,95.2632,95.3262,63.3763,1
95.6081,95.6085,95.6667,58.6482,1
95.6869,95.6870,95.7577,70.8314,1
97.3709,97.3727,97.4329,61.9515,1
97.7076,97.7080,97.7665,58.8604,1
97.8098,97.8100,97.8719,62.0799,1
98.2180,98.2185,98.2804,62.4662,1
98.5975,98.5980,98.6615,63.9256,1
98.9699,98.9703,99.0323,62.3609,1
99.0823,99.0825,99.1457,63.3318,1
99.5167,99.5172,99.5803,63.6428,1
99.5506,99.5804,99.6645,113.9065,1
99.6457,99.6646,99.7452,99.5254,1
99.8049,99.8051,99.8643,59.3887,1
99.9752,99.9754,100.0366,61.4414,1
100.1987,100.1991,100.2595,60.8125,1
100.3067,100.3069,100.3690,62.2964,1
100.7073,100.7078,100.7696,62.3241,1
101.1723,101.1728,101.2335,61.2376,1
101.4993,101.4999,101.5594,60.0148,1
101.6750,101.6754,101.7385,63.5422,1
101.7467,101.7470,101.8229,76.1941,1
102.3991,102.3999,102.4633,64.2182,1
102.4648,102.4651,102.5473,82.4574,1
102.6509,102.6513,102.7125,61.5907,1
103.6220,103.6231,103.6824,60.3732,1
103.6868,103.6869,103.7668,79.9841,1
103.8023,103.8026,103.8669,64.5298,1
103.8841,103.8843,103.9540,69.8824,1
103.8997,103.9540,104.0349,135.2081,1
104.3956,104.3963,104.4581,62.5059,1
104.4365,104.4581,104.5431,106.5988,1
104.6045,104.6048,104.6652,60.7569,1
104.6138,104.6652,104.7506,136.8265,1
104.7656,104.7659,104.8369,71.2932,1
105.0268,105.0272,105.0898,63.0084,1
105.1201,105.1204,105.1857,65.6002,1
105.3719,105.3723,105.4337,61.7293,1
105.8377,105.8384,105.8973,59.6089,1
105.8755,105.8974,105.9822,106.7224,1
105.8837,105.9822,106.0619,178.1498,1
105.9873,106.0619,106.1415,154.2031,1
106.5879,106.5886,106.6506,62.7026,1
107.0834,107.0840,107.1442,60.7849,1
107.4282,107.4287,107.4905,62.3321,1
107.5285,107.5288,107.5926,64.1451,1
107.5625,107.5926,107.6755,113.0329,1
108.4630,108.4640,108.5225,59.5372,1
108.8257,108.8261,108.8857,60.0608,1
109.4448,109.4455,109.5075,62.7041,1
109.5155,109.5156,109.5921,76.6378,1
109.5936,109.5937,109.6734,79.8615,1
109.7038,109.7039,109.7656,61.8493,1
109.8788,109.8790,109.9425,63.6832,1
109.9113,109.9425,110.0269,115.5419,1
110.1185,110.1189,110.1814,62.9037,1
110.5203,110.5209,110.5796,59.2402,1
110.7680,110.7685,110.8313,63.2685,1
111.1612,111.1618,111.2224,61.1352,1
111.9703,111.9713,112.0341,63.7816,1
111.9755,112.0341,112.1182,142.7885,1
112.2464,112.2468,112.3063,59.9526,1
112.2575,112.3063,112.3916,134.1051,1
112.3477,112.3916,112.4693,121.5416,1
112.5540,112.5543,112.6155,61.4886,1
112.7585,112.7589,112.8190,60.4585,1
113.7419,113.7430,113.8051,63.2231,1
113.8151,113.8153,113.8903,75.2754,1
113.8303,113.8903,113.9693,138.9822,1
114.2766,114.2771,114.3394,62.8912,1
114.3232,114.3395,114.4240,100.7650,1
114.6562,114.6567,114.7156,59.3574,1
114.7060,114.7156,114.7993,93.2457,1
115.2279,115.2285,115.2893,61.4083,1
116.1887,116.1898,116.2530,64.3364,1
116.8665,116.8672,116.9275,61.0466,1
117.2871,117.2876,117.3499,62.8426,1
117.4402,117.4404,117.5025,62.2752,1
117.5272,117.5274,117.5944,67.1689,1
117.7109,117.7112,117.7749,64.0257,1
117.8136,117.8138,117.8791,65.4625,1
117.8795,117.8796,117.9603,80.7486,1
117.9950,117.9952,118.0606,65.5612,1
117.9959,118.0606,118.1425,146.5920,1
118.0297,118.1425,118.2204,190.6611,1
118.0742,118.2204,118.2991,224.8746,1
118.2676,118.2991,118.3788,111.1908,1
118.3866,118.3868,118.4598,73.1781,1
118.4821,118.4822,118.5481,65.9999,1
118.7991,118.7996,118.8623,63.2192,1
118.9781,118.9785,119.0385,60.4195,1
119.1420,119.1422,119.2009,58.8748,1
119.2488,119.2491,119.3124,63.5283,1
119.4296,119.4298,119.4914,61.8693,1
119.7332,119.7335,119.7962,63.0467,1
120.1041,120.1046,120.1651,60.9573,1
120.1124,120.1651,120.2504,137.9590,1
120.1784,120.2504,120.3304,151.9884,1
120.3559,120.3561,120.4197,63.8236,1
120.4489,120.4490,120.5145,65.6113,1
121.6178,121.6192,121.6803,62.4311,1
121.8173,121.8177,121.8796,62.2735,1
122.0451,122.0455,122.1078,62.6653,1
122.0480,122.1078,122.1927,144.7176,1
122.2451,122.2454,122.3068,61.7670,1
122.6081,122.6085,122.6713,63.1861,1
122.7827,122.7829,122.8443,61.6117,1
123.0473,123.0476,123.1114,64.1332,1
123.2057,123.2059,123.2680,62.3550,1
123.4138,123.4141,123.4774,63.5778,1
123.6001,123.6004,123.6626,62.5140,1
124.0833,124.0838,124.1436,60.3296,1
124.1267,124.1436,124.2285,101.7894,1
124.3384,124.3387,124.3976,59.2201,1
124.4103,124.4104,124.4844,74.1237,1
124.5265,124.5268,124.5899,63.4007,1
124.5588,124.5899,124.6737,114.8552,1
124.6380,124.6737,124.7533,115.3344,1
124.6860,124.7533,124.8330,146.9617,1
124.7735,124.8330,124.9130,139.4871,1
124.9170,124.9174,124.9937,76.6280,1
124.9657,124.9937,125.0737,108.0477,1
124.9807,125.0737,125.1541,173.3940,1
125.1886,125.1889,125.2549,66.2407,1
125.2771,125.2774,125.3442,67.0808,1
125.4734,125.4738,125.5370,63.6371,1
125.5213,125.5371,125.6215,100.2007,1
125.5545,125.6215,125.7015,147.0078,1
125.6415,125.7015,125.7801,138.5846,1
125.6958,125.7801,125.8590,163.2772,1
125.7915,125.8590,125.9399,148.3670,1
126.0866,126.0870,126.1488,62.2018,1
126.0990,126.1488,126.2332,134.1599,1
126.1453,126.2332,126.3135,168.2076,1
126.2183,126.3136,126.3936,175.2887,1
126.3396,126.3936,126.4740,134.3080,1
126.3723,126.4740,126.5544,182.0726,1
126.4435,126.5544,126.6351,191.6204,1
126.4665,126.6351,126.7152,248.7276,1
126.5061,126.7152,126.7956,289.5011,1
126.5440,126.7956,126.8761,332.0992,1
126.6550,126.8761,126.9804,325.3960,1
126.7288,126.9805,127.0679,339.1406,1
127.0078,127.0679,127.1532,145.4720,1
127.2306,127.2309,127.2923,61.6099,1
127.3643,127.3646,127.4268,62.5067,1
127.4195,127.4269,127.5119,92.4018,1
127.4792,127.5119,127.5923,113.1210,1
127.5046,127.5923,127.6727,168.0888,1
127.6578,127.6727,127.7532,95.3455,1
127.7435,127.7532,127.8342,90.7108,1
127.7823,127.8342,127.9146,132.3369,1
127.9233,127.9235,127.9969,73.6761,1
127.9815,127.9970,128.0786,97.0979,1
128.1268,128.1272,128.1909,64.0315,1
128.2924,128.2926,128.3549,62.5334,1
128.2928,128.3549,128.4402,147.3366,1
128.4878,128.4881,128.5514,63.5924,1
128.8148,128.8153,128.8788,64.0509,1
128.8940,128.8942,128.9670,72.9899,1
128.9099,128.9670,129.0473,137.4253,1
129.0505,129.0508,129.1289,78.4543,1
129.1287,129.1290,129.2094,80.6683,1
129.2826,129.2829,129.3437,61.0754,1
129.3961,129.3964,129.4606,64.4592,1
129.5157,129.5160,129.5766,60.8462,1
129.5703,129.5766,129.6630,92.7756,1
129.6670,129.6673,129.7445,77.5206,1
129.9553,129.9557,130.0178,62.4863,1
129.9828,130.0178,130.1041,121.2705,1
129.9839,130.1041,130.1841,200.1943,1
129.9876,130.1841,130.2645,276.8771,1
130.0108,130.2645,130.3459,335.1426,1
130.6162,130.6170,130.6780,61.8554,1
130.6227,130.6780,130.7648,142.1084,1
130.9065,130.9070,130.9707,64.1740,1
131.1390,131.1393,131.2024,63.3921,1
131.4896,131.4901,131.5483,58.6896,1
131.4910,131.5484,131.6340,142.9493,1
131.5108,131.6340,131.7144,203.6446,1
131.6123,131.7145,131.7952,182.9411,1
131.6577,131.7952,131.8760,218.3219,1
131.6972,131.8760,131.9568,259.6281,1
131.8376,131.9568,132.0376,199.9822,1
132.0872,132.0876,132.1522,65.0862,1
132.0980,132.1523,132.2357,137.6595,1
132.1525,132.2357,132.3162,163.7639,1
132.2579,132.3162,132.4112,153.3166,1
132.3813,132.4112,132.4913,109.9314,1
132.4118,132.4913,132.5720,160.2130,1
132.4401,132.5721,132.6528,212.6851,1
132.4879,132.6528,132.7336,245.7099,1
132.7993,132.7997,132.8616,62.2958,1
132.8824,132.8826,132.9536,71.1718,1
133.0695,133.0698,133.1305,61.0154,1
133.3334,133.3339,133.3979,64.4587,1
133.4580,133.4583,133.5177,59.6569,1
133.5775,133.5778,133.6412,63.7800,1
133.7703,133.7706,133.8342,63.9306,1
133.7841,133.8343,133.9199,135.7881,1
134.5707,134.5717,134.6344,63.7032,1
134.8611,134.8616,134.9267,65.6588,1
135.2340,135.2346,135.2943,60.3325,1
135.4116,135.4119,135.4761,64.4817,1
135.4606,135.4761,135.5607,100.1784,1
135.5234,135.5608,135.6412,117.7671,1
135.6010,135.6412,135.7216,120.5371,1
135.6222,135.7216,135.8027,180.5438,1
135.8018,135.8027,135.8835,81.6644,1
135.8286,135.8835,135.9643,135.7208,1
135.8686,135.9643,136.0451,176.4341,1
135.9262,136.0451,136.1258,199.6800,1
135.9465,136.1259,136.2066,260.1164,1
135.9686,136.2066,136.3164,347.8396,1
136.0546,136.3165,136.4023,347.6922,1
136.1693,136.4023,136.4876,318.2934,1
136.2007,136.4876,136.5700,369.2539,1
136.2021,136.5700,136.6523,450.1605,1
136.2264,136.6523,136.7335,507.1515,1
136.3451,136.7335,136.8144,469.2527,1
136.7004,136.8144,136.8920,191.5575,1
136.7035,136.8920,136.9723,268.7248,1
136.7102,136.9723,137.0523,342.1517,1
136.8222,137.0524,137.1324,310.1550,1
136.8345,137.1324,137.2259,391.3799,1
136.8466,137.2259,137.3156,468.9542,1
136.8689,137.3156,137.4024,533.5713,1
136.9156,137.4024,137.4865,570.8516,1
137.0984,137.4865,137.5692,470.8249,1
137.3056,137.5692,137.6507,345.1066,1
137.4017,137.6507,137.7323,330.6069,1
137.5424,137.7323,137.8134,270.9924,1
137.6321,137.8134,137.8945,262.4023,1
137.6528,137.8945,137.9749,322.1168,1
137.6747,137.9749,138.0563,381.5570,1
137.7289,138.0563,138.1427,413.8224,1
137.7605,138.1428,138.2309,470.4658,1
137.8359,138.2309,138.3194,483.5177,1
137.9591,138.3194,138.4056,446.4967,1
137.9722,138.4056,138.4899,517.6851,1
138.0145,138.4899,138.5730,558.4491,1
138.2590,138.5730,138.6553,396.3313,1
138.3280,138.6553,138.7370,409.0954,1
138.3866,138.7371,138.8186,431.9635,1
138.5044,138.8186,138.8997,395.3141,1
138.6028,138.8997,138.9815,378.6038,1
138.6090,138.9815,139.0652,456.1847,1
138.9097,139.0652,139.1521,242.3778,1
139.1723,139.1728,139.2433,71.0084,1
139.3485,139.3488,139.4080,59.4742,1
139.4036,139.4080,139.4931,89.5305,1
139.4385,139.4931,139.5736,135.0907,1
139.4911,139.5736,139.6540,162.8574,1
139.5173,139.6540,139.7339,216.5407,1
139.6193,139.7339,139.8148,195.4528,1
139.8215,139.8219,139.8963,74.7997,1
139.8756,139.8963,139.9773,101.7259,1
140.0014,140.0016,140.0701,68.7061,1
140.0142,140.0701,140.1529,138.6299,1
140.1147,140.1529,140.2542,139.4955,1
140.2084,140.2542,140.3352,126.8590,1
140.3503,140.3506,140.4210,70.6566,1
140.4393,140.4396,140.5097,70.3238,1
140.7530,140.7535,140.8131,60.0835,1
140.7630,140.8131,140.8999,136.9566,1
140.8263,140.8999,140.9802,153.9113,1
140.8377,140.9802,141.0606,222.8731,1
140.9972,141.0606,141.1410,143.7790,1
141.1275,141.1410,141.2214,93.8746,1
141.2445,141.2448,141.3131,68.6054,1
141.2712,141.3131,141.3957,124.5135,1
141.5533,141.5539,141.6167,63.4219,1
141.7142,141.7146,141.7732,58.9519,1
142.1314,142.1319,142.1942,62.8038,1
142.1839,142.1943,142.2798,95.9164,1
142.2762,142.2798,142.3603,84.0599,1
142.5375,142.5379,142.6019,64.3229,1
142.5692,142.6019,142.6883,119.1444,1
142.6606,142.6884,142.7691,108.4923,1
142.8132,142.8136,142.8772,63.9720,1
142.8950,142.8953,142.9648,69.8146,1
143.2121,143.2126,143.2740,61.8366,1
143.2359,143.2740,143.3599,123.9535,1
143.2600,143.3599,143.4399,179.9409,1
143.3900,143.4399,143.5213,131.2922,1
143.5653,143.5657,143.6314,66.1482,1
143.7234,143.7238,143.7859,62.4603,1
143.8399,143.8401,143.9028,62.8685,1
144.0131,144.0135,144.0749,61.7638,1
144.1025,144.1027,144.1709,68.4261,1
144.2098,144.2101,144.2708,61.0153,1
144.3632,144.3636,144.4257,62.4671,1
144.4389,144.4390,144.5129,73.9759,1
144.4463,144.5129,144.5944,148.0940,1
144.5004,144.5944,144.6753,174.9406,1
144.6084,144.6753,144.7561,147.6411,1
144.6092,144.7561,144.8365,227.3370,1
144.8188,144.8365,144.9176,98.8499,1
144.9176,144.9180,144.9984,80.7620,1
144.9370,144.9984,145.0788,141.7848,1
144.9723,145.0788,145.1596,187.2893,1
145.0151,145.1596,145.2637,248.5672,1
145.1633,145.2637,145.3526,189.3326,1
145.3584,145.3588,145.4363,77.9448,1
145.5164,145.5167,145.5800,63.6718,1
145.6613,145.6617,145.7263,64.9199,1
145.7161,145.7263,145.8107,94.5300,1
145.7865,145.8107,145.8913,104.8833,1
145.8406,145.8914,145.9716,130.9534,1
145.9384,145.9716,146.0526,114.2147,1
146.2964,146.2970,146.3576,61.1983,1
146.5465,146.5469,146.6100,63.5257,1
146.7009,146.7013,146.7650,64.0962,1
147.0852,147.0856,147.1493,64.1948,1
147.1315,147.1494,147.2352,103.7348,1
147.2181,147.2352,147.3131,95.0057,1
147.3893,147.3896,147.4492,59.8895,1
147.5271,147.5274,147.5913,64.1979,1
147.5588,147.5913,147.6761,117.3331,1
147.5992,147.6761,147.7563,157.1289,1
147.6635,147.7563,147.8369,173.4087,1
148.1022,148.1028,148.1662,64.0277,1
148.1396,148.1663,148.2512,111.5801,1
148.3200,148.3204,148.3829,62.9112,1
148.3706,148.3830,148.4679,97.2855,1
148.4720,148.4723,148.5493,77.3362,1
148.8731,148.8735,148.9363,63.2189,1
149.1131,149.1134,149.1764,63.2890,1
149.1639,149.1764,149.2623,98.4415,1
149.1723,149.2623,149.3430,170.6828,1
149.2106,149.3430,149.4234,212.8577,1
149.3036,149.4234,149.5042,200.5564,1
149.3686,149.5042,149.5846,216.0180,1
149.3720,149.5846,149.6658,293.8083,1
149.7596,149.7601,149.8254,65.7524,1
149.8167,149.8254,149.9107,94.0234,1
150.4891,150.4898,150.5524,63.2922,1
150.5541,150.5542,150.6364,82.3301,1
150.6548,150.6549,150.7249,70.1792,1
150.7597,150.7599,150.8263,66.6200,1
150.9917,150.9920,151.0545,62.7410,1
151.3692,151.3696,151.4314,62.2133,1
151.6174,151.6177,151.6827,65.3681,1
151.7160,151.7161,151.7827,66.7801,1
151.8126,151.8128,151.8790,66.4009,1
152.4059,152.4066,152.4680,62.1363,1
153.0646,153.0653,153.1283,63.6724,1
153.1003,153.1283,153.2127,112.4263,1
153.3107,153.3111,153.3734,62.6297,1
153.3808,153.3811,153.4588,78.0382,1
153.5539,153.5543,153.6162,62.2817,1
153.6450,153.6452,153.7107,65.7035,1
153.6695,153.7107,153.7926,123.0512,1
154.7051,154.7063,154.7687,63.6674,1
154.7449,154.7688,154.8531,108.2589,1
155.1834,155.1839,155.2451,61.6656,1
155.2884,155.2885,155.3518,63.4659,1
155.3217,155.3519,155.4356,113.9231,1
155.3278,155.4356,155.5161,188.2999,1
155.8417,155.8424,155.9012,59.4834,1
156.0348,156.0352,156.0959,61.0808,1
156.1149,156.1151,156.1861,71.2547,1
156.1468,156.1862,156.2674,120.6360,1
156.1864,156.2675,156.3476,161.1903,1
156.4182,156.4186,156.4820,63.7893,1
156.4269,156.4820,156.5669,139.9949,1
156.4464,156.5669,156.6470,200.6001,1
156.5114,156.6470,156.7274,215.9997,1
156.5546,156.7274,156.8082,253.5256,1
157.0614,157.0621,157.1248,63.3928,1
157.2176,157.2179,157.2819,64.3443,1
157.2615,157.2819,157.3676,106.0211,1
157.6302,157.6308,157.6937,63.4357,1
157.6569,157.6937,157.7796,122.6731,1
158.1775,158.1783,158.2420,64.4879,1
158.9351,158.9360,158.9985,63.3995,1
159.6682,159.6692,159.7277,59.4215,1
159.9224,159.9227,159.9856,63.1935,1
160.3008,160.3014,160.3608,59.9264,1
160.3405,160.3608,160.4460,105.4476,1
160.4109,160.4460,160.5261,115.2393,1
160.4855,160.5261,160.6058,120.2981,1
160.5865,160.6058,160.6868,100.2456,1
160.5977,160.6868,160.7666,168.8357,1
160.6184,160.7666,160.8473,228.9220,1
160.9940,160.9945,161.0572,63.2166,1
161.1229,161.1234,161.1834,60.5094,1
161.4498,161.4504,161.5124,62.5762,1
161.4538,161.5124,161.6004,146.5569,1
161.5240,161.6004,161.6804,156.4292,1
161.8573,161.8580,161.9198,62.5058,1
161.9124,161.9198,162.0051,92.6964,1
162.0767,162.0770,162.1380,61.3419,1
162.1126,162.1381,162.2225,109.9354,1
162.3508,162.3514,162.4126,61.7363,1
162.5939,162.5943,162.6569,62.9823,1
162.6025,162.6570,162.7437,141.2201,1
162.7076,162.7437,162.8239,116.2157,1
162.8497,162.8501,162.9162,66.5237,1
163.0646,163.0652,163.1281,63.4130,1
164.1825,164.1840,164.2490,66.4659,1
164.8188,164.8197,164.8829,64.0835,1
165.2709,165.2716,165.3324,61.5646,1
165.3585,165.3587,165.4248,66.2978,1
165.3608,165.4248,165.5065,145.7309,1
165.4411,165.5066,165.5867,145.5773,1
165.4929,165.5867,165.6654,172.4927,1
166.0526,166.0532,166.1156,63.0272,1
166.1165,166.1167,166.2006,84.1219,1
166.5596,166.5601,166.6242,64.5704,1
168.1169,168.1186,168.1786,61.7065,1
168.2460,168.2464,168.3069,60.8689,1
168.8659,168.8666,168.9273,61.4033,1
169.1499,169.1503,169.2108,60.8553,1
169.1522,169.2108,169.2962,143.9908,1
169.2811,169.2962,169.3761,95.0335,1
169.6831,169.6839,169.7451,61.9904,1
169.7890,169.7893,169.8498,60.8605,1
170.4346,170.4355,170.4979,63.3142,1
170.6743,170.6748,170.7368,62.4898,1
170.6981,170.7369,170.8219,123.8475,1
170.8584,170.8589,170.9240,65.5984,1
171.3556,171.3564,171.4193,63.7093,1
171.5171,171.5175,171.5797,62.5631,1
171.6139,171.6143,171.6786,64.7335,1
171.6526,171.6787,171.7608,108.1615,1
171.8958,171.8962,171.9594,63.5974,1
171.9391,171.9594,172.0440,104.8929,1
172.1170,172.1175,172.1809,63.9104,1
172.1615,172.1810,172.2650,103.4770,1
172.2110,172.2650,172.3449,133.9076,1
172.5325,172.5331,172.5949,62.3507,1
172.6692,172.6696,172.7322,63.0285,1
172.7856,172.7861,172.8495,63.8906,1
172.7864,172.8496,172.9343,147.8299,1
172.7985,172.9343,173.0146,216.1377,1
173.0025,173.0146,173.0946,92.0518,1
173.2640,173.2645,173.3264,62.3913,1
173.5088,173.5093,173.5726,63.7866,1
174.0437,174.0445,174.1043,60.5905,1
174.0616,174.1043,174.1912,129.6235,1
174.1198,174.1912,174.2699,150.1316,1
174.4977,174.4983,174.5587,60.9955,1
174.6900,174.6905,174.7522,62.2249,1
175.2266,175.2274,175.2878,61.1319,1
175.2745,175.2878,175.3731,98.5965,1
175.5155,175.5160,175.5802,64.7145,1
175.6214,175.6217,175.6855,64.1125,1
176.0001,176.0007,176.0620,61.8878,1
176.1070,176.1073,176.1703,63.3205,1
176.1562,176.1703,176.2545,98.3003,1
176.2299,176.2545,176.3345,104.5098,1
176.3012,176.3345,176.4145,113.3443,1
176.4285,176.4288,176.4999,71.4710,1
176.5356,176.5359,176.6015,65.8495,1
177.0662,177.0670,177.1284,62.1789,1
177.3937,177.3943,177.4544,60.6522,1
177.6313,177.6317,177.6934,62.0971,1
177.6576,177.6935,177.7776,120.0035,1
177.6584,177.7777,177.8580,199.6563,1
178.2417,178.2424,178.3028,61.1231,1
178.5588,178.5593,178.6182,59.4683,1
178.6852,178.6855,178.7481,62.9067,1
178.7161,178.7481,178.8334,117.2880,1
178.9098,178.9102,178.9738,63.9956,1
179.0435,179.0439,179.1038,60.2861,1
179.4471,179.4476,179.5094,62.3023,1
179.8257,179.8262,179.8883,62.6037,1
179.8614,179.8883,179.9738,112.3993,1
179.8905,179.9738,180.0528,162.2717,1
179.9769,180.0528,180.1303,153.4052,1
