vessel,level,column,system,runs,conveyed,recovery_min,unrecovered,persistence_min,pages,max_latency_ms,max_queue,max_pending,timeouts,work_completed,energy_kwh,p99_ms,start_stop
web,1,A,aks_nap,100,57.0,1.2725,0.0,16.4125,6.0,44538.5385011698,0.06233302314594433,0.19958490510317867,0.009574424905950328,1.0000007468326058,11.018188308868103,3935.2722977589146,21.67
web,1,B,aks_nap,100,57.0,1.2725,0.0,16.4125,6.0,44538.5385011698,0.06233302314594433,0.19958490510317867,0.009574424905950328,1.0000007468326058,11.018188308868103,3935.2722977589146,21.67
web,1,A,cast_ai,100,57.0,1.4275,0.0,18.0125,9.0,46230.75603292182,0.06902333469120557,0.21030483446054046,0.01019876513885736,1.0000007542090232,10.861598367837935,5058.78580362045,27.08
web,1,B,cast_ai,100,57.0,1.4275,0.0,18.0125,9.0,46230.75603292182,0.06902333469120557,0.21030483446054046,0.01019876513885736,1.0000007542090232,10.861598367837935,5058.78580362045,27.08
web,1,A,gke_optimize,100,56.0,1.1225,0.0,15.215,4.0,44101.880065189805,0.05945531814284645,0.18452314501757172,0.009144592443041406,1.0000007468326058,11.612864508868102,3518.1158057116486,18.03
web,1,B,gke_optimize,100,56.0,1.1225,0.0,15.215,4.0,44101.880065189805,0.05945531814284645,0.18452314501757172,0.009144592443041406,1.0000007468326058,11.612864508868102,3518.1158057116486,18.03
web,1,A,k8s_hpa70_ca,100,58.0,0.745,0.0,12.385,4.0,43353.21592214716,0.05424132403677362,0.09735505398180941,0.008099929280180836,1.0000007542090232,13.899193567837935,1937.2976018975255,9.77
web,1,B,k8s_hpa70_ca,100,58.0,0.745,0.0,12.385,4.0,43353.21592214716,0.05424132403677362,0.09735505398180941,0.008099929280180836,1.0000007542090232,13.899193567837935,1937.2976018975255,9.77
web,1,A,openshift,100,58.0,0.715,0.0,11.8775,4.0,42560.243278863396,0.054233625679971934,0.05584855292806828,0.007967024644074469,1.0000007542090232,14.317628767837936,1811.9672176644774,7.43
web,1,B,openshift,100,58.0,0.715,0.0,11.8775,4.0,42560.243278863396,0.054233625679971934,0.05584855292806828,0.007967024644074469,1.0000007542090232,14.317628767837936,1811.9672176644774,7.43
web,1,A,spot_ocean,100,58.0,1.27,0.0,16.43,7.0,44398.568231727564,0.06225131692342903,0.20526866278961686,0.009635482630120356,1.0000007542090232,11.025500167837937,4027.076973439945,28.29
web,1,B,spot_ocean,100,58.0,1.27,0.0,16.43,7.0,44398.568231727564,0.06225131692342903,0.20526866278961686,0.009635482630120356,1.0000007542090232,11.025500167837937,4027.076973439945,28.29
web,1,A,turbonomic,100,55.0,1.4825,0.0,22.0875,31.0,94812.17688540903,0.14035214965697912,0.14880951045228902,0.018098932644359276,0.9994520455120144,11.526297875399017,39111.14020275096,14.17
web,1,B,turbonomic,100,55.0,1.4825,0.0,22.0875,31.0,94812.17688540903,0.14035214965697912,0.14880951045228902,0.018098932644359276,0.9994520455120144,11.526297875399017,39111.14020275096,14.17
web,1,C,C-hpa,100,62.0,0.4825,0.0,6.66,3.0,32442.375423869613,0.0311102362664921,0.010899654093279712,0.004694090150168844,1.000001114248446,17.741921054473252,787.7865361715076,6.46
web,1,C,C-strict,100,59.0,0.91,0.0,11.1225,3.0,44448.211830481596,0.04346951208278889,0.21733793588610387,0.006537701512611425,0.9999989660307276,11.208142738232674,1352.7649238035235,12.68
web,2,A,aks_nap,100,56.0,2.15375,0.0,18.795,13.0,56722.04597249192,0.08748542069778013,0.24471257942560853,0.01325004798507888,1.000198050171422,11.222680667991972,7260.512530376196,25.03
web,2,B,aks_nap,100,56.0,2.15375,0.0,18.795,13.0,56722.04597249192,0.08748542069778013,0.24471257942560853,0.01325004798507888,1.000198050171422,11.222680667991972,7260.512530376196,25.03
web,2,A,cast_ai,100,56.0,2.32125,0.0,20.6125,19.0,59044.70935067025,0.10517453101029287,0.25397841428629614,0.014678717715878344,1.000198129079361,11.058879126961804,8827.849351624107,30.92
web,2,B,cast_ai,100,56.0,2.32125,0.0,20.6125,19.0,59044.70935067025,0.10517453101029287,0.25397841428629614,0.014678717715878344,1.000198129079361,11.058879126961804,8827.849351624107,30.92
web,2,A,gke_optimize,100,55.0,1.95625,0.0,17.445,10.0,56363.51743055093,0.08242834071261687,0.23301818441928837,0.012342079715599315,1.000198050171422,11.837425467991972,6404.244738693641,20.8
web,2,B,gke_optimize,100,55.0,1.95625,0.0,17.445,10.0,56363.51743055093,0.08242834071261687,0.23301818441928837,0.012342079715599315,1.000198050171422,11.837425467991972,6404.244738693641,20.8
web,2,A,k8s_hpa70_ca,100,57.0,1.38625,0.0,14.245,9.0,56952.507921119184,0.07637410437958286,0.14554085340553832,0.01020744699369095,1.000197926072837,14.109727526961803,4291.485297270908,10.95
web,2,B,k8s_hpa70_ca,100,57.0,1.38625,0.0,14.245,9.0,56952.507921119184,0.07637410437958286,0.14554085340553832,0.01020744699369095,1.000197926072837,14.109727526961803,4291.485297270908,10.95
web,2,A,openshift,100,57.0,1.4675,0.0,13.82,11.0,56805.48493325585,0.07662864346020892,0.0926477356479405,0.010293605781997733,1.0001977963702244,14.473747926961808,3965.2446745199586,8.37
web,2,B,openshift,100,57.0,1.4675,0.0,13.82,11.0,56805.48493325585,0.07662864346020892,0.0926477356479405,0.010293605781997733,1.0001977963702244,14.473747926961808,3965.2446745199586,8.37
web,2,A,spot_ocean,100,57.0,2.14625,0.0,18.8175,15.0,56136.575290862405,0.08978079451326364,0.24512869446997687,0.01358480389941465,1.000198129079361,11.234075526961806,7535.239650250973,31.85
web,2,B,spot_ocean,100,57.0,2.14625,0.0,18.8175,15.0,56136.575290862405,0.08978079451326364,0.24512869446997687,0.01358480389941465,1.000198129079361,11.234075526961806,7535.239650250973,31.85
web,2,A,turbonomic,100,48.0,5.4375,0.0,28.805,58.0,155933.87036238183,0.19711991333309187,0.2008816241980874,0.02311308734981648,0.9996278009180464,11.716102620076605,59781.08818617926,16.78
web,2,B,turbonomic,100,48.0,5.4375,0.0,28.805,58.0,155933.87036238183,0.19711991333309187,0.2008816241980874,0.02311308734981648,0.9996278009180464,11.716102620076605,59781.08818617926,16.78
web,2,C,C-hpa,100,59.0,1.985,0.0,9.5125,14.0,58206.63866180592,0.05139078804474282,0.020240556353020214,0.006253040546553378,1.0002016541962222,18.222897279238897,1934.1232158026874,7.16
web,2,C,C-strict,100,58.0,1.5575,0.0,12.8075,8.0,54363.15447889482,0.07941492162156788,0.2927944985307755,0.009762380549209953,1.000195815170254,11.60585456402321,4404.33654062945,14.03
web,3,A,aks_nap,100,51.0,3.980833333333333,0.0,25.415,60.0,105291.7956675977,0.22280224926142242,0.27316682822302135,0.030928639336660475,1.0006766042809112,11.628527509979955,39871.852268674345,32.94
web,3,B,aks_nap,100,51.0,3.980833333333333,0.0,25.415,60.0,105291.7956675977,0.22280224926142242,0.27316682822302135,0.030928639336660475,1.0006766042809112,11.628527509979955,39871.852268674345,32.94
web,3,A,cast_ai,100,51.0,4.028333333333333,0.0,26.935,66.0,106671.67444086153,0.244043293035619,0.27910077872193295,0.03298645734477686,1.0006760934692542,11.46679826894979,42588.0424752118,38.64
web,3,B,cast_ai,100,51.0,4.028333333333333,0.0,26.935,66.0,106671.67444086153,0.244043293035619,0.27910077872193295,0.03298645734477686,1.0006760934692542,11.46679826894979,42588.0424752118,38.64
web,3,A,gke_optimize,100,50.0,3.9516666666666667,0.0,24.1775,50.0,111325.42058421206,0.20001186970902066,0.2640486524640178,0.02815095754613423,1.000676384513653,12.390635409979957,36884.40803884491,27.16
web,3,B,gke_optimize,100,50.0,3.9516666666666667,0.0,24.1775,50.0,111325.42058421206,0.20001186970902066,0.2640486524640178,0.02815095754613423,1.000676384513653,12.390635409979957,36884.40803884491,27.16
web,3,A,k8s_hpa70_ca,100,50.0,4.48,0.0,23.3125,53.0,155078.28874213842,0.19071294007544895,0.20277608180462356,0.02453325317741971,1.000675759173995,15.020982168949788,38377.3516546296,14.42
web,3,B,k8s_hpa70_ca,100,50.0,4.48,0.0,23.3125,53.0,155078.28874213842,0.19071294007544895,0.20277608180462356,0.02453325317741971,1.000675759173995,15.020982168949788,38377.3516546296,14.42
web,3,A,openshift,100,51.0,4.3566666666666665,0.0,22.43,46.0,147507.95181915426,0.17548401325814317,0.17927593333802821,0.022800503365828933,1.0006772640531774,15.069499068949785,31125.04797839086,12.3
web,3,B,openshift,100,51.0,4.3566666666666665,0.0,22.43,46.0,147507.95181915426,0.17548401325814317,0.17927593333802821,0.022800503365828933,1.0006772640531774,15.069499068949785,31125.04797839086,12.3
web,3,A,spot_ocean,100,52.0,3.914166666666666,0.0,25.345,61.0,106891.9925223183,0.22855514691993534,0.2731967830646089,0.03155421232320656,1.0006765574172576,11.648292968949791,40531.48632636589,40.61
web,3,B,spot_ocean,100,52.0,3.914166666666666,0.0,25.345,61.0,106891.9925223183,0.22855514691993534,0.2731967830646089,0.03155421232320656,1.0006765574172576,11.648292968949791,40531.48632636589,40.61
web,3,A,turbonomic,100,35.0,10.854166666666668,0.0,43.7675,108.0,396444.45042130374,0.37197385448728193,0.24168294496720544,0.04571468359302139,1.0001807643409806,12.184852826479988,127181.66978196982,21.64
web,3,B,turbonomic,100,35.0,10.854166666666668,0.0,43.7675,108.0,396444.45042130374,0.37197385448728193,0.24168294496720544,0.04571468359302139,1.0001807643409806,12.184852826479988,127181.66978196982,21.64
web,3,C,C-hpa,100,43.0,7.119166666666667,0.0,24.155,63.0,294845.3201289024,0.16023591150271346,0.0975976495227854,0.019628031069565066,1.000674225388494,20.04504903537464,56223.51431713945,11.07
web,3,C,C-strict,100,54.0,3.2999999999999994,0.0,18.4675,41.0,106331.29566106264,0.21425254453650439,0.4290659163705615,0.023151499291159724,1.0006739349173466,12.704950263686634,30244.949181217,18.32
web,4,A,aks_nap,100,42.0,8.383125,0.0,39.53,133.0,293022.14334262523,0.4767458600060552,0.30916016481654296,0.057666053126454245,1.0008879975078653,12.320770776140126,124304.5596479633,43.05
web,4,B,aks_nap,100,42.0,8.383125,0.0,39.53,133.0,293022.14334262523,0.4767458600060552,0.30916016481654296,0.057666053126454245,1.0008879975078653,12.320770776140126,124304.5596479633,43.05
web,4,A,cast_ai,100,41.0,8.470625,0.0,41.035,134.0,300967.7417081444,0.5134540046256375,0.3149062422858641,0.059830659272114325,1.0008892184589302,12.165967976140127,128123.44031702347,48.85
web,4,B,cast_ai,100,41.0,8.470625,0.0,41.035,134.0,300967.7417081444,0.5134540046256375,0.3149062422858641,0.059830659272114325,1.0008892184589302,12.165967976140127,128123.44031702347,48.85
web,4,A,gke_optimize,100,39.0,8.9025,0.0,40.02,127.0,334874.88567537285,0.44262937501883876,0.3061790999831107,0.05421500000983328,1.000887369888224,13.321377709473463,124234.06447072043,36.28
web,4,B,gke_optimize,100,39.0,8.9025,0.0,40.02,127.0,334874.88567537285,0.44262937501883876,0.3061790999831107,0.05421500000983328,1.000887369888224,13.321377709473463,124234.06447072043,36.28
web,4,A,k8s_hpa70_ca,100,33.0,11.400625,0.0,42.9,109.0,512777.5598249299,0.43125529179214506,0.2698160777086145,0.04715804654773675,1.0008753488138376,16.276063442806798,176483.75916217256,20.28
web,4,B,k8s_hpa70_ca,100,33.0,11.400625,0.0,42.9,109.0,512777.5598249299,0.43125529179214506,0.2698160777086145,0.04715804654773675,1.0008753488138376,16.276063442806798,176483.75916217256,20.28
web,4,A,openshift,100,31.0,10.80625,1.0,41.5775,106.0,453394.6025615007,0.39044249937760506,0.2652632207488682,0.04458092565012183,1.0008768368191088,16.019122061153066,134616.723447607,18.24
web,4,B,openshift,100,31.0,10.80625,1.0,41.5775,106.0,453394.6025615007,0.39044249937760506,0.2652632207488682,0.04458092565012183,1.0008768368191088,16.019122061153066,134616.723447607,18.24
web,4,A,spot_ocean,100,42.0,8.335,0.0,39.33,130.0,292808.0862761616,0.4770951290599481,0.3120602165164834,0.05789815538418888,1.0008882650092334,12.367223976140131,124642.59182330253,51.31
web,4,B,spot_ocean,100,42.0,8.335,0.0,39.33,130.0,292808.0862761616,0.4770951290599481,0.3120602165164834,0.05789815538418888,1.0008882650092334,12.367223976140131,124642.59182330253,51.31
web,4,A,turbonomic,100,19.0,20.940625,12.0,70.9175,156.0,1072087.419164094,0.6465002836474987,0.28808880177301777,0.07585965286357166,1.0002825311365005,12.902587146961075,358073.1725682145,29.52
web,4,B,turbonomic,100,19.0,20.940625,12.0,70.9175,156.0,1072087.419164094,0.6465002836474987,0.28808880177301777,0.07585965286357166,1.0002825311365005,12.902587146961075,358073.1725682145,29.52
web,4,C,C-hpa,100,25.0,17.79875,5.0,53.0775,111.0,1036118.5221643792,0.48682082637405394,0.18505829278808938,0.044829535638136436,1.0007557946215349,22.267356265953527,379799.9092986121,15.49
web,4,C,C-strict,100,40.0,7.46625,0.0,32.1275,91.0,315492.4721830432,0.41659964021565904,0.5282126796635599,0.04180980286341601,1.0008890173742142,14.034147504210306,115420.8335340828,22.3
web,5,A,aks_nap,100,27.0,17.108500000000003,0.0,63.8575,179.0,969492.4679455417,0.833884249937256,0.3668919836081227,0.1147706496267336,1.0016058241782424,13.329592412125017,454961.98934554687,56.26
web,5,B,aks_nap,100,27.0,17.108500000000003,0.0,63.8575,179.0,969492.4679455417,0.833884249937256,0.3668919836081227,0.1147706496267336,1.0016058241782424,13.329592412125017,454961.98934554687,56.26
web,5,A,cast_ai,100,26.0,16.586,0.0,64.11,176.0,948752.6253481642,0.8635982127461093,0.37490246682766926,0.11613923154034628,1.0016039266310415,13.188158912125015,437435.3452628646,62.1
web,5,B,cast_ai,100,26.0,16.586,0.0,64.11,176.0,948752.6253481642,0.8635982127461093,0.37490246682766926,0.11613923154034628,1.0016039266310415,13.188158912125015,437435.3452628646,62.1
web,5,A,gke_optimize,100,27.0,18.735000000000003,4.0,65.145,175.0,1074891.3576663893,0.8046694192090665,0.3457188979408633,0.1088618444699243,1.0015956057101822,14.625305610144235,495003.9622971741,46.69
web,5,B,gke_optimize,100,27.0,18.735000000000003,4.0,65.145,175.0,1074891.3576663893,0.8046694192090665,0.3457188979408633,0.1088618444699243,1.0015956057101822,14.625305610144235,495003.9622971741,46.69
web,5,A,k8s_hpa70_ca,100,20.0,23.666500000000006,10.0,73.855,163.0,1530832.7300252812,0.8370869965895824,0.32131111112263455,0.10863877000364086,1.0014858794259462,18.394862953889657,739693.6423937951,27.57
web,5,B,k8s_hpa70_ca,100,20.0,23.666500000000006,10.0,73.855,163.0,1530832.7300252812,0.8370869965895824,0.32131111112263455,0.10863877000364086,1.0014858794259462,18.394862953889657,739693.6423937951,27.57
web,5,A,openshift,100,23.0,22.622000000000003,6.0,71.4525,161.0,1398529.0631570679,0.8116201120654419,0.3178204018835791,0.10516244557405902,1.0014992997926915,17.73382097595273,676077.2339387838,28.11
web,5,B,openshift,100,23.0,22.622000000000003,6.0,71.4525,161.0,1398529.0631570679,0.8116201120654419,0.3178204018835791,0.10516244557405902,1.0014992997926915,17.73382097595273,676077.2339387838,28.11
web,5,A,spot_ocean,100,25.0,17.192,0.0,64.1925,179.0,990947.1062732525,0.8577436253494821,0.36753510441907766,0.11540341704547996,1.0016036512840256,13.436617412125015,462891.3398922704,65.26
web,5,B,spot_ocean,100,25.0,17.192,0.0,64.1925,179.0,990947.1062732525,0.8577436253494821,0.36753510441907766,0.11540341704547996,1.0016036512840256,13.436617412125015,462891.3398922704,65.26
web,5,A,turbonomic,100,12.0,33.215,33.0,101.0925,199.0,2210056.2665107646,1.0394344166252314,0.33746238389110716,0.13537276590363204,0.99951240291462,13.811438500835665,974393.6915369229,37.45
web,5,B,turbonomic,100,12.0,33.215,33.0,101.0925,199.0,2210056.2665107646,1.0394344166252314,0.33746238389110716,0.13537276590363204,0.99951240291462,13.811438500835665,974393.6915369229,37.45
web,5,C,C-hpa,100,13.0,31.265500000000003,42.0,85.56,162.0,2834679.282720519,0.9299142954660744,0.28545143215053964,0.11516795081924922,1.00048000844326,25.18407419749055,1458653.9082771845,20.49
web,5,C,C-strict,100,27.0,16.725,2.0,56.575,140.0,1034217.5693581755,0.7302131679994026,0.5875687294295316,0.0911065291142591,1.001590764109573,15.542794532991422,469909.36676314316,26.32
web,all,A,aks_nap,500,233.0,6.579741666666667,0.0,32.802,391.0,293813.3982858853,0.3366501606096915,0.2787032922352949,0.0452379629961755,1.0006738445942094,11.903951935021036,126066.83721806391,35.79
web,all,B,aks_nap,500,233.0,6.579741666666667,0.0,32.802,391.0,293813.3982858853,0.3366501606096915,0.2787032922352949,0.0452379629961755,1.0006738445942094,11.903951935021036,126066.83721806391,35.79
web,all,A,cast_ai,500,231.0,6.566741666666667,0.0,34.141,404.0,292333.50137615256,0.3590586752217728,0.2866385473164606,0.046766766202394644,1.000673624369522,11.748280530402935,124406.6926420689,41.518
web,all,B,cast_ai,500,231.0,6.566741666666667,0.0,34.141,404.0,292333.50137615256,0.3590586752217728,0.2866385473164606,0.046766766202394644,1.000673624369522,11.748280530402935,124406.6926420689,41.518
web,all,A,gke_optimize,500,227.0,6.933583333333334,4.0,32.4005,366.0,324311.412284343,0.31783886455847776,0.2666975959649704,0.0425428948369065,1.0006716314232174,12.757521741291546,133208.95907022894,29.792
web,all,B,gke_optimize,500,227.0,6.933583333333334,4.0,32.4005,366.0,324311.412284343,0.31783886455847776,0.2666975959649704,0.0425428948369065,1.0006716314232174,12.757521741291546,133208.95907022894,29.792
web,all,A,k8s_hpa70_ca,500,218.0,8.335674999999998,10.0,33.3395,338.0,459798.86048712325,0.3179341313747066,0.20735983560464405,0.03972748920053382,1.000647133539128,15.540165932089199,192156.7072219531,16.598
web,all,B,k8s_hpa70_ca,500,218.0,8.335674999999998,10.0,33.3395,338.0,459798.86048712325,0.3179341313747066,0.20735983560464405,0.03972748920053382,1.000647133539128,15.540165932089199,192156.7072219531,16.598
web,all,A,openshift,500,220.0,7.993483333333333,7.0,32.2315,328.0,419759.4691499685,0.30168177876827423,0.18217116890929685,0.0381609010032164,1.000650390248845,15.522763760171067,169519.24345139315,14.89
web,all,B,openshift,500,220.0,7.993483333333333,7.0,32.2315,328.0,419759.4691499685,0.30168177876827423,0.18217116890929685,0.0381609010032164,1.000650390248845,15.522763760171067,169519.24345139315,14.89
web,all,A,spot_ocean,500,234.0,6.571483333333334,0.0,32.823,392.0,298236.4657188646,0.34308520255321173,0.28063789225195274,0.04561521425648209,1.0006734713997802,11.942342010402935,127925.54693312598,43.464
web,all,B,spot_ocean,500,234.0,6.571483333333334,0.0,32.823,392.0,298236.4657188646,0.34308520255321173,0.28063789225195274,0.04561521425648209,1.0006734713997802,11.942342010402935,127925.54693312598,43.464
web,all,A,turbonomic,500,169.0,14.385958333333333,45.0,53.334,552.0,785866.8366687907,0.47907612355001655,0.24338505305634134,0.05963182447088016,0.9998111089644324,12.42825579395047,311708.1524552075,23.912
web,all,B,turbonomic,500,169.0,14.385958333333333,45.0,53.334,552.0,785866.8366687907,0.47907612355001655,0.24338505305634134,0.05963182447088016,0.9998111089644324,12.42825579395047,311708.1524552075,23.912
web,all,C,C-hpa,500,202.0,11.730183333333333,47.0,35.793,353.0,851258.4278198951,0.33189441153081534,0.11984951698154288,0.038114529644734586,1.0004225593795915,20.69225956650617,379479.848328982,12.134
web,all,C,C-strict,500,238.0,5.99175,2.0,26.22,283.0,310970.5407023316,0.29678995729118457,0.4109959519761065,0.03447358266613125,1.000669699520423,13.019177920628849,124266.45018857521,18.73
multi,1,A,aks_nap,100,12.0,1.63,0.0,58.0075,40.0,65262.105337119596,0.1068578815425854,0.2598569495255147,0.00866681250717762,0.9999953009190137,44.43966181872264,2409.814273291032,81.32
multi,1,B,aks_nap,100,12.0,1.63,0.0,58.0075,40.0,65262.105337119596,0.1068578815425854,0.2598569495255147,0.00866681250717762,0.9999953009190137,44.43966181872264,2409.814273291032,81.32
multi,1,A,cast_ai,100,11.0,1.7675,0.0,63.0425,51.0,67768.69708824132,0.12049722828427546,0.26291051085823997,0.009333534492656599,0.9999952982524078,43.71731617187071,3191.274195036639,104.51
multi,1,B,cast_ai,100,11.0,1.7675,0.0,63.0425,51.0,67768.69708824132,0.12049722828427546,0.26291051085823997,0.009333534492656599,0.9999952982524078,43.71731617187071,3191.274195036639,104.51
multi,1,A,gke_optimize,100,12.0,1.43,0.0,53.655,28.0,63197.89926578397,0.09800539123710345,0.25285177312125656,0.008180452791619088,0.9999953013729954,46.86599221872264,1739.7922977071255,66.73
multi,1,B,gke_optimize,100,12.0,1.43,0.0,53.655,28.0,63197.89926578397,0.09800539123710345,0.25285177312125656,0.008180452791619088,0.9999953013729954,46.86599221872264,1739.7922977071255,66.73
multi,1,A,k8s_hpa70_ca,100,12.0,1.07,0.0,44.57,5.0,61825.89758768714,0.08195495584526702,0.18400639797211812,0.007134497636485904,0.999999198463472,56.085016997806626,745.2113756662242,37.14
multi,1,B,k8s_hpa70_ca,100,12.0,1.07,0.0,44.57,5.0,61825.89758768714,0.08195495584526702,0.18400639797211812,0.007134497636485904,0.999999198463472,56.085016997806626,745.2113756662242,37.14
multi,1,A,openshift,100,12.0,1.045,0.0,42.79,4.0,60400.64759019327,0.08186180323797428,0.10908178834998282,0.006998895472583169,0.9999992004172203,58.42726319780663,679.8250423263704,28.03
multi,1,B,openshift,100,12.0,1.045,0.0,42.79,4.0,60400.64759019327,0.08186180323797428,0.10908178834998282,0.006998895472583169,0.9999992004172203,58.42726319780663,679.8250423263704,28.03
multi,1,A,spot_ocean,100,11.0,1.6275,0.0,57.7,34.0,64493.97003562706,0.10764661108387985,0.2600871685945893,0.008735432447313623,0.9999953037345732,44.44488687769247,2416.4163718195828,109.23
multi,1,B,spot_ocean,100,11.0,1.6275,0.0,57.7,34.0,64493.97003562706,0.10764661108387985,0.2600871685945893,0.008735432447313623,0.9999953037345732,44.44488687769247,2416.4163718195828,109.23
multi,1,A,turbonomic,100,11.0,5.315,0.0,73.375,104.0,176609.47990321592,0.2744204408916342,0.23392723074327695,0.014879757353739625,0.9998578188281587,46.69847170408177,26172.330161285026,54.55
multi,1,B,turbonomic,100,11.0,5.315,0.0,73.375,104.0,176609.47990321592,0.2744204408916342,0.23392723074327695,0.014879757353739625,0.9998578188281587,46.69847170408177,26172.330161285026,54.55
multi,1,C,C-hpa,100,20.0,0.695,0.0,23.8,2.0,40725.41183855931,0.046513193327008685,0.023782212159360633,0.0037491080026602164,1.0000005462056758,71.06525352027926,328.7178214089542,23.71
multi,1,C,C-strict,100,11.0,1.1425,0.0,43.61,3.0,59553.269020971784,0.07495643735092938,0.29043547801241343,0.006890057719238498,0.999999186625365,44.13677627240495,803.9480600700973,46.75
multi,2,A,aks_nap,100,12.0,2.88125,0.0,60.4825,49.0,74173.81356952575,0.13103661068591124,0.27488097336685885,0.009844694613722242,1.000065692421649,44.66303456402764,3586.344563185468,85.69
multi,2,B,aks_nap,100,12.0,2.88125,0.0,60.4825,49.0,74173.81356952575,0.13103661068591124,0.27488097336685885,0.009844694613722242,1.000065692421649,44.66303456402764,3586.344563185468,85.69
multi,2,A,cast_ai,100,11.0,3.07,0.0,65.65,64.0,76127.21135782865,0.14711155434391157,0.2778164352731738,0.010784480918840105,1.0000657020104229,43.93161051717572,4894.883549228079,109.02
multi,2,B,cast_ai,100,11.0,3.07,0.0,65.65,64.0,76127.21135782865,0.14711155434391157,0.2778164352731738,0.010784480918840105,1.0000657020104229,43.93161051717572,4894.883549228079,109.02
multi,2,A,gke_optimize,100,12.0,2.63625,0.0,55.91,34.0,72825.32497450455,0.12078501996600206,0.26585947880494826,0.009113005143609932,1.0000656905859393,47.123426164027634,2821.5558339438217,70.18
multi,2,B,gke_optimize,100,12.0,2.63625,0.0,55.91,34.0,72825.32497450455,0.12078501996600206,0.26585947880494826,0.009113005143609932,1.0000656905859393,47.123426164027634,2821.5558339438217,70.18
multi,2,A,k8s_hpa70_ca,100,11.0,2.3425,0.0,46.84,14.0,75975.74624477029,0.10658399521904509,0.20324674460880665,0.007960723353247271,1.0000695013968552,56.38181174311161,1674.7111681140732,38.73
multi,2,B,k8s_hpa70_ca,100,11.0,2.3425,0.0,46.84,14.0,75975.74624477029,0.10658399521904509,0.20324674460880665,0.007960723353247271,1.0000695013968552,56.38181174311161,1674.7111681140732,38.73
multi,2,A,openshift,100,10.0,2.34625,0.0,45.325,15.0,83090.55064553051,0.10452323054952085,0.13781434884849075,0.007780593300221207,1.000069465002549,58.62177854311162,1493.3389444890802,29.05
multi,2,B,openshift,100,10.0,2.34625,0.0,45.325,15.0,83090.55064553051,0.10452323054952085,0.13781434884849075,0.007780593300221207,1.000069465002549,58.62177854311162,1493.3389444890802,29.05
multi,2,A,spot_ocean,100,11.0,2.91375,0.0,60.2175,47.0,73228.40146692675,0.13373035110888817,0.27492365812031055,0.010077149622064905,1.000065698389073,44.682076222997466,3873.6686351692024,114.11
multi,2,B,spot_ocean,100,11.0,2.91375,0.0,60.2175,47.0,73228.40146692675,0.13373035110888817,0.27492365812031055,0.010077149622064905,1.000065698389073,44.682076222997466,3873.6686351692024,114.11
multi,2,A,turbonomic,100,6.0,8.63,0.0,80.7175,131.0,242190.83698048032,0.30825948506644935,0.25108803280093966,0.01604480230899661,0.9999283326960082,46.955445527515806,29853.26391661919,57.23
multi,2,B,turbonomic,100,6.0,8.63,0.0,80.7175,131.0,242190.83698048032,0.30825948506644935,0.25108803280093966,0.01604480230899661,0.9999283326960082,46.955445527515806,29853.26391661919,57.23
multi,2,C,C-hpa,100,19.0,2.49,0.0,27.43,19.0,68379.41834868697,0.0703974815040215,0.038545907595402655,0.004357600147556966,1.0000707558686939,71.73865465782241,581.4091623716016,25.08
multi,2,C,C-strict,100,11.0,2.1375,0.0,45.395,9.0,70966.41412986127,0.11790770635758559,0.3221721078824309,0.0080438376266971,1.000069549586433,44.546182717709954,1661.0756177929652,48.1
multi,3,A,aks_nap,100,10.0,4.944166666666666,2.0,65.7425,88.0,140703.31417325846,0.20366106301581113,0.28561014400135915,0.01363993042157344,1.000003764354246,45.02131925259209,40941.50354506479,92.49
multi,3,B,aks_nap,100,10.0,4.944166666666666,2.0,65.7425,88.0,140703.31417325846,0.20366106301581113,0.28561014400135915,0.01363993042157344,1.000003764354246,45.02131925259209,40941.50354506479,92.49
multi,3,A,cast_ai,100,9.0,5.145,2.0,70.6825,106.0,139026.20115548195,0.2342610099963008,0.2876750830780159,0.014676741391731607,1.0000037921243778,44.30008140574016,42974.3822497175,116.05
multi,3,B,cast_ai,100,9.0,5.145,2.0,70.6825,106.0,139026.20115548195,0.2342610099963008,0.2876750830780159,0.014676741391731607,1.0000037921243778,44.30008140574016,42974.3822497175,116.05
multi,3,A,gke_optimize,100,10.0,4.729166666666666,2.0,60.965,67.0,142258.18210746683,0.18870894760457324,0.27795926961318146,0.012735326113601692,1.0000037307955325,47.59198005259207,39485.83216624008,76.5
multi,3,B,gke_optimize,100,10.0,4.729166666666666,2.0,60.965,67.0,142258.18210746683,0.18870894760457324,0.27795926961318146,0.012735326113601692,1.0000037307955325,47.59198005259207,39485.83216624008,76.5
multi,3,A,k8s_hpa70_ca,100,9.0,5.281666666666667,2.0,53.625,43.0,183797.27679607726,0.1604836530640417,0.227480797321573,0.010550844648024105,1.000007199672027,56.99682133167605,36662.75453465708,42.03
multi,3,B,k8s_hpa70_ca,100,9.0,5.281666666666667,2.0,53.625,43.0,183797.27679607726,0.1604836530640417,0.227480797321573,0.010550844648024105,1.000007199672027,56.99682133167605,36662.75453465708,42.03
multi,3,A,openshift,100,10.0,4.744999999999999,2.0,51.5825,39.0,160419.64149514196,0.15282638997418807,0.186428198019502,0.010097847025437992,1.0000072549883283,59.02953253167606,35771.17404624031,32.45
multi,3,B,openshift,100,10.0,4.744999999999999,2.0,51.5825,39.0,160419.64149514196,0.15282638997418807,0.186428198019502,0.010097847025437992,1.0000072549883283,59.02953253167606,35771.17404624031,32.45
multi,3,A,spot_ocean,100,9.0,4.914166666666667,2.0,65.19,86.0,137129.392102074,0.205125607837175,0.28579024378516715,0.013750117271048483,1.0000037746232975,45.053495511561906,41083.99628069391,121.43
multi,3,B,spot_ocean,100,9.0,4.914166666666667,2.0,65.19,86.0,137129.392102074,0.205125607837175,0.28579024378516715,0.013750117271048483,1.0000037746232975,45.053495511561906,41083.99628069391,121.43
multi,3,A,turbonomic,100,7.0,12.040833333333332,2.0,89.9,172.0,454896.6741489577,0.38151682100767537,0.26204990598616945,0.02064753185317746,0.9997972490786308,47.31938346760021,93755.62741593085,62.01
multi,3,B,turbonomic,100,7.0,12.040833333333332,2.0,89.9,172.0,454896.6741489577,0.38151682100767537,0.26204990598616945,0.02064753185317746,0.9997972490786308,47.31938346760021,93755.62741593085,62.01
multi,3,C,C-hpa,100,11.0,7.8025,2.0,40.31,55.0,278117.4439334378,0.13473668706825126,0.09866507935746407,0.006834972607570666,1.0000099791051935,73.19155866065411,35343.362621797736,29.47
multi,3,C,C-strict,100,9.0,3.788333333333333,2.0,49.06,28.0,125891.36883082973,0.19115640359311253,0.3675297074796369,0.01078186705756889,1.0000075995194455,45.355414228441965,37257.905158932495,51.91
multi,4,A,aks_nap,100,7.0,7.29625,1.0,75.895,156.0,257413.77930149224,0.4140810704204064,0.309524480926197,0.01981272728355034,1.0003057417824226,45.60946265586192,35778.19863107957,103.02
multi,4,B,aks_nap,100,7.0,7.29625,1.0,75.895,156.0,257413.77930149224,0.4140810704204064,0.309524480926197,0.01981272728355034,1.0003057417824226,45.60946265586192,35778.19863107957,103.02
multi,4,A,cast_ai,100,6.0,7.29,1.0,80.4275,171.0,240786.56105983377,0.447486977491551,0.3118991672246632,0.02102578628252134,1.000308028224931,44.917344973215314,39649.688028729615,126.52
multi,4,B,cast_ai,100,6.0,7.29,1.0,80.4275,171.0,240786.56105983377,0.447486977491551,0.3118991672246632,0.02102578628252134,1.000308028224931,44.917344973215314,39649.688028729615,126.52
multi,4,A,gke_optimize,100,7.0,7.8075,1.0,72.65,138.0,290571.587115573,0.4041035642605692,0.3001066291209723,0.018922682957745896,1.0003088030829932,48.45106624574111,35767.0222316373,86.07
multi,4,B,gke_optimize,100,7.0,7.8075,1.0,72.65,138.0,290571.587115573,0.4041035642605692,0.3001066291209723,0.018922682957745896,1.0003088030829932,48.45106624574111,35767.0222316373,86.07
multi,4,A,k8s_hpa70_ca,100,5.0,9.045625,1.0,67.96,108.0,409578.36731278355,0.3516229513258305,0.26463246990549305,0.01624752586971457,1.00031348394444,58.23868407433326,34475.15039190036,48.79
multi,4,B,k8s_hpa70_ca,100,5.0,9.045625,1.0,67.96,108.0,409578.36731278355,0.3516229513258305,0.26463246990549305,0.01624752586971457,1.00031348394444,58.23868407433326,34475.15039190036,48.79
multi,4,A,openshift,100,4.0,9.0,2.0,66.57,99.0,386507.70136547333,0.3210399787326036,0.24977371038417817,0.015162493495986694,1.000311189194903,59.82500371013768,25897.438252854976,38.75
multi,4,B,openshift,100,4.0,9.0,2.0,66.57,99.0,386507.70136547333,0.3210399787326036,0.24977371038417817,0.015162493495986694,1.000311189194903,59.82500371013768,25897.438252854976,38.75
multi,4,A,spot_ocean,100,6.0,7.289375,1.0,75.645,152.0,256329.18829530993,0.4331443489795132,0.3096910254165752,0.020125513235992896,1.0003058058934073,45.68637228429071,37692.22127502999,132.33
multi,4,B,spot_ocean,100,6.0,7.289375,1.0,75.645,152.0,256329.18829530993,0.4331443489795132,0.3096910254165752,0.020125513235992896,1.0003058058934073,45.68637228429071,37692.22127502999,132.33
multi,4,A,turbonomic,100,1.0,19.99875,6.0,112.32,217.0,1034361.0833649288,0.6553420159979046,0.2844093172192435,0.0277388097920443,1.0001556499732,47.95402435855404,108453.03247700847,70.15
multi,4,B,turbonomic,100,1.0,19.99875,6.0,112.32,217.0,1034361.0833649288,0.6553420159979046,0.2844093172192435,0.0277388097920443,1.0001556499732,47.95402435855404,108453.03247700847,70.15
multi,4,C,C-hpa,100,6.0,12.646875,2.0,58.8275,105.0,768403.653936729,0.33998528331082456,0.19436400585772975,0.0122937500244728,1.0002989798527795,75.80567255698442,47132.14770937874,35.82
multi,4,C,C-strict,100,6.0,5.66625,1.0,58.0775,80.0,210354.34455361668,0.3973789597874483,0.4627259335313702,0.015223431616712241,1.0003121353724063,46.69889789963111,26450.39301604072,57.91
multi,5,A,aks_nap,100,8.0,11.317,0.0,87.3125,201.0,406429.34668908187,0.6899277473000341,0.36490126841715215,0.03376634341367681,1.0003994299949333,46.513937980447466,100319.24281514737,117.62
multi,5,B,aks_nap,100,8.0,11.317,0.0,87.3125,201.0,406429.34668908187,0.6899277473000341,0.36490126841715215,0.03376634341367681,1.0003994299949333,46.513937980447466,100319.24281514737,117.62
multi,5,A,cast_ai,100,7.0,11.161000000000001,0.0,91.045,216.0,397055.36996345624,0.7224395247541701,0.3787542320853751,0.03473704608522334,1.000399171335919,45.834700874625696,101227.91424198047,141.21
multi,5,B,cast_ai,100,7.0,11.161000000000001,0.0,91.045,216.0,397055.36996345624,0.7224395247541701,0.3787542320853751,0.03473704608522334,1.000399171335919,45.834700874625696,101227.91424198047,141.21
multi,5,A,gke_optimize,100,8.0,11.993,0.0,84.8125,188.0,449088.19574423746,0.6658807614018326,0.3435471778798037,0.032337513084132276,1.0003994737910833,49.76034898044746,96627.73696142879,100.26
multi,5,B,gke_optimize,100,8.0,11.993,0.0,84.8125,188.0,449088.19574423746,0.6658807614018326,0.3435471778798037,0.032337513084132276,1.0003994737910833,49.76034898044746,96627.73696142879,100.26
multi,5,A,k8s_hpa70_ca,100,7.0,14.600999999999999,0.0,82.935,160.0,646431.7149584406,0.5779579216341211,0.31523378388416307,0.02995106553972772,1.0004031877927961,60.62825670056161,95909.12660700717,59.91
multi,5,B,k8s_hpa70_ca,100,7.0,14.600999999999999,0.0,82.935,160.0,646431.7149584406,0.5779579216341211,0.31523378388416307,0.02995106553972772,1.0004031877927961,60.62825670056161,95909.12660700717,59.91
multi,5,A,openshift,100,7.0,14.626499999999998,0.0,81.8125,153.0,687202.3472102091,0.54847636375541,0.3030431471899423,0.029068676519544732,1.0004026418621477,61.458741200561626,93589.06284147031,50.39
multi,5,B,openshift,100,7.0,14.626499999999998,0.0,81.8125,153.0,687202.3472102091,0.54847636375541,0.3030431471899423,0.029068676519544732,1.0004026418621477,61.458741200561626,93589.06284147031,50.39
multi,5,A,spot_ocean,100,7.0,11.324499999999999,0.0,86.8125,189.0,414621.06671235344,0.6939404097241194,0.3559856351399053,0.03378384434862612,1.0003990136554681,46.62387698044745,99551.1474368659,147.36
multi,5,B,spot_ocean,100,7.0,11.324499999999999,0.0,86.8125,189.0,414621.06671235344,0.6939404097241194,0.3559856351399053,0.03378384434862612,1.0003990136554681,46.62387698044745,99551.1474368659,147.36
multi,5,A,turbonomic,100,1.0,29.107999999999997,6.0,131.6875,243.0,1397400.1788149136,0.9841935201432541,0.3283072817899402,0.045102633017901024,1.0002651623867382,48.897965263799954,238950.67784631025,80.78
multi,5,B,turbonomic,100,1.0,29.107999999999997,6.0,131.6875,243.0,1397400.1788149136,0.9841935201432541,0.3283072817899402,0.045102633017901024,1.0002651623867382,48.897965263799954,238950.67784631025,80.78
multi,5,C,C-hpa,100,8.0,20.135,4.0,78.7275,147.0,1187773.0891356578,0.622829119104315,0.3107499626153345,0.02610233007820137,1.0003925301473708,80.30332024744658,165367.67616941757,46.14
multi,5,C,C-strict,100,8.0,8.743499999999997,0.0,66.9075,111.0,330476.24819620437,0.616716064086867,0.5463541165596784,0.025311664353816085,1.0004028807858334,48.37809317252838,70343.82411693392,64.36
multi,all,A,aks_nap,500,49.0,5.613733333333333,3.0,69.488,534.0,188796.4718140956,0.30911287459294967,0.2989547632474163,0.01714610164794009,1.0001539858944528,45.24948325433035,36607.02076555364,96.028
multi,all,B,aks_nap,500,49.0,5.613733333333333,3.0,69.488,534.0,188796.4718140956,0.30911287459294967,0.2989547632474163,0.01714610164794009,1.0001539858944528,45.24948325433035,36607.02076555364,96.028
multi,all,A,cast_ai,500,44.0,5.686700000000001,3.0,74.1695,608.0,184152.80812496835,0.33435925897404173,0.3038110857038936,0.018111517834194596,1.0001543983896115,44.54021078852552,38387.62845293846,119.462
multi,all,B,cast_ai,500,44.0,5.686700000000001,3.0,74.1695,608.0,184152.80812496835,0.33435925897404173,0.3038110857038936,0.018111517834194596,1.0001543983896115,44.54021078852552,38387.62845293846,119.462
multi,all,A,gke_optimize,500,49.0,5.719183333333334,3.0,65.5985,455.0,203588.23784151315,0.2954967368940161,0.28806486570803247,0.016257796018141778,1.0001545999257089,47.95856273230618,35288.387898191424,79.948
multi,all,B,gke_optimize,500,49.0,5.719183333333334,3.0,65.5985,455.0,203588.23784151315,0.2954967368940161,0.28806486570803247,0.016257796018141778,1.0001545999257089,47.95856273230618,35288.387898191424,79.948
multi,all,A,k8s_hpa70_ca,500,44.0,6.468158333333333,3.0,59.186,330.0,275521.8005799518,0.255720695417661,0.23892003873843082,0.014368931409439912,1.000158514253918,57.666118169497835,33893.390815468985,45.32
multi,all,B,k8s_hpa70_ca,500,44.0,6.468158333333333,3.0,59.186,330.0,275521.8005799518,0.255720695417661,0.23892003873843082,0.014368931409439912,1.000158514253918,57.666118169497835,33893.390815468985,45.32
multi,all,A,openshift,500,43.0,6.35255,4.0,57.616,310.0,275524.17766130966,0.24174555324993935,0.19722823855841923,0.013821701162754758,1.0001579502930296,59.47246383665872,31486.167825476216,35.734
multi,all,B,openshift,500,43.0,6.35255,4.0,57.616,310.0,275524.17766130966,0.24174555324993935,0.19722823855841923,0.013821701162754758,1.0001579502930296,59.47246383665872,31486.167825476216,35.734
multi,all,A,spot_ocean,500,44.0,5.613858333333334,3.0,69.113,508.0,189160.40372245826,0.3147174657467151,0.29729554621130944,0.017294411385009208,1.0001539192591637,45.298141575398,36923.48999991572,124.892
multi,all,B,spot_ocean,500,44.0,5.613858333333334,3.0,69.113,508.0,189160.40372245826,0.3147174657467151,0.29729554621130944,0.017294411385009208,1.0001539192591637,45.298141575398,36923.48999991572,124.892
multi,all,A,turbonomic,500,26.0,15.018516666666667,14.0,97.6,867.0,661091.6506424992,0.5207464566213835,0.271956353707914,0.024882706865171807,1.000000842592547,47.56505806431034,99436.98636343077,64.944
multi,all,B,turbonomic,500,26.0,15.018516666666667,14.0,97.6,867.0,661091.6506424992,0.5207464566213835,0.271956353707914,0.024882706865171807,1.000000842592547,47.56505806431034,99436.98636343077,64.944
multi,all,C,C-hpa,500,64.0,8.753875,8.0,45.819,328.0,468679.8034386142,0.2428923528628842,0.1332214335170583,0.010667552172092407,1.0001545582359428,74.42089192863735,49750.662696874926,32.044
multi,all,C,C-strict,500,45.0,4.295616666666667,3.0,52.61,231.0,159448.32894629677,0.2796231142351886,0.397843468693106,0.013250171674806563,1.0001582703778964,45.82307285814327,27303.429193954038,53.806
batch,1,A,aks_nap,100,75.0,1.5375,0.0,20.6825,0.0,33647.858900685984,0.27956549083904986,0.6550722929244418,0.028425638947840448,1.0002758360406905,64.55843539473686,5667.358591633444,113.1
batch,1,B,aks_nap,100,80.0,1.4725,0.0,14.2725,0.0,29471.714462975113,0.2447642871914593,0.618231283179273,0.01918477449090396,1.0002782634095486,64.80883026842108,4678.951111629075,99.37
batch,1,A,cast_ai,100,39.0,1.645,0.0,32.1275,0.0,30138.120208423425,0.25031766840352854,0.6333485889278951,0.04719868912242127,1.000264659071252,65.55815771315791,6357.483000965887,182.93
batch,1,B,cast_ai,100,54.0,1.5025,0.0,18.35,0.0,19577.6997975722,0.16231416497976833,0.5049912473273549,0.028106165878717376,1.0002707448646881,65.97071601973686,4843.648167185079,163.77
batch,1,A,gke_optimize,100,96.0,1.07,0.0,8.6675,0.0,19227.086973247136,0.15939239144372613,0.5239360003324416,0.013042916368575201,1.000281366395822,68.84332183157895,3535.7748841783828,46.31
batch,1,B,gke_optimize,100,100.0,1.1075,0.0,2.85,0.0,12716.419200855751,0.10513682667379792,0.37069597462220605,0.005909303143960626,1.000281366395822,69.56867483157896,1601.5591380653404,39.67
batch,1,A,k8s_hpa70_ca,100,100.0,0.8725,0.0,5.515,0.0,12887.82896489535,0.10656524137412793,0.40059149286257795,0.009230233730586351,1.000281366395822,74.01305323157894,2403.364994084565,26.33
batch,1,B,k8s_hpa70_ca,100,100.0,0.9375,0.0,1.41,0.0,9943.404733445635,0.08202837277871362,0.2913031294215488,0.003963913308079721,1.000281366395822,75.00415713157896,1092.2834199061965,22.87
batch,1,A,openshift,100,100.0,0.9025,0.0,6.0225,0.0,13211.003136680974,0.10925835947234148,0.4074577056979851,0.009741808971424008,1.000281366395822,74.33157083157894,2624.837685115072,26.61
batch,1,B,openshift,100,100.0,0.9375,0.0,1.4125,0.0,9931.499934684025,0.08192916612236686,0.2910471543670069,0.003957887552277779,1.000281366395822,75.00784953157898,1092.2834199061965,22.63
batch,1,A,spot_ocean,100,84.0,1.41,0.0,11.735,0.0,27785.186521471733,0.23070988767893108,0.6056424168655643,0.01485080972089791,1.000278479054908,64.75248247763159,4233.206610733935,161.69
batch,1,B,spot_ocean,100,84.0,1.41,0.0,9.4075,0.0,21087.16133558306,0.1748930111298588,0.5278307966604646,0.013371854628895157,1.000278479054908,65.0037074776316,3797.8497775953106,148.54
batch,1,A,turbonomic,100,96.0,1.1675,0.0,10.1925,0.0,25012.9413163317,0.20760784430276413,0.5828078138690628,0.01440383427329478,1.000281322067616,67.59746045526317,3874.950623400795,54.2
batch,1,B,turbonomic,100,100.0,1.0875,0.0,2.4375,0.0,13239.348395488654,0.1094945699624054,0.3749912655651347,0.005233014228381857,1.000281366395822,68.11386693157895,1483.8087787405395,47.22
batch,1,C,C-hpa,100,64.0,25.225,7.0,37.025,0.0,12263.374378590595,0.10127936955533409,0.31725000527960157,0.09114621374517066,1.0002545761068398,74.29301658149204,2071.7061988436762,33.97
batch,1,C,C-strict,100,98.0,1.3325,0.0,6.2825,0.0,24437.865235267385,0.2028155436272282,0.5176684975457227,0.010368574602894906,1.0002804572092885,67.47797900921051,4077.685683697813,26.89
batch,2,A,aks_nap,100,74.0,2.3175,0.0,23.1475,9.0,48585.1508338638,0.40404292361553173,0.71175739275841,0.0383863976889037,1.0005734771947092,65.94386457631582,13736.443644314517,139.66
batch,2,B,aks_nap,100,79.0,2.28375,0.0,16.85,9.0,44608.71675502578,0.37090597295854805,0.6824844547026967,0.028677865090693127,1.000575798885395,66.43233525000004,12465.842063424101,124.69
batch,2,A,cast_ai,100,38.0,2.16,0.0,33.305,9.0,45894.049870801624,0.38161708225668023,0.7003262939903346,0.05449860126904402,1.000562210268668,67.45640949473687,13550.081066072762,204.73
batch,2,B,cast_ai,100,53.0,2.11625,0.0,19.4025,11.0,38495.086968863936,0.31995905807386615,0.6369907394479906,0.03468920955070637,1.0005683809796613,68.55158530131581,11719.740607453778,179.15
batch,2,A,gke_optimize,100,95.0,1.63375,0.0,10.405,10.0,32578.664263877068,0.27065553553230887,0.6163000841668451,0.01919516016779691,1.000579099076304,71.46719301315791,9042.826789753959,63.15
batch,2,B,gke_optimize,100,99.0,1.5975,0.0,5.0575,9.0,29286.797612146293,0.2432233134345525,0.544101720668387,0.012530923276384253,1.0005789427652956,72.9622911131579,7681.284591332635,55.04
batch,2,A,k8s_hpa70_ca,100,99.0,1.38625,0.0,7.0775,9.0,26135.683272259426,0.21696402726882855,0.5428343523549567,0.014564362031719538,1.0005789361305704,78.4933257131579,6343.882260756416,35.37
batch,2,B,k8s_hpa70_ca,100,99.0,1.32125,0.0,3.2825,9.0,23799.564246042246,0.1974963687170187,0.4802937145362016,0.0089052153737607,1.0005787305628235,80.3982409131579,4560.319327401119,30.54
batch,2,A,openshift,100,99.0,1.39625,0.0,7.57,9.0,25350.555268277094,0.21042129390230913,0.5362485193015906,0.014944156907126313,1.0005788872157264,78.83485761315791,6382.133603698141,34.89
batch,2,B,openshift,100,99.0,1.32875,0.0,3.295,9.0,23700.172231523193,0.19666810192935993,0.47991938782126825,0.008924626475520545,1.0005787181011667,80.20570951315791,4489.175253967309,30.5
batch,2,A,spot_ocean,100,83.0,2.39,0.0,14.8375,9.0,44675.567673062105,0.3714630639421842,0.6830336862656736,0.025987232851551065,1.0005760542567288,66.45750555921056,12862.663436378432,187.03
batch,2,B,spot_ocean,100,83.0,2.35625,0.0,12.375,9.0,40972.22274144708,0.3406018561787258,0.6507532645421975,0.02392585273978803,1.0005759716212888,66.91519485921054,12111.19271486127,171.84
batch,2,A,turbonomic,100,95.0,1.75,0.0,12.2675,11.0,37858.59362401099,0.3146549468667582,0.6558124764790858,0.022254029298890678,1.0005790410990865,69.4053349131579,10063.916816520483,73.46
batch,2,B,turbonomic,100,99.0,1.605,0.0,4.7075,11.0,29528.85538559297,0.2452404615466081,0.5373927481716083,0.012606389255232064,1.0005790078717607,70.1782552131579,7783.691458019475,65.27
batch,2,C,C-hpa,100,57.0,24.95125,10.0,50.0775,10.0,26721.662750378437,0.221811744395756,0.4947951982961335,0.1269549794788308,1.000556212076075,78.35182290537811,6714.226038710807,43.87
batch,2,C,C-strict,100,98.0,1.77,0.0,8.43,12.0,37421.898964174914,0.31101582470145755,0.6257295728648291,0.017378494740532362,1.0005781098292372,69.6691594907895,10843.73817795181,31.94
batch,3,A,aks_nap,100,72.0,3.7283333333333326,0.0,28.315,40.0,88090.61649793772,0.7224120042591302,0.8041816734409001,0.07004695308284131,1.0013315741279702,68.52316815921057,45198.14364873984,185.16
batch,3,B,aks_nap,100,76.0,3.708333333333333,0.0,22.105,41.0,83540.91943319397,0.6858103620529323,0.7905308105379183,0.061167748316417664,1.0013338229371345,69.34947633289477,43918.666013247035,166.85
batch,3,A,cast_ai,100,37.0,3.541666666666666,0.0,36.945,41.0,82704.46111925982,0.679308626103481,0.7863927290395294,0.08345110486870183,1.0013194189701893,70.65971407763159,43911.45936250829,235.28
batch,3,B,cast_ai,100,50.0,3.609166666666667,0.0,23.1875,41.0,75817.92671656879,0.6229520894143891,0.7583549055877241,0.06418365065386349,1.001323966166351,72.38659028421056,40400.12881686547,200.39
batch,3,A,gke_optimize,100,88.0,3.335833333333333,0.0,15.335,42.0,67431.7427681749,0.5533350803206304,0.7332540384884227,0.04858730905304735,1.001335414233,75.44946049605264,35950.14009237581,90.41
batch,3,B,gke_optimize,100,92.0,3.1816666666666666,0.0,10.335,40.0,65571.32250088523,0.5389354314766751,0.7239151104367635,0.04169173756964017,1.0013351990337969,77.63311709605264,32679.659219279383,78.77
batch,3,A,k8s_hpa70_ca,100,92.0,2.8999999999999995,0.0,11.395,38.0,60654.371172323445,0.49741948368853495,0.6953203303949174,0.03944945588691942,1.0013337767699122,85.45092689605264,29921.442105189104,49.15
batch,3,B,k8s_hpa70_ca,100,92.0,2.8783333333333325,0.0,8.3525,37.0,56473.625435228365,0.4625799358794092,0.6751372259294233,0.03509784396365297,1.0013328243197797,87.81844619605268,27841.118187527558,40.53
batch,3,A,openshift,100,91.0,2.9024999999999994,0.0,11.8425,39.0,60543.018259341705,0.49649154274702056,0.6916516469116685,0.039453455207454184,1.0013341995167186,85.81604529605265,29538.486957688714,47.77
batch,3,B,openshift,100,92.0,2.8708333333333327,0.0,8.305,37.0,55803.6649993353,0.456996932246967,0.6727319876218535,0.03497704912418758,1.001333276622392,87.34082429605262,27618.151917475116,41.1
batch,3,A,spot_ocean,100,78.0,3.6649999999999996,0.0,20.085,40.0,84831.67415555927,0.6965755799774049,0.7870405470876838,0.05822431634348404,1.001333507023059,69.54529894210528,44207.9873033707,221.49
batch,3,B,spot_ocean,100,78.0,3.6391666666666667,0.0,17.5675,40.0,80168.33932070449,0.6579019563536151,0.7704602436569717,0.056099683420744444,1.0013330433208376,70.2758145421053,42891.94383126148,204.15
batch,3,A,turbonomic,100,88.0,3.461666666666667,0.0,17.4025,40.0,74778.97904697618,0.6139995493106413,0.7627210396164128,0.0524552055893495,1.001336460692679,72.44948231973684,39132.427517090066,106.25
batch,3,B,turbonomic,100,92.0,3.3875,0.0,10.675,41.0,68626.39653105673,0.5640940997732171,0.7360427318756045,0.04452647654595639,1.0013358303038362,73.61283309605264,36124.716559182096,96.09
batch,3,C,C-hpa,100,29.0,34.57416666666666,14.0,74.5075,40.0,61528.76646317135,0.5037984655007253,0.6892411721334081,0.20366091536152114,1.0013091645047312,85.0223131769833,31475.19829881333,55.62
batch,3,C,C-strict,100,91.0,3.3991666666666664,0.0,14.05,40.0,68661.13096896307,0.5629773034224366,0.7452167330659915,0.04798274514824892,1.0013360253737709,73.36145069868422,37791.36052649246,38.37
batch,4,A,aks_nap,100,54.0,5.72875,0.0,35.8025,73.0,189812.14176335148,1.1516191967121394,0.8702266496051858,0.11699464104884787,1.0012325681903704,72.97115055526321,137189.61138196386,228.75
batch,4,B,aks_nap,100,59.0,5.763125,0.0,29.5925,73.0,188003.6913839515,1.1339984643838061,0.8657551672663598,0.1076393459992042,1.0012345075138294,74.28588102894743,135779.25200730213,204.29
batch,4,A,cast_ai,100,27.0,5.683125,0.0,42.81,73.0,184704.6811056124,1.110079568423963,0.8645802644601317,0.124865510603578,1.0012219369349165,75.68051307894741,134060.83403872495,260.45
batch,4,B,cast_ai,100,39.0,5.47125,0.0,29.27,70.0,179569.86056083388,1.0565698687087035,0.8488842563836885,0.10661644381819528,1.00122538948504,78.11527759605268,130953.74209225675,218.09
batch,4,A,gke_optimize,100,74.0,5.281875,0.0,23.5675,72.0,163975.4654110742,0.9434406492589515,0.8278113135554773,0.09458948229682804,1.0012324664903622,81.35866209210529,123793.22604104037,114.4
batch,4,B,gke_optimize,100,76.0,5.321875,0.0,18.7775,69.0,158497.58270416048,0.9004478767013374,0.8103165482776964,0.08881693120464292,1.001229704406636,84.2775097921053,120311.67818721909,99.33
batch,4,A,k8s_hpa70_ca,100,76.0,5.01125,0.0,19.57,68.0,140866.690987703,0.8133902757747181,0.7777381837286258,0.08293408724750215,1.0012235892162167,91.6676419921053,107631.47540696723,58.71
batch,4,B,k8s_hpa70_ca,100,77.0,5.105,0.0,16.7825,71.0,140610.96892220897,0.8038491434306887,0.772420130425351,0.0771928795550406,1.0012212562711402,94.54343539210531,106884.42892066244,49.66
batch,4,A,openshift,100,76.0,5.16875,0.0,20.365,70.0,141187.5697995479,0.8113317658734251,0.7797839289222732,0.0837508098382953,1.0012236863938038,91.24316629210529,107803.06664265294,60.03
batch,4,B,openshift,100,77.0,5.105,0.0,16.7575,69.0,140728.2262446386,0.8035612877842688,0.7751907767938957,0.07890299106168304,1.0012222302415195,93.29809719210527,107152.34111780814,52.16
batch,4,A,spot_ocean,100,64.0,5.6375,0.0,27.7075,71.0,187564.88458222093,1.1325538572641216,0.8627081128870401,0.10453134789051799,1.0012339715909702,74.49157433815795,135215.41561548866,253.97
batch,4,B,spot_ocean,100,64.0,5.6725,0.0,25.05,73.0,185208.58212654968,1.114793003466861,0.8571693483229434,0.10159791133137068,1.0012325347859659,75.48901113815792,133494.91218816806,233.01
batch,4,A,turbonomic,100,73.0,5.5575,0.0,25.77,70.0,171216.7926086665,0.9952150425722205,0.842004106796903,0.10023486485395303,1.0012345617965883,77.64716931578953,128436.04293889874,140.43
batch,4,B,turbonomic,100,77.0,5.47875,0.0,19.575,71.0,167016.21207128785,0.960248691602837,0.8273963278684157,0.09276869537212258,1.0012324746658359,79.14744849210527,126409.24671812926,127.83
batch,4,C,C-hpa,100,10.0,31.02125,18.0,94.1,71.0,149126.39196563925,0.8560808986723365,0.7828795113714215,0.2640818450780724,1.0011787929839577,92.18840248363675,112022.89988427794,62.83
batch,4,C,C-strict,100,77.0,5.2875,0.0,21.8125,73.0,152623.8768905919,0.8998311451408975,0.8113887215086728,0.09462564991025424,1.0012343627156584,77.9177412697369,119927.91679083754,43.07
batch,5,A,aks_nap,100,39.0,9.112,4.0,48.845,112.0,408569.89625201613,1.5690461680540824,0.920154469732569,0.19675597699642544,1.0004623589653219,78.11213140460536,356763.9066033874,267.03
batch,5,B,aks_nap,100,44.0,9.0495,4.0,42.6825,112.0,403837.7164269393,1.5325279480205467,0.9159686462222781,0.18764620654201328,1.000462469142555,79.84870237828957,353829.0399103785,233.51
batch,5,A,cast_ai,100,20.0,9.010000000000002,4.0,54.255,114.0,402131.1325317273,1.5227434221393952,0.9132964970360447,0.20236600096185023,1.000445606175083,81.39651512828955,351854.4937522681,281.83
batch,5,B,cast_ai,100,28.0,9.143,4.0,41.21,111.0,397247.71024376317,1.4671340505510968,0.9086733216395619,0.18587847328743318,1.000450056845696,84.54821063486848,349518.2588246206,227.82
batch,5,A,gke_optimize,100,56.0,8.839,4.0,36.9325,111.0,386165.78651693696,1.3779617009635103,0.8911450046736941,0.17783552353242643,1.000450692014788,87.88415514144741,343155.77501794667,139.74
batch,5,B,gke_optimize,100,58.0,8.721,4.0,32.4125,110.0,376238.14530501096,1.3319610450307926,0.8811208451136747,0.17002436877785493,1.0004564989201405,91.16764914144744,334762.28206883214,115.06
batch,5,A,k8s_hpa70_ca,100,57.0,8.5585,7.0,33.395,113.0,372411.4341469095,1.281625773866789,0.8729574045527975,0.16796644995826554,1.0002819297128767,97.13521530592111,332008.37134372554,69.61
batch,5,B,k8s_hpa70_ca,100,57.0,8.599,7.0,31.09,117.0,370597.0250871156,1.2655829598816657,0.8737196133292491,0.16330972953305925,1.0002003797259853,99.39989665460527,330226.57506115595,58.49
batch,5,A,openshift,100,56.0,8.650500000000001,7.0,34.4175,114.0,373508.46731236257,1.2863242547411788,0.8723675481957958,0.17018813909370123,1.0001684680143033,96.58673980592108,334224.4016603604,71.82
batch,5,B,openshift,100,57.0,8.662,7.0,31.2575,117.0,371327.95929764194,1.2721064796185078,0.8738114217170582,0.1640060599722988,1.0001450999819392,98.6173901546053,330529.8267459213,62.04
batch,5,A,spot_ocean,100,51.0,9.009,4.0,41.025,111.0,404583.2720607675,1.5422293162410463,0.9174767923726221,0.18494469387745419,1.000457051000497,80.17800718750009,353738.0454329883,276.44
batch,5,B,spot_ocean,100,51.0,8.99,4.0,38.425,112.0,402314.69694094284,1.5175932735758397,0.9143145838569231,0.18290544177736884,1.000453454900523,81.28620068750006,352901.1717014869,249.83
batch,5,A,turbonomic,100,55.0,9.012999999999998,4.0,39.375,111.0,390351.83401602687,1.4295839992015402,0.90574093465775,0.18299366860423064,1.0004597300241065,83.30155364144743,344868.4910942175,177.41
batch,5,B,turbonomic,100,58.0,8.916,4.0,33.3825,110.0,386374.73852442385,1.384747128876778,0.8988539083701496,0.17596894587650355,1.0004563362948355,85.21968914144742,344151.58042481774,157.02
batch,5,C,C-hpa,100,6.0,38.385999999999996,29.0,111.71,114.0,372915.14167847944,1.260965193396642,0.8683008541173679,0.3466319655660993,0.9999880064532192,97.03532463759551,333863.52178918454,68.55
batch,5,C,C-strict,100,58.0,8.623,4.0,35.91,112.0,371149.8451699865,1.3109812001555898,0.8842394415290472,0.17634931266517548,1.0004666407361837,82.23075394407901,333625.2574782845,46.04
batch,all,A,aks_nap,500,314.0,4.484816666666666,4.0,31.3585,234.0,153741.13284957103,0.8253371566959866,0.7922784956923014,0.09012192155297176,1.0007751629038126,70.02175001802635,111711.09277400779,186.74
batch,all,B,aks_nap,500,338.0,4.455441666666666,4.0,25.1005,235.0,149892.55169241712,0.7936014069214584,0.7745940723817053,0.08086318808784645,1.0007769723776925,70.9450450517106,110134.35022119615,165.742
batch,all,A,cast_ai,500,161.0,4.407958333333334,4.0,39.8885,237.0,149114.48896716494,0.7888132734654096,0.779588874690787,0.10247598136511905,1.000762766284022,72.15026189855269,109946.87024410801,233.044
batch,all,B,cast_ai,500,224.0,4.368433333333332,4.0,26.284,233.0,142141.6568575204,0.7257858463455648,0.7315788940772641,0.08389478863778317,1.0007677076682873,73.91447596723688,107487.10370167633,197.844
batch,all,A,gke_optimize,500,409.0,4.032091666666667,4.0,18.9815,235.0,133875.74918666208,0.6609570715038254,0.7184892882433761,0.07065007828373479,1.0007758076420554,77.00055851486843,103095.54856505904,90.802
batch,all,B,gke_optimize,500,425.0,3.985908333333333,4.0,13.8865,228.0,128462.05346461174,0.623940898663431,0.6660300398237455,0.06379465279449659,1.000776342304338,79.12184839486846,99407.29264094573,77.574
batch,all,A,k8s_hpa70_ca,500,424.0,3.7457,7.0,15.3905,228.0,122591.20170881812,0.5831929603945996,0.657888352778775,0.0628289177709986,1.0007399196450797,85.35203262776318,95661.70722214456,47.834
batch,all,B,k8s_hpa70_ca,500,425.0,3.7682166666666665,7.0,12.1835,234.0,120284.9176848082,0.5623073561374994,0.6185747627283547,0.05769391634671864,1.0007229114551104,87.43283525750003,94120.94498333067,40.418
batch,all,A,openshift,500,422.0,3.8040999999999996,7.0,16.0435,232.0,122760.12275524205,0.5827654433472551,0.6575018698058626,0.06361567400360021,1.0007173215072749,85.36247596776319,96114.58530990304,48.224
batch,all,B,openshift,500,425.0,3.7808166666666665,7.0,12.2055,232.0,120298.30454156465,0.5622523935402941,0.6185401456642164,0.05815372283719356,1.000712138268568,86.89397413750001,94176.35569101563,41.686
batch,all,A,spot_ocean,500,360.0,4.4223,4.0,23.078,231.0,149888.11699861634,0.7947063410207375,0.7711803110957169,0.07770768013678102,1.0007758125852326,71.0849737009211,110051.46367979201,220.124
batch,all,B,spot_ocean,500,360.0,4.413583333333333,4.0,20.565,234.0,145950.2004930454,0.76115662014098,0.7441056474079001,0.07558014877963343,1.0007746967367046,71.79398574092109,109039.41404267459,201.474
batch,all,A,turbonomic,500,407.0,4.189933333333333,4.0,21.0015,232.0,139843.82812240248,0.7122122764507849,0.7498172742838428,0.07446832052394373,1.0007782231360152,74.08020012907896,105275.16579802553,110.35
batch,all,B,turbonomic,500,426.0,4.09495,4.0,14.1555,233.0,132957.11018157,0.6527649903523691,0.6749353963701825,0.06622070425563929,1.0007770031064183,75.25441857486844,103190.6087877778,98.686
batch,all,C,C-hpa,500,166.0,30.831533333333333,78.0,73.484,235.0,124511.06744725187,0.5887871343041587,0.6304933482395866,0.20649518384593887,1.0006573504249645,85.37817595701713,97229.51044196602,52.968
batch,all,C,C-strict,500,422.0,4.082433333333333,4.0,17.297,237.0,130858.92344579674,0.6575242034095219,0.7168485933028526,0.06934095541342118,1.000779119172828,74.13141688250002,101253.19173145283,37.262
gpu,1,A,aks_nap,100,2.0,91.4,47.0,216.06,151.0,14400002440586.043,1.8499780701754382,0.971325310105081,0.6478137837462669,0.9054756803643614,197.9318985473691,2432038.34210526,54.03
gpu,1,B,aks_nap,100,2.0,91.4,47.0,216.06,151.0,14400002440586.043,1.8499780701754382,0.971325310105081,0.6478137837462669,0.9054756803643614,197.9318985473691,2432038.34210526,54.03
gpu,1,A,cast_ai,100,2.0,90.46,46.0,215.745,179.0,14400002444033.857,1.8493530701754384,0.9714000845919817,0.6559390192488038,0.9053489283203737,198.20606591579016,2435815.466507174,59.5
gpu,1,B,cast_ai,100,2.0,90.46,46.0,215.745,179.0,14400002444033.857,1.8493530701754384,0.9714000845919817,0.6559390192488038,0.9053489283203737,198.20606591579016,2435815.466507174,59.5
gpu,1,A,gke_optimize,100,4.0,92.7825,48.0,215.955,152.0,14400002436032.227,1.839451754385965,0.9675514004778506,0.6338227088663706,0.9056870770513771,200.57756448421117,2427577.438596488,34.83
gpu,1,B,gke_optimize,100,4.0,92.7825,48.0,215.955,152.0,14400002436032.227,1.839451754385965,0.9675514004778506,0.6338227088663706,0.9056870770513771,200.57756448421117,2427577.438596488,34.83
gpu,1,A,k8s_hpa70_ca,100,5.0,91.5325,47.0,214.1475,145.0,14400002433098.48,1.8136810776942354,0.9581444690036895,0.6248665344787672,0.9056866051095567,202.16716837894816,2427468.1291865995,16.83
gpu,1,B,k8s_hpa70_ca,100,5.0,91.6825,47.0,214.76,148.0,14400002431623.248,1.806862468671679,0.9571443695232407,0.6239114779950703,0.9057137462307032,202.46174911579033,2426390.6404647953,16.85
gpu,1,A,openshift,100,5.0,91.715,47.0,214.3825,147.0,14400002435301.54,1.8295269423558898,0.9655130206553889,0.6232163833515503,0.9056637997437644,202.54879991579034,2427387.3533834554,18.12
gpu,1,B,openshift,100,5.0,91.6975,47.0,214.3875,147.0,14400002433877.938,1.818563596491228,0.9642629987222021,0.622951831518224,0.9056732909451398,202.59695871579035,2427138.888585096,18.15
gpu,1,A,spot_ocean,100,2.0,90.345,46.0,215.0875,157.0,14400002442430.04,1.8506030701754383,0.9715098405301777,0.6564513773290136,0.9054129996823903,197.66797454736906,2434187.605263155,60.72
gpu,1,B,spot_ocean,100,2.0,90.345,46.0,215.0875,157.0,14400002442430.04,1.8506030701754383,0.9715098405301777,0.6564513773290136,0.9054129996823903,197.66797454736906,2434187.605263155,60.72
gpu,1,A,turbonomic,100,3.0,92.6175,48.0,215.2475,146.0,14400002436221.883,1.8432440476190477,0.9680496703113758,0.633730232707285,0.9056877123693683,199.8366787578955,2426801.6541353352,32.64
gpu,1,B,turbonomic,100,3.0,91.2975,47.0,215.3925,149.0,14400002434830.932,1.8347243107769424,0.9661403768633443,0.6328000877481346,0.9057081986984363,199.93797557894806,2426334.954887215,32.57
gpu,1,C,C-hpa,100,0.0,167.0875,80.0,292.76,244.0,2454425.1929003615,1.787067006484545,0.9519914171458284,0.8045553996389729,0.9055958022766211,193.12419094100878,2428719.614893086,24.24
gpu,1,C,C-strict,100,2.0,91.475,47.0,214.4775,153.0,2460035.586807926,1.83734179197995,0.9671920961987184,0.6245094381586445,0.9057344150103002,199.80256311052707,2425549.0380496667,15.09
gpu,2,A,aks_nap,100,5.0,92.34625,98.0,218.675,153.0,2663401.763157894,1.871578947368421,0.9745346484498273,0.6660888030643194,0.8997613997512007,199.12026520000066,2602149.5701754377,56.59
gpu,2,B,aks_nap,100,5.0,92.34625,98.0,218.675,153.0,2663401.763157894,1.871578947368421,0.9745346484498273,0.6660888030643194,0.8997613997512007,199.12026520000066,2602149.5701754377,56.59
gpu,2,A,cast_ai,100,5.0,92.33625,98.0,217.5125,180.0,2668196.0263157883,1.873453947368421,0.9749431904746677,0.6734706388560544,0.8995626663105054,199.43087997894798,2607029.9373433576,61.56
gpu,2,B,cast_ai,100,5.0,92.33625,98.0,217.5125,180.0,2668196.0263157883,1.873453947368421,0.9749431904746677,0.6734706388560544,0.8995626663105054,199.43087997894798,2607029.9373433576,61.56
gpu,2,A,gke_optimize,100,5.0,93.11875,100.0,218.3375,153.0,7200002656463.58,1.8827605263157894,0.9756667429206146,0.6527667465111721,0.8999729248769248,201.8379490526322,2597670.1855775793,36.66
gpu,2,B,gke_optimize,100,5.0,93.11875,100.0,218.3375,153.0,7200002656463.58,1.8827605263157894,0.9756667429206146,0.6527667465111721,0.8999729248769248,201.8379490526322,2597670.1855775793,36.66
gpu,2,A,k8s_hpa70_ca,100,6.0,93.2825,100.0,216.355,147.0,2653409.078947367,1.8393394736842106,0.9672057295746677,0.6451311820484049,0.9000037392343788,203.4301952842113,2597526.623034859,17.8
gpu,2,B,k8s_hpa70_ca,100,6.0,93.3075,100.0,217.305,151.0,2652162.4999999986,1.8334513157894736,0.9655477099803395,0.6440798268104538,0.9000352109043631,203.64137328421137,2596832.2706766906,17.91
gpu,2,A,openshift,100,6.0,93.27625,100.0,217.305,149.0,2655726.2631578934,1.852892105263158,0.9724444403685287,0.6440760878594434,0.90000553772737,203.7061906526324,2597599.6739576207,19.38
gpu,2,B,openshift,100,6.0,93.2975,100.0,217.265,149.0,2654080.2105263146,1.84105,0.9696670391372806,0.6433254433762563,0.9000176995176078,203.7563506526324,2597266.5399863287,19.34
gpu,2,A,spot_ocean,100,5.0,92.3875,98.0,217.1,158.0,2666228.105263157,1.873453947368421,0.9748985940264383,0.6745617522157177,0.8996377978441262,198.86019061052693,2605172.516290726,63.11
gpu,2,B,spot_ocean,100,5.0,92.3875,98.0,217.1,158.0,2666228.105263157,1.873453947368421,0.9748985940264383,0.6745617522157177,0.8996377978441262,198.86019061052693,2605172.516290726,63.11
gpu,2,A,turbonomic,100,5.0,93.0875,100.0,217.75,150.0,2656809.8684210517,1.8689144736842105,0.9738615745549345,0.6516262388643811,0.900002896344291,200.99411406315863,2597209.134085212,34.27
gpu,2,B,turbonomic,100,5.0,93.08875,100.0,217.7675,152.0,2655755.92105263,1.8610197368421053,0.9720054118716303,0.651393526170809,0.9000037351781525,201.07161088421122,2596819.760651628,34.02
gpu,2,C,C-hpa,100,0.0,178.84875,173.0,292.7325,257.0,2652709.73587432,1.8259084428316215,0.9639147590715186,0.8140077605420869,0.899882133974451,194.60728241264994,2599128.5612920146,25.8
gpu,2,C,C-strict,100,5.0,92.77375,99.0,216.7525,156.0,2655171.2105263146,1.862297149122807,0.9721049002088885,0.6428076010539481,0.900038250990421,200.94450955789551,2595643.3533834578,16.04
gpu,3,A,aks_nap,100,3.0,91.02499999999998,135.0,227.07,167.0,2972357.982456142,1.9314609649122807,0.9808218292154086,0.6912590454861561,0.8944094100481718,201.78951711579018,2877739.2105263188,58.69
gpu,3,B,aks_nap,100,3.0,91.02499999999998,135.0,227.07,167.0,2972357.982456142,1.9314609649122807,0.9808218292154086,0.6912590454861561,0.8944094100481718,201.78951711579018,2877739.2105263188,58.69
gpu,3,A,cast_ai,100,3.0,89.78333333333335,134.0,226.33,191.0,2976374.3859649138,1.9317350877192985,0.9808590969354567,0.6984918239363894,0.8942629959118203,202.19469509473754,2881688.947368424,63.06
gpu,3,B,cast_ai,100,3.0,89.78333333333335,134.0,226.33,191.0,2976374.3859649138,1.9317350877192985,0.9808590969354567,0.6984918239363894,0.8942629959118203,202.19469509473754,2881688.947368424,63.06
gpu,3,A,gke_optimize,100,3.0,92.1725,136.0,226.915,165.0,2969594.1228070194,1.927997807017544,0.980037978379884,0.6779517131976681,0.8946161890006619,204.54204448421123,2874500.2556391004,37.27
gpu,3,B,gke_optimize,100,3.0,92.1725,136.0,226.915,165.0,2969594.1228070194,1.927997807017544,0.980037978379884,0.6779517131976681,0.8946161890006619,204.54204448421123,2874500.2556391004,37.27
gpu,3,A,k8s_hpa70_ca,100,3.0,96.16499999999998,144.0,226.0075,165.0,2967894.5159489647,1.915240629984051,0.9763621592327651,0.6688632135645726,0.8946446724403886,206.27693061052713,2874244.552631582,18.81
gpu,3,B,k8s_hpa70_ca,100,3.0,96.14083333333333,144.0,226.34,164.0,2966967.482456142,1.9129320175438596,0.9751310800536211,0.6675624652899667,0.8946768713118339,206.42790336842188,2873609.105263161,18.73
gpu,3,A,openshift,100,3.0,96.42833333333334,144.0,227.02,166.0,2970893.666666668,1.9215504385964912,0.9789855127453124,0.669476183467619,0.8946577972557939,206.4864300210534,2876570.7368421084,20.65
gpu,3,B,openshift,100,3.0,96.41749999999998,144.0,226.965,166.0,2969879.192982458,1.91497149122807,0.9764742367232633,0.6691181412340924,0.8946606867613067,206.50721402105341,2876312.8421052657,20.66
gpu,3,A,spot_ocean,100,3.0,90.21166666666666,135.0,225.8975,178.0,2974094.1228070194,1.931460964912281,0.9808304193787406,0.6982996826122743,0.8943222054347142,201.6007515578954,2879096.6842105296,65.53
gpu,3,B,spot_ocean,100,3.0,90.21166666666666,135.0,225.8975,178.0,2974094.1228070194,1.931460964912281,0.9808304193787406,0.6982996826122743,0.8943222054347142,201.6007515578954,2879096.6842105296,65.53
gpu,3,A,turbonomic,100,3.0,92.2875,136.0,226.7375,166.0,2968992.59649123,1.9276469298245615,0.9800344209632091,0.6785433053551668,0.8946079101678366,203.70911955789555,2874674.268170429,37.1
gpu,3,B,turbonomic,100,3.0,92.27583333333332,136.0,226.8325,165.0,2968225.1553884726,1.926324686716792,0.9795747451992868,0.6772068131154688,0.8946316514281791,203.80421528421127,2873957.120300755,36.97
gpu,3,C,C-hpa,100,0.0,178.52333333333337,242.0,295.455,245.0,2964893.395728847,1.8979945262612845,0.9743805821421637,0.8301954783442578,0.8945124371893763,197.68598079129904,2878885.4983601775,26.9
gpu,3,C,C-strict,100,3.0,90.6725,136.0,225.445,170.0,2965621.263157896,1.926435307017544,0.9799554767723336,0.6692644513196504,0.8947061374854698,203.47661155789564,2870312.8421052657,16.57
gpu,4,A,aks_nap,100,1.0,99.520625,214.0,234.7975,167.0,21960003594271.535,1.9799671052631578,0.9875793459616365,0.7272599035905982,0.8725201023880588,205.45569903157974,3480510.5087719345,61.08
gpu,4,B,aks_nap,100,1.0,99.520625,214.0,234.7975,167.0,21960003594271.535,1.9799671052631578,0.9875793459616365,0.7272599035905982,0.8725201023880588,205.45569903157974,3480510.5087719345,61.08
gpu,4,A,cast_ai,100,1.0,99.78875,213.0,234.3275,192.0,21960003598867.64,1.9799671052631578,0.9876274547913556,0.732884258655862,0.8722862391706809,205.88151480000076,3487220.8771929867,63.45
gpu,4,B,cast_ai,100,1.0,99.78875,213.0,234.3275,192.0,21960003598867.64,1.9799671052631578,0.9876274547913556,0.732884258655862,0.8722862391706809,205.88151480000076,3487220.8771929867,63.45
gpu,4,A,gke_optimize,100,1.0,100.67625,215.0,236.07,167.0,21960003590132.996,1.9788662280701754,0.9874109794507404,0.7170762439040291,0.8728256623431989,208.30850810526385,3478483.929824565,39.15
gpu,4,B,gke_optimize,100,1.0,100.67625,215.0,236.07,167.0,21960003590132.996,1.9788662280701754,0.9874109794507404,0.7170762439040291,0.8728256623431989,208.30850810526385,3478483.929824565,39.15
gpu,4,A,k8s_hpa70_ca,100,2.0,101.821875,219.0,234.0775,164.0,21960003589331.13,1.961983004385965,0.9842849194089959,0.7109817331364607,0.8727837763008494,210.25364644210617,3479064.8157894774,20.54
gpu,4,B,k8s_hpa70_ca,100,2.0,101.858125,219.0,234.62,167.0,21960003587707.133,1.957828869047619,0.9833839277736596,0.7100347150534961,0.8728427107520512,210.41768644210623,3477775.5000000037,20.5
gpu,4,A,openshift,100,2.0,101.779375,219.0,234.425,165.0,21960003590621.363,1.969170504385965,0.9869274927058591,0.7104841353882767,0.8728039700426266,210.30261204210626,3479512.3947368455,22.2
gpu,4,B,openshift,100,2.0,101.77625,219.0,234.38,165.0,21960003590147.68,1.9664731359649124,0.9867729233576752,0.7103934621835445,0.8728109291702484,210.38286684210627,3479283.4473684244,22.29
gpu,4,A,spot_ocean,100,1.0,98.998125,213.0,233.605,172.0,21960003596613.64,1.9799671052631578,0.9875962726640222,0.73300181103088,0.8724456624464426,205.29656513684287,3483415.140350881,65.32
gpu,4,B,spot_ocean,100,1.0,98.998125,213.0,233.605,172.0,21960003596613.64,1.9799671052631578,0.9875962726640222,0.73300181103088,0.8724456624464426,205.29656513684287,3483415.140350881,65.32
gpu,4,A,turbonomic,100,1.0,100.529375,215.0,234.5575,165.0,21960003589936.1,1.9725175438596492,0.9871665606596615,0.7185512860354082,0.8727970038799647,207.35877743157982,3477504.894736846,38.68
gpu,4,B,turbonomic,100,1.0,100.57875,215.0,234.7025,166.0,21960003589657.812,1.971826754385965,0.9871263418309407,0.7168059853548187,0.8728020505667466,207.45114753684302,3477132.590225567,38.58
gpu,4,C,C-hpa,100,0.0,171.83625,328.0,297.3725,249.0,3661796.7148850136,1.9380612141811042,0.9781523507857525,0.8471466119880846,0.8725946559968532,202.2515501456202,3489945.6855658796,29.15
gpu,4,C,C-strict,100,1.0,98.611875,214.0,231.6075,165.0,11160003609987.287,1.9657264254385964,0.9864835394533397,0.7068862434436712,0.8728862616317451,207.0289537315799,3471904.3026315826,18.02
gpu,5,A,aks_nap,100,2.0,102.4725,288.0,239.315,164.0,79200005210289.73,1.9661096491228067,0.989806315947342,0.7654729327759638,0.8345939136521454,207.79134189473774,4798276.842105283,64.02
gpu,5,B,aks_nap,100,2.0,102.4725,288.0,239.315,164.0,79200005210289.73,1.9661096491228067,0.989806315947342,0.7654729327759638,0.8345939136521454,207.79134189473774,4798276.842105283,64.02
gpu,5,A,cast_ai,100,2.0,103.25749999999996,290.0,238.5325,183.0,79200005211388.42,1.9634846491228068,0.9893539997255787,0.7697689553485229,0.8344830269244184,208.30418463157986,4799664.210526335,64.77
gpu,5,B,cast_ai,100,2.0,103.25749999999996,290.0,238.5325,183.0,79200005211388.42,1.9634846491228068,0.9893539997255787,0.7697689553485229,0.8344830269244184,208.30418463157986,4799664.210526335,64.77
gpu,5,A,gke_optimize,100,2.0,103.55299999999997,290.0,238.38,165.0,85260005208173.94,1.9667938596491228,0.9899629225575777,0.7563275375777786,0.8347533630863502,210.56305400000088,4800633.026315811,40.77
gpu,5,B,gke_optimize,100,2.0,103.55299999999997,290.0,238.38,165.0,85260005208173.94,1.9667938596491228,0.9899629225575777,0.7563275375777786,0.8347533630863502,210.56305400000088,4800633.026315811,40.77
gpu,5,A,k8s_hpa70_ca,100,2.0,104.92299999999999,293.0,236.5675,161.0,79200005200168.81,1.9376074561403511,0.9864061634971728,0.7478620926309202,0.8350589675258027,212.04553631579049,4793099.342105283,23.18
gpu,5,B,k8s_hpa70_ca,100,2.0,104.957,293.0,237.685,162.0,79200005206463.27,1.9419745614035089,0.9870421664945545,0.7477264085198181,0.8348744273425924,212.2427382105274,4799931.184210547,23.18
gpu,5,A,openshift,100,2.0,104.97699999999999,293.0,238.1675,161.0,79200005213593.16,1.9542543859649124,0.9884670853944442,0.74828277896849,0.8347542349373898,212.3357775789484,4804559.605263176,24.6
gpu,5,B,openshift,100,2.0,104.99649999999998,293.0,238.1525,161.0,79200005214603.16,1.9542543859649124,0.9885506256406097,0.7479884200398931,0.8347525156562967,212.39117757894846,4805281.447368439,24.57
gpu,5,A,spot_ocean,100,2.0,102.74799999999998,289.0,238.195,165.0,79200005210672.62,1.9667346491228068,0.9898669089872958,0.7704928114365203,0.8345744677800465,207.64997978947457,4797933.947368442,68.24
gpu,5,B,spot_ocean,100,2.0,102.74799999999998,289.0,238.195,165.0,79200005210672.62,1.9667346491228068,0.9898669089872958,0.7704928114365203,0.8345744677800465,207.64997978947457,4797933.947368442,68.24
gpu,5,A,turbonomic,100,2.0,103.7815,290.0,238.5325,159.0,79200005209104.47,1.9611140350877192,0.9884453397140095,0.7567396129876525,0.8347906846931537,209.61788631579043,4798771.447368442,42.59
gpu,5,B,turbonomic,100,2.0,103.786,290.0,238.5475,160.0,79200005209165.89,1.9572925438596491,0.988741929708268,0.7554319725977808,0.8347858412374246,209.7139483157904,4799207.105263179,42.51
gpu,5,C,C-hpa,100,0.0,173.8655,439.0,299.7175,237.0,5418176.084641137,1.957410774083702,0.9884513670448365,0.8747605297800188,0.8342558249401977,204.7284310482741,4858193.442847064,31.47
gpu,5,C,C-strict,100,2.0,102.01199999999999,288.0,236.6125,165.0,5381954.605263168,1.9518146929824562,0.9880499416656062,0.749376335284887,0.8351511958112128,209.16558747368515,4785115.833333354,20.63
gpu,all,A,aks_nap,500,13.0,95.352875,782.0,227.1835,802.0,23112003376181.41,1.919818947368421,0.980813489935859,0.6995788937326608,0.8813521012407878,202.41774435789551,3238142.894736847,58.882
gpu,all,B,aks_nap,500,13.0,95.352875,782.0,227.1835,802.0,23112003376181.41,1.919818947368421,0.980813489935859,0.6995788937326608,0.8813521012407878,202.41774435789551,3238142.894736847,58.882
gpu,all,A,cast_ai,500,13.0,95.12516666666667,781.0,226.4895,925.0,23112003379772.062,1.9195987719298246,0.980836765303808,0.7061109392091264,0.8811887713275598,202.8034680842113,3242283.887787656,62.468
gpu,all,B,cast_ai,500,13.0,95.12516666666667,781.0,226.4895,925.0,23112003379772.062,1.9195987719298246,0.980836765303808,0.7061109392091264,0.8811887713275598,202.8034680842113,3242283.887787656,62.468
gpu,all,A,gke_optimize,500,15.0,96.4606,789.0,227.1315,802.0,25764003372079.375,1.919174035087719,0.9801260047573335,0.6875889900114036,0.8815710432717025,205.1658240252639,3235772.967190709,37.736
gpu,all,B,gke_optimize,500,15.0,96.4606,789.0,227.1315,802.0,25764003372079.375,1.919174035087719,0.9801260047573335,0.6875889900114036,0.8815710432717025,205.1658240252639,3235772.967190709,37.736
gpu,all,A,k8s_hpa70_ca,500,18.0,97.54497500000001,803.0,225.431,782.0,23112003368780.4,1.8935703283777625,0.9744806881434582,0.6795409511718251,0.8816355521221951,206.83469540631665,3234280.6925495607,19.432
gpu,all,B,k8s_hpa70_ca,500,18.0,97.58919166666666,803.0,226.142,792.0,23112003368984.72,1.8906098464912282,0.9736498507650831,0.678662978733761,0.8816285933083088,207.0382900842114,3234907.740123039,19.434
gpu,all,A,openshift,500,18.0,97.63519166666669,803.0,226.26,788.0,23112003373227.2,1.905478875313283,0.9784675103739067,0.6791071138070759,0.8815770679413889,207.07596204210614,3237125.952836641,20.99
gpu,all,B,openshift,500,18.0,97.63705,803.0,226.23,788.0,23112003372517.637,1.8990625219298245,0.9771455647162062,0.6787554596704021,0.8815830244101198,207.12691356210615,3237056.633082711,21.002
gpu,all,A,spot_ocean,500,13.0,94.93805833333333,781.0,225.977,830.0,23112003378007.707,1.920443947368421,0.980940407117335,0.7065614869248811,0.881278626637544,202.21509232842175,3239961.178696747,64.584
gpu,all,B,spot_ocean,500,13.0,94.93805833333333,781.0,225.977,830.0,23112003378007.707,1.920443947368421,0.980940407117335,0.7065614869248811,0.881278626637544,202.21509232842175,3239961.178696747,64.584
gpu,all,A,turbonomic,500,14.0,96.46067500000001,789.0,226.565,786.0,23112003372212.984,1.9146874060150376,0.9795115132406381,0.6878381351899787,0.8815772414909228,204.303315225264,3234992.279699253,37.056
gpu,all,B,turbonomic,500,14.0,96.20536666666666,788.0,226.6485,792.0,23112003371527.145,1.9102376065162907,0.9787177610946941,0.6867276769974023,0.8815862954217879,204.3957795200008,3234690.306265669,36.93
gpu,all,C,C-hpa,500,0.0,174.03226666666666,1262.0,295.6075,1232.0,3430400.2248059358,1.8812883927684514,0.9713780952380198,0.8341331560586843,0.8813681708754998,198.47948706777044,3250974.560591644,27.512
gpu,all,C,C-strict,500,13.0,95.10902499999999,784.0,224.979,809.0,2232003414553.9907,1.9087230733082705,0.9787571908597772,0.6785688138521602,0.8817032521858298,204.0836450863167,3229705.073900665,17.27
