2026/10/02 08:31:36.553, 0, 16.92, 47, 0, 150.00, 210, 150.00, 0x0000000000000001
2026/10/02 08:31:36.763, 0, 16.92, 47, 0, 150.00, 210, 150.00, 0x0000000000000001
2026/10/02 08:31:36.963, 0, 16.92, 47, 0, 150.00, 210, 150.00, 0x0000000000000001
2026/10/02 08:31:37.164, 0, 16.87, 46, 0, 150.00, 210, 150.00, 0x0000000000000001
2026/10/02 08:31:37.365, 0, 16.87, 46, 0, 150.00, 210, 150.00, 0x0000000000000001
2026/10/02 08:31:37.566, 0, 16.87, 46, 0, 150.00, 210, 150.00, 0x0000000000000001
2026/10/02 08:31:37.766, 0, 16.87, 46, 0, 150.00, 210, 150.00, 0x0000000000000001
2026/10/02 08:31:37.985, 0, 21.17, 47, 1, 150.00, 1695, 150.00, 0x0000000000000000
2026/10/02 08:31:38.186, 0, 32.65, 48, 5, 150.00, 1695, 150.00, 0x0000000000000000
2026/10/02 08:31:38.386, 0, 37.06, 48, 0, 150.00, 1695, 150.00, 0x0000000000000000
2026/10/02 08:31:38.587, 0, 49.53, 49, 12, 150.00, 1665, 150.00, 0x0000000000000004
2026/10/02 08:31:38.787, 0, 50.90, 49, 0, 150.00, 1680, 150.00, 0x0000000000000004
2026/10/02 08:31:38.988, 0, 74.75, 49, 0, 150.00, 1695, 150.00, 0x0000000000000000
2026/10/02 08:31:39.189, 0, 83.97, 49, 0, 150.00, 1680, 150.00, 0x0000000000000004
2026/10/02 08:31:39.389, 0, 95.71, 50, 56, 150.00, 1350, 150.00, 0x0000000000000004
2026/10/02 08:31:39.590, 0, 79.19, 49, 0, 150.00, 1680, 150.00, 0x0000000000000004
2026/10/02 08:31:39.790, 0, 87.16, 51, 100, 150.00, 870, 150.00, 0x0000000000000004
2026/10/02 08:31:39.991, 0, 86.38, 50, 0, 150.00, 1680, 150.00, 0x0000000000000004
2026/10/02 08:31:40.191, 0, 76.27, 49, 0, 150.00, 1680, 150.00, 0x0000000000000004
2026/10/02 08:31:40.392, 0, 76.76, 49, 0, 150.00, 1695, 150.00, 0x0000000000000000
2026/10/02 08:31:40.592, 0, 81.54, 50, 14, 150.00, 1665, 150.00, 0x0000000000000004
2026/10/02 08:31:40.793, 0, 81.53, 50, 0, 150.00, 1680, 150.00, 0x0000000000000004
2026/10/02 08:31:40.993, 0, 86.89, 50, 7, 150.00, 1665, 150.00, 0x0000000000000004
2026/10/02 08:31:41.194, 0, 86.89, 50, 0, 150.00, 1680, 150.00, 0x0000000000000004
2026/10/02 08:31:41.394, 0, 86.83, 50, 0, 150.00, 1695, 150.00, 0x0000000000000000
2026/10/02 08:31:41.595, 0, 73.04, 50, 0, 150.00, 1695, 150.00, 0x0000000000000000
2026/10/02 08:31:41.795, 0, 77.68, 50, 51, 150.00, 1605, 150.00, 0x0000000000000004
2026/10/02 08:31:41.996, 0, 65.36, 50, 0, 150.00, 1680, 150.00, 0x0000000000000004
2026/10/02 08:31:42.196, 0, 65.81, 50, 0, 150.00, 1695, 150.00, 0x0000000000000000
2026/10/02 08:31:42.397, 0, 73.19, 52, 82, 150.00, 840, 150.00, 0x0000000000000004
2026/10/02 08:31:42.597, 0, 72.37, 50, 0, 150.00, 1680, 150.00, 0x0000000000000004
2026/10/02 08:31:42.798, 0, 76.82, 51, 47, 150.00, 1620, 150.00, 0x0000000000000004
2026/10/02 08:31:42.998, 0, 99.99, 53, 100, 150.00, 840, 150.00, 0x0000000000000004
2026/10/02 08:31:43.199, 0, 117.70, 53, 33, 150.00, 705, 150.00, 0x0000000000000004
2026/10/02 08:31:43.399, 0, 116.24, 52, 56, 150.00, 1590, 150.00, 0x0000000000000004
2026/10/02 08:31:43.600, 0, 110.43, 52, 59, 150.00, 1500, 150.00, 0x0000000000000004
2026/10/02 08:31:43.800, 0, 100.01, 51, 0, 150.00, 1680, 150.00, 0x0000000000000004
2026/10/02 08:31:44.001, 0, 91.42, 52, 59, 150.00, 1410, 150.00, 0x0000000000000004
2026/10/02 08:31:44.201, 0, 79.66, 51, 0, 150.00, 1680, 150.00, 0x0000000000000004
2026/10/02 08:31:44.401, 0, 80.65, 52, 25, 150.00, 720, 150.00, 0x0000000000000004
2026/10/02 08:31:44.602, 0, 80.76, 51, 0, 150.00, 1680, 150.00, 0x0000000000000004
2026/10/02 08:31:44.802, 0, 80.10, 51, 0, 150.00, 1680, 150.00, 0x0000000000000004
2026/10/02 08:31:45.003, 0, 80.12, 51, 0, 150.00, 1695, 150.00, 0x0000000000000000
2026/10/02 08:31:45.203, 0, 93.64, 53, 100, 150.00, 855, 150.00, 0x0000000000000004
2026/10/02 08:31:45.404, 0, 110.24, 54, 100, 150.00, 840, 150.00, 0x0000000000000004
2026/10/02 08:31:45.605, 0, 108.97, 53, 16, 150.00, 690, 150.00, 0x0000000000000004
2026/10/02 08:31:45.805, 0, 132.60, 54, 61, 150.00, 705, 150.00, 0x0000000000000004
2026/10/02 08:31:46.006, 0, 131.62, 52, 0, 150.00, 1665, 150.00, 0x0000000000000000
2026/10/02 08:31:46.206, 0, 124.50, 52, 0, 150.00, 1665, 150.00, 0x0000000000000004
2026/10/02 08:31:46.407, 0, 107.41, 51, 0, 150.00, 1665, 150.00, 0x0000000000000000
2026/10/02 08:31:46.607, 0, 98.25, 52, 58, 150.00, 1500, 150.00, 0x0000000000000004
2026/10/02 08:31:46.808, 0, 75.71, 51, 0, 150.00, 1665, 150.00, 0x0000000000000000
2026/10/02 08:31:47.008, 0, 63.87, 51, 0, 150.00, 1665, 150.00, 0x0000000000000000
2026/10/02 08:31:47.209, 0, 61.13, 52, 0, 150.00, 1200, 150.00, 0x0000000000000000
2026/10/02 08:31:47.409, 0, 68.11, 52, 49, 150.00, 1635, 150.00, 0x0000000000000004
2026/10/02 08:31:47.610, 0, 68.21, 51, 0, 150.00, 1665, 150.00, 0x0000000000000000
2026/10/02 08:31:47.810, 0, 75.70, 53, 88, 150.00, 825, 150.00, 0x0000000000000004
2026/10/02 08:31:48.010, 0, 75.07, 52, 0, 150.00, 1665, 150.00, 0x0000000000000000
2026/10/02 08:31:48.211, 0, 89.52, 53, 42, 150.00, 960, 150.00, 0x0000000000000004
2026/10/02 08:31:48.411, 0, 94.60, 53, 30, 150.00, 1215, 150.00, 0x0000000000000004
2026/10/02 08:31:48.612, 0, 95.44, 52, 0, 150.00, 1665, 150.00, 0x0000000000000004
2026/10/02 08:31:48.813, 0, 102.76, 53, 10, 150.00, 735, 150.00, 0x0000000000000000
2026/10/02 08:31:49.013, 0, 102.24, 52, 31, 150.00, 1650, 150.00, 0x0000000000000004
2026/10/02 08:31:49.214, 0, 112.39, 53, 14, 150.00, 660, 150.00, 0x0000000000000000
2026/10/02 08:31:49.414, 0, 83.98, 52, 0, 150.00, 1650, 150.00, 0x0000000000000000
2026/10/02 08:31:49.615, 0, 84.30, 52, 0, 150.00, 1650, 150.00, 0x0000000000000000
2026/10/02 08:31:49.815, 0, 88.43, 52, 0, 150.00, 1650, 150.00, 0x0000000000000004
2026/10/02 08:31:50.016, 0, 73.33, 53, 61, 150.00, 1470, 150.00, 0x0000000000000004
2026/10/02 08:31:50.216, 0, 74.96, 54, 1, 150.00, 990, 150.00, 0x0000000000000004
2026/10/02 08:31:50.417, 0, 64.94, 52, 0, 150.00, 1650, 150.00, 0x0000000000000000
2026/10/02 08:31:50.617, 0, 74.87, 53, 46, 150.00, 1620, 150.00, 0x0000000000000004
2026/10/02 08:31:50.818, 0, 70.59, 52, 0, 150.00, 1650, 150.00, 0x0000000000000000
2026/10/02 08:31:51.018, 0, 94.13, 54, 93, 150.00, 1395, 150.00, 0x0000000000000004
2026/10/02 08:31:51.219, 0, 92.53, 52, 0, 150.00, 1650, 150.00, 0x0000000000000000
2026/10/02 08:31:51.419, 0, 98.40, 54, 61, 150.00, 825, 150.00, 0x0000000000000004
2026/10/02 08:31:51.620, 0, 106.75, 55, 83, 150.00, 1095, 150.00, 0x0000000000000004
2026/10/02 08:31:51.820, 0, 107.04, 53, 0, 150.00, 1650, 150.00, 0x0000000000000000
2026/10/02 08:31:52.021, 0, 91.88, 53, 56, 150.00, 1635, 150.00, 0x0000000000000004
2026/10/02 08:31:52.221, 0, 83.31, 52, 0, 150.00, 1170, 150.00, 0x0000000000000000
2026/10/02 08:31:52.422, 0, 101.89, 54, 32, 150.00, 780, 150.00, 0x0000000000000004
2026/10/02 08:31:52.622, 0, 96.61, 53, 11, 150.00, 1650, 150.00, 0x0000000000000004
2026/10/02 08:31:52.823, 0, 93.61, 54, 100, 150.00, 840, 150.00, 0x0000000000000004
2026/10/02 08:31:53.023, 0, 101.67, 53, 20, 150.00, 1650, 150.00, 0x0000000000000004
2026/10/02 08:31:53.224, 0, 125.59, 55, 100, 150.00, 1410, 150.00, 0x0000000000000004
2026/10/02 08:31:53.424, 0, 120.96, 53, 0, 150.00, 1650, 150.00, 0x0000000000000000
2026/10/02 08:31:53.625, 0, 98.87, 53, 0, 150.00, 615, 150.00, 0x0000000000000004
2026/10/02 08:31:53.825, 0, 98.74, 53, 0, 150.00, 1680, 150.00, 0x0000000000000004
2026/10/02 08:31:54.026, 0, 96.95, 53, 30, 150.00, 1665, 150.00, 0x0000000000000004
2026/10/02 08:31:54.227, 0, 95.47, 53, 14, 150.00, 1680, 150.00, 0x0000000000000004
2026/10/02 08:31:54.427, 0, 113.92, 55, 42, 150.00, 870, 150.00, 0x0000000000000004
2026/10/02 08:31:54.628, 0, 113.16, 53, 0, 150.00, 1680, 150.00, 0x0000000000000004
2026/10/02 08:31:54.828, 0, 113.82, 53, 0, 150.00, 1695, 150.00, 0x0000000000000004
2026/10/02 08:31:55.029, 0, 99.61, 53, 0, 150.00, 1695, 150.00, 0x0000000000000000
2026/10/02 08:31:55.229, 0, 87.12, 53, 0, 150.00, 645, 150.00, 0x0000000000000000
2026/10/02 08:31:55.430, 0, 88.91, 55, 100, 150.00, 1335, 150.00, 0x0000000000000004
2026/10/02 08:31:55.630, 0, 77.48, 53, 0, 150.00, 1680, 150.00, 0x0000000000000004
2026/10/02 08:31:55.831, 0, 77.58, 53, 0, 150.00, 1695, 150.00, 0x0000000000000004
2026/10/02 08:31:56.031, 0, 94.49, 55, 100, 150.00, 1170, 150.00, 0x0000000000000004
2026/10/02 08:31:56.232, 0, 93.75, 53, 0, 150.00, 1680, 150.00, 0x0000000000000004
2026/10/02 08:31:56.432, 0, 89.36, 54, 60, 150.00, 1560, 150.00, 0x0000000000000004
2026/10/02 08:31:56.633, 0, 81.36, 53, 0, 150.00, 1680, 150.00, 0x0000000000000004
2026/10/02 08:31:56.833, 0, 102.96, 55, 100, 150.00, 1320, 150.00, 0x0000000000000004
2026/10/02 08:31:57.034, 0, 93.20, 53, 0, 150.00, 1680, 150.00, 0x0000000000000004
2026/10/02 08:31:57.234, 0, 95.14, 54, 48, 150.00, 1650, 150.00, 0x0000000000000004
2026/10/02 08:31:57.435, 0, 109.05, 55, 43, 150.00, 1320, 150.00, 0x0000000000000004
2026/10/02 08:31:57.635, 0, 117.30, 55, 22, 105.00, 480, 105.00, 0x0000000000000000
2026/10/02 08:31:57.836, 0, 50.02, 53, 0, 105.00, 1305, 105.00, 0x0000000000000000
2026/10/02 08:31:58.036, 0, 49.73, 54, 0, 105.00, 225, 105.00, 0x0000000000000000
2026/10/02 08:31:58.237, 0, 58.95, 53, 19, 105.00, 1305, 105.00, 0x0000000000000000
2026/10/02 08:31:58.437, 0, 56.24, 52, 0, 105.00, 1305, 105.00, 0x0000000000000000
2026/10/02 08:31:58.638, 0, 54.72, 53, 0, 105.00, 270, 105.00, 0x0000000000000000
2026/10/02 08:31:58.838, 0, 58.10, 53, 29, 105.00, 1305, 105.00, 0x0000000000000000
2026/10/02 08:31:59.039, 0, 58.04, 52, 0, 105.00, 1305, 105.00, 0x0000000000000000
2026/10/02 08:31:59.239, 0, 53.81, 52, 0, 105.00, 1305, 105.00, 0x0000000000000000
2026/10/02 08:31:59.440, 0, 64.79, 53, 19, 105.00, 375, 105.00, 0x0000000000000000
2026/10/02 08:31:59.640, 0, 70.03, 52, 0, 105.00, 1305, 105.00, 0x0000000000000000
2026/10/02 08:31:59.841, 0, 65.88, 52, 0, 105.00, 1290, 105.00, 0x0000000000000000
2026/10/02 08:32:00.041, 0, 80.00, 53, 91, 105.00, 1290, 105.00, 0x0000000000000004
2026/10/02 08:32:00.242, 0, 80.00, 52, 0, 105.00, 1290, 105.00, 0x0000000000000000
2026/10/02 08:32:00.443, 0, 90.84, 54, 100, 105.00, 420, 105.00, 0x0000000000000004
2026/10/02 08:32:00.643, 0, 79.88, 53, 8, 105.00, 1290, 105.00, 0x0000000000000000
2026/10/02 08:32:00.844, 0, 79.73, 52, 0, 105.00, 1290, 105.00, 0x0000000000000000
2026/10/02 08:32:01.044, 0, 68.85, 52, 0, 105.00, 1290, 105.00, 0x0000000000000000
2026/10/02 08:32:01.245, 0, 80.27, 53, 95, 105.00, 1290, 105.00, 0x0000000000000004
2026/10/02 08:32:01.445, 0, 79.18, 53, 89, 105.00, 420, 105.00, 0x0000000000000004
2026/10/02 08:32:01.649, 0, 79.25, 54, 100, 105.00, 420, 105.00, 0x0000000000000004
2026/10/02 08:32:01.849, 0, 51.50, 53, 38, 150.00, 1695, 150.00, 0x0000000000000004
2026/10/02 08:32:02.050, 0, 62.89, 53, 0, 150.00, 1560, 150.00, 0x0000000000000000
2026/10/02 08:32:02.250, 0, 108.29, 55, 93, 150.00, 795, 150.00, 0x0000000000000004
2026/10/02 08:32:02.451, 0, 91.60, 54, 0, 150.00, 1680, 150.00, 0x0000000000000004
2026/10/02 08:32:02.651, 0, 95.80, 54, 49, 150.00, 660, 150.00, 0x0000000000000004
2026/10/02 08:32:02.852, 0, 88.33, 54, 0, 150.00, 1680, 150.00, 0x0000000000000004
2026/10/02 08:32:03.052, 0, 110.98, 55, 82, 150.00, 1485, 150.00, 0x0000000000000004
2026/10/02 08:32:03.253, 0, 99.79, 54, 0, 150.00, 1680, 150.00, 0x0000000000000004
2026/10/02 08:32:03.453, 0, 94.55, 53, 0, 150.00, 1695, 150.00, 0x0000000000000004
2026/10/02 08:32:03.654, 0, 97.94, 55, 61, 150.00, 1530, 150.00, 0x0000000000000004
2026/10/02 08:32:03.854, 0, 95.00, 53, 0, 150.00, 1680, 150.00, 0x0000000000000004
2026/10/02 08:32:04.055, 0, 88.52, 55, 30, 150.00, 930, 150.00, 0x0000000000000000
2026/10/02 08:32:04.255, 0, 101.68, 55, 88, 150.00, 1545, 150.00, 0x0000000000000004
2026/10/02 08:32:04.456, 0, 112.94, 54, 3, 150.00, 1665, 150.00, 0x0000000000000004
2026/10/02 08:32:04.656, 0, 108.09, 53, 0, 150.00, 1665, 150.00, 0x0000000000000000
2026/10/02 08:32:04.857, 0, 110.67, 55, 74, 150.00, 795, 150.00, 0x0000000000000004
2026/10/02 08:32:05.058, 0, 92.18, 55, 60, 150.00, 1620, 150.00, 0x0000000000000004
2026/10/02 08:32:05.258, 0, 80.75, 54, 0, 150.00, 1665, 150.00, 0x0000000000000000
2026/10/02 08:32:05.458, 0, 66.87, 53, 0, 150.00, 1665, 150.00, 0x0000000000000000
2026/10/02 08:32:05.659, 0, 67.13, 53, 0, 150.00, 1425, 150.00, 0x0000000000000000
2026/10/02 08:32:05.859, 0, 79.41, 54, 85, 150.00, 1605, 150.00, 0x0000000000000004
2026/10/02 08:32:06.062, 0, 80.11, 55, 63, 150.00, 1560, 150.00, 0x0000000000000004
2026/10/02 08:32:06.262, 0, 81.06, 54, 59, 150.00, 1635, 150.00, 0x0000000000000004
2026/10/02 08:32:06.463, 0, 93.70, 54, 10, 150.00, 1680, 150.00, 0x0000000000000004
2026/10/02 08:32:06.663, 0, 93.97, 54, 0, 150.00, 1680, 150.00, 0x0000000000000004
2026/10/02 08:32:06.864, 0, 110.11, 56, 65, 150.00, 1230, 150.00, 0x0000000000000004
2026/10/02 08:32:07.064, 0, 107.59, 54, 0, 150.00, 1680, 150.00, 0x0000000000000004
2026/10/02 08:32:07.264, 0, 101.72, 54, 0, 150.00, 1695, 150.00, 0x0000000000000004
2026/10/02 08:32:07.465, 0, 95.47, 54, 53, 150.00, 1650, 150.00, 0x0000000000000004
2026/10/02 08:32:07.665, 0, 95.91, 54, 0, 150.00, 1680, 150.00, 0x0000000000000004
2026/10/02 08:32:07.866, 0, 81.11, 53, 0, 150.00, 1695, 150.00, 0x0000000000000000
2026/10/02 08:32:08.066, 0, 67.77, 53, 0, 150.00, 1665, 150.00, 0x0000000000000000
2026/10/02 08:32:08.267, 0, 81.37, 54, 15, 150.00, 945, 150.00, 0x0000000000000000
2026/10/02 08:32:08.467, 0, 82.11, 54, 26, 150.00, 660, 150.00, 0x0000000000000004
2026/10/02 08:32:08.668, 0, 94.84, 56, 59, 150.00, 840, 150.00, 0x0000000000000004
2026/10/02 08:32:08.868, 0, 112.77, 56, 100, 150.00, 810, 150.00, 0x0000000000000004
2026/10/02 08:32:09.069, 0, 130.49, 57, 100, 150.00, 810, 150.00, 0x0000000000000004
2026/10/02 08:32:09.270, 0, 140.50, 57, 100, 150.00, 765, 150.00, 0x0000000000000004
2026/10/02 08:32:09.470, 0, 132.72, 57, 100, 150.00, 825, 150.00, 0x0000000000000004
2026/10/02 08:32:09.671, 0, 149.99, 57, 100, 150.00, 810, 150.00, 0x0000000000000004
2026/10/02 08:32:09.871, 0, 148.88, 57, 100, 150.00, 1470, 150.00, 0x0000000000000004
2026/10/02 08:32:10.072, 0, 140.84, 57, 60, 150.00, 795, 150.00, 0x0000000000000004
2026/10/02 08:32:10.272, 0, 137.35, 57, 100, 150.00, 990, 150.00, 0x0000000000000004
2026/10/02 08:32:10.473, 0, 121.21, 55, 0, 150.00, 1680, 150.00, 0x0000000000000004
2026/10/02 08:32:10.673, 0, 107.38, 55, 0, 150.00, 1170, 150.00, 0x0000000000000004
2026/10/02 08:32:10.874, 0, 103.18, 57, 100, 150.00, 840, 150.00, 0x0000000000000004
2026/10/02 08:32:11.075, 0, 116.73, 57, 100, 150.00, 810, 150.00, 0x0000000000000004
2026/10/02 08:32:11.275, 0, 105.93, 57, 62, 150.00, 900, 150.00, 0x0000000000000004
2026/10/02 08:32:11.476, 0, 113.17, 57, 61, 150.00, 1590, 150.00, 0x0000000000000004
2026/10/02 08:32:11.676, 0, 125.93, 57, 10, 150.00, 630, 150.00, 0x0000000000000004
2026/10/02 08:32:11.877, 0, 124.87, 58, 100, 150.00, 1290, 150.00, 0x0000000000000004
2026/10/02 08:32:12.077, 0, 120.79, 56, 38, 150.00, 1665, 150.00, 0x0000000000000004
2026/10/02 08:32:12.278, 0, 124.13, 56, 39, 150.00, 615, 150.00, 0x0000000000000004
2026/10/02 08:32:12.478, 0, 135.33, 58, 53, 150.00, 1590, 150.00, 0x0000000000000004
2026/10/02 08:32:12.679, 0, 119.61, 56, 0, 150.00, 1665, 150.00, 0x0000000000000000
2026/10/02 08:32:12.879, 0, 117.47, 56, 5, 150.00, 1170, 150.00, 0x0000000000000000
2026/10/02 08:32:13.080, 0, 94.26, 55, 0, 150.00, 1665, 150.00, 0x0000000000000004
2026/10/02 08:32:13.280, 0, 99.26, 57, 21, 150.00, 945, 150.00, 0x0000000000000004
2026/10/02 08:32:13.481, 0, 105.82, 57, 29, 150.00, 1170, 150.00, 0x0000000000000004
2026/10/02 08:32:13.681, 0, 94.45, 56, 0, 150.00, 690, 150.00, 0x0000000000000004
2026/10/02 08:32:13.882, 0, 100.43, 57, 69, 150.00, 825, 150.00, 0x0000000000000004
2026/10/02 08:32:14.082, 0, 109.44, 57, 51, 150.00, 975, 150.00, 0x0000000000000004
2026/10/02 08:32:14.283, 0, 104.75, 56, 0, 105.00, 975, 105.00, 0x0000000000000000
2026/10/02 08:32:14.483, 0, 150.96, 56, 33, 105.00, 420, 105.00, 0x0000000000000004
2026/10/02 08:32:14.684, 0, 120.41, 56, 98, 105.00, 390, 105.00, 0x0000000000000004
2026/10/02 08:32:14.885, 0, 114.36, 56, 100, 105.00, 405, 105.00, 0x0000000000000004
2026/10/02 08:32:15.085, 0, 105.89, 56, 81, 105.00, 975, 105.00, 0x0000000000000000
2026/10/02 08:32:15.286, 0, 105.68, 56, 100, 105.00, 975, 105.00, 0x0000000000000000
2026/10/02 08:32:15.487, 0, 94.92, 55, 0, 105.00, 975, 105.00, 0x0000000000000000
2026/10/02 08:32:15.687, 0, 86.32, 56, 100, 105.00, 390, 105.00, 0x0000000000000004
2026/10/02 08:32:15.888, 0, 86.51, 56, 100, 105.00, 390, 105.00, 0x0000000000000004
2026/10/02 08:32:16.089, 0, 86.16, 56, 100, 105.00, 405, 105.00, 0x0000000000000004
2026/10/02 08:32:16.291, 0, 90.17, 56, 100, 150.00, 390, 105.00, 0x0000000000000004
2026/10/02 08:32:16.491, 0, 105.49, 57, 100, 150.00, 840, 150.00, 0x0000000000000004
2026/10/02 08:32:16.692, 0, 153.36, 58, 100, 150.00, 795, 150.00, 0x0000000000000004
2026/10/02 08:32:16.892, 0, 167.52, 58, 70, 150.00, 1230, 150.00, 0x0000000000000004
2026/10/02 08:32:17.093, 0, 172.50, 58, 90, 150.00, 1605, 150.00, 0x0000000000000004
2026/10/02 08:32:17.293, 0, 144.89, 56, 1, 150.00, 960, 150.00, 0x0000000000000004
2026/10/02 08:32:17.494, 0, 127.60, 56, 0, 150.00, 690, 150.00, 0x0000000000000004
2026/10/02 08:32:17.694, 0, 109.65, 56, 0, 150.00, 675, 150.00, 0x0000000000000004
2026/10/02 08:32:17.895, 0, 102.07, 57, 60, 150.00, 855, 150.00, 0x0000000000000004
2026/10/02 08:32:18.095, 0, 92.99, 58, 100, 150.00, 960, 150.00, 0x0000000000000004
2026/10/02 08:32:18.296, 0, 92.12, 57, 55, 150.00, 660, 150.00, 0x0000000000000004
2026/10/02 08:32:18.497, 0, 106.34, 59, 100, 105.00, 795, 105.00, 0x0000000000000000
2026/10/02 08:32:18.697, 0, 69.19, 57, 86, 105.00, 795, 105.00, 0x0000000000000000
2026/10/02 08:32:18.898, 0, 54.14, 56, 0, 105.00, 315, 105.00, 0x0000000000000004
2026/10/02 08:32:19.098, 0, 62.08, 56, 64, 105.00, 300, 105.00, 0x0000000000000004
2026/10/02 08:32:19.299, 0, 72.54, 57, 100, 105.00, 390, 105.00, 0x0000000000000004
2026/10/02 08:32:19.500, 0, 79.64, 57, 100, 105.00, 390, 105.00, 0x0000000000000004
2026/10/02 08:32:19.701, 0, 84.19, 57, 100, 105.00, 390, 105.00, 0x0000000000000004
2026/10/02 08:32:19.901, 0, 92.66, 57, 100, 105.00, 360, 105.00, 0x0000000000000004
2026/10/02 08:32:20.102, 0, 98.36, 57, 100, 105.00, 390, 105.00, 0x0000000000000004
2026/10/02 08:32:20.303, 0, 104.15, 57, 100, 105.00, 390, 105.00, 0x0000000000000004
2026/10/02 08:32:20.503, 0, 104.17, 57, 100, 105.00, 390, 105.00, 0x0000000000000004
2026/10/02 08:32:20.704, 0, 104.16, 57, 100, 150.00, 810, 150.00, 0x0000000000000004
2026/10/02 08:32:20.905, 0, 155.18, 58, 100, 150.00, 795, 150.00, 0x0000000000000004
2026/10/02 08:32:21.105, 0, 152.21, 59, 100, 150.00, 1575, 150.00, 0x0000000000000004
2026/10/02 08:32:21.306, 0, 121.46, 57, 19, 150.00, 1680, 150.00, 0x0000000000000004
2026/10/02 08:32:21.506, 0, 116.74, 58, 0, 150.00, 825, 150.00, 0x0000000000000004
2026/10/02 08:32:21.707, 0, 114.21, 58, 100, 150.00, 1680, 150.00, 0x0000000000000004
2026/10/02 08:32:21.908, 0, 111.06, 58, 0, 150.00, 1230, 150.00, 0x0000000000000004
2026/10/02 08:32:22.108, 0, 109.28, 59, 66, 150.00, 825, 150.00, 0x0000000000000004
2026/10/02 08:32:22.309, 0, 127.15, 59, 100, 150.00, 840, 150.00, 0x0000000000000004
2026/10/02 08:32:22.510, 0, 137.67, 59, 100, 150.00, 1560, 150.00, 0x0000000000000004
2026/10/02 08:32:22.710, 0, 122.19, 57, 21, 150.00, 1005, 150.00, 0x0000000000000004
2026/10/02 08:32:22.911, 0, 130.27, 57, 50, 150.00, 1680, 150.00, 0x0000000000000004
2026/10/02 08:32:23.111, 0, 114.02, 58, 0, 150.00, 1665, 150.00, 0x0000000000000004
2026/10/02 08:32:23.312, 0, 97.67, 57, 0, 150.00, 1680, 150.00, 0x0000000000000004
2026/10/02 08:32:23.512, 0, 108.57, 59, 32, 150.00, 825, 150.00, 0x0000000000000004
2026/10/02 08:32:23.713, 0, 121.06, 59, 100, 150.00, 825, 150.00, 0x0000000000000004
2026/10/02 08:32:23.914, 0, 126.10, 59, 100, 150.00, 1575, 150.00, 0x0000000000000004
2026/10/02 08:32:24.114, 0, 137.35, 59, 16, 150.00, 1575, 150.00, 0x0000000000000004
2026/10/02 08:32:24.315, 0, 137.58, 57, 13, 150.00, 1680, 150.00, 0x0000000000000004
2026/10/02 08:32:24.515, 0, 135.03, 59, 5, 150.00, 810, 150.00, 0x0000000000000004
2026/10/02 08:32:24.716, 0, 130.09, 59, 100, 150.00, 825, 150.00, 0x0000000000000004
2026/10/02 08:32:24.916, 0, 127.20, 60, 100, 150.00, 825, 150.00, 0x0000000000000004
2026/10/02 08:32:25.117, 0, 131.19, 59, 100, 150.00, 1005, 150.00, 0x0000000000000004
2026/10/02 08:32:25.318, 0, 137.61, 58, 48, 150.00, 1680, 150.00, 0x0000000000000004
2026/10/02 08:32:25.518, 0, 139.23, 59, 5, 150.00, 825, 150.00, 0x0000000000000004
2026/10/02 08:32:25.719, 0, 138.04, 59, 100, 150.00, 765, 150.00, 0x0000000000000004
2026/10/02 08:32:25.919, 0, 124.44, 58, 68, 150.00, 1035, 150.00, 0x0000000000000004
2026/10/02 08:32:26.120, 0, 119.83, 58, 49, 150.00, 660, 150.00, 0x0000000000000004
2026/10/02 08:32:26.321, 0, 110.19, 58, 59, 150.00, 690, 150.00, 0x0000000000000004
2026/10/02 08:32:26.521, 0, 118.23, 59, 61, 150.00, 810, 150.00, 0x0000000000000004
2026/10/02 08:32:26.722, 0, 119.71, 60, 100, 150.00, 810, 150.00, 0x0000000000000004
2026/10/02 08:32:26.922, 0, 116.26, 59, 88, 150.00, 1650, 150.00, 0x0000000000000004
2026/10/02 08:32:27.123, 0, 104.82, 58, 0, 150.00, 1680, 150.00, 0x0000000000000004
2026/10/02 08:32:27.323, 0, 102.22, 57, 0, 150.00, 1695, 150.00, 0x0000000000000000
2026/10/02 08:32:27.524, 0, 102.15, 57, 0, 150.00, 1695, 150.00, 0x0000000000000000
2026/10/02 08:32:27.724, 0, 86.34, 59, 0, 150.00, 810, 150.00, 0x0000000000000004
2026/10/02 08:32:27.925, 0, 89.12, 60, 100, 150.00, 1545, 150.00, 0x0000000000000004
2026/10/02 08:32:28.125, 0, 96.09, 59, 25, 150.00, 780, 150.00, 0x0000000000000004
2026/10/02 08:32:28.326, 0, 111.40, 60, 100, 150.00, 1575, 150.00, 0x0000000000000004
2026/10/02 08:32:28.526, 0, 133.07, 60, 17, 150.00, 840, 150.00, 0x0000000000000004
2026/10/02 08:32:28.727, 0, 141.19, 60, 100, 150.00, 780, 150.00, 0x0000000000000004
2026/10/02 08:32:28.928, 0, 142.12, 60, 100, 150.00, 840, 150.00, 0x0000000000000004
2026/10/02 08:32:29.128, 0, 137.20, 59, 96, 150.00, 1680, 150.00, 0x0000000000000004
2026/10/02 08:32:29.329, 0, 122.58, 59, 0, 150.00, 1665, 150.00, 0x0000000000000004
2026/10/02 08:32:29.529, 0, 138.96, 60, 31, 150.00, 1605, 150.00, 0x0000000000000004
2026/10/02 08:32:29.730, 0, 114.33, 58, 10, 150.00, 1095, 150.00, 0x0000000000000004
2026/10/02 08:32:29.930, 0, 124.71, 60, 46, 150.00, 900, 150.00, 0x0000000000000004
2026/10/02 08:32:30.131, 0, 128.92, 60, 92, 150.00, 1605, 150.00, 0x0000000000000004
2026/10/02 08:32:30.331, 0, 161.53, 60, 36, 150.00, 1575, 150.00, 0x0000000000000004
2026/10/02 08:32:30.532, 0, 135.10, 58, 15, 150.00, 1680, 150.00, 0x0000000000000004
2026/10/02 08:32:30.732, 0, 131.05, 58, 0, 150.00, 1035, 150.00, 0x0000000000000004
2026/10/02 08:32:30.933, 0, 117.44, 58, 62, 150.00, 615, 150.00, 0x0000000000000004
2026/10/02 08:32:31.133, 0, 103.46, 59, 60, 150.00, 780, 150.00, 0x0000000000000004
2026/10/02 08:32:31.334, 0, 80.71, 58, 67, 150.00, 1665, 150.00, 0x0000000000000000
2026/10/02 08:32:31.534, 0, 73.40, 58, 0, 150.00, 1110, 150.00, 0x0000000000000004
2026/10/02 08:32:31.735, 0, 85.35, 58, 15, 150.00, 675, 150.00, 0x0000000000000004
2026/10/02 08:32:31.935, 0, 106.91, 59, 12, 150.00, 1305, 150.00, 0x0000000000000004
2026/10/02 08:32:32.136, 0, 122.68, 60, 87, 150.00, 1275, 150.00, 0x0000000000000004
2026/10/02 08:32:32.336, 0, 131.49, 60, 25, 150.00, 690, 150.00, 0x0000000000000004
2026/10/02 08:32:32.537, 0, 152.14, 60, 63, 150.00, 1200, 150.00, 0x0000000000000004
2026/10/02 08:32:32.738, 0, 135.19, 59, 60, 150.00, 1665, 150.00, 0x0000000000000004
2026/10/02 08:32:32.938, 0, 144.12, 60, 37, 150.00, 1545, 150.00, 0x0000000000000004
2026/10/02 08:32:33.139, 0, 118.72, 59, 62, 150.00, 705, 150.00, 0x0000000000000004
2026/10/02 08:32:33.339, 0, 106.18, 60, 100, 150.00, 1335, 150.00, 0x0000000000000004
2026/10/02 08:32:33.540, 0, 98.71, 59, 0, 150.00, 1665, 150.00, 0x0000000000000000
2026/10/02 08:32:33.740, 0, 102.49, 59, 18, 150.00, 1380, 150.00, 0x0000000000000004
2026/10/02 08:32:33.940, 0, 102.47, 58, 0, 150.00, 1080, 150.00, 0x0000000000000004
2026/10/02 08:32:34.141, 0, 99.72, 58, 14, 150.00, 660, 150.00, 0x0000000000000004
2026/10/02 08:32:34.341, 0, 92.17, 58, 0, 150.00, 1665, 150.00, 0x0000000000000000
2026/10/02 08:32:34.542, 0, 90.65, 59, 0, 150.00, 735, 150.00, 0x0000000000000004
2026/10/02 08:32:34.743, 0, 110.22, 60, 70, 150.00, 1395, 150.00, 0x0000000000000004
2026/10/02 08:32:34.943, 0, 96.47, 58, 0, 150.00, 1650, 150.00, 0x0000000000000000
2026/10/02 08:32:35.144, 0, 110.20, 60, 68, 150.00, 1380, 150.00, 0x0000000000000004
2026/10/02 08:32:35.344, 0, 116.99, 59, 61, 150.00, 1620, 150.00, 0x0000000000000004
2026/10/02 08:32:35.545, 0, 124.73, 60, 83, 150.00, 810, 150.00, 0x0000000000000004
2026/10/02 08:32:35.745, 0, 128.28, 61, 100, 150.00, 810, 150.00, 0x0000000000000004
2026/10/02 08:32:35.946, 0, 127.23, 59, 0, 150.00, 1650, 150.00, 0x0000000000000000
2026/10/02 08:32:36.146, 0, 123.71, 60, 38, 150.00, 1530, 150.00, 0x0000000000000004
2026/10/02 08:32:36.347, 0, 122.57, 60, 12, 150.00, 1305, 150.00, 0x0000000000000004
2026/10/02 08:32:36.547, 0, 133.58, 60, 30, 150.00, 810, 150.00, 0x0000000000000004
2026/10/02 08:32:36.748, 0, 126.11, 60, 90, 150.00, 750, 150.00, 0x0000000000000004
2026/10/02 08:32:36.948, 0, 132.40, 61, 100, 150.00, 810, 150.00, 0x0000000000000004
2026/10/02 08:32:37.149, 0, 148.88, 61, 100, 150.00, 1545, 150.00, 0x0000000000000004
2026/10/02 08:32:37.349, 0, 141.31, 60, 12, 150.00, 1275, 150.00, 0x0000000000000004
2026/10/02 08:32:37.550, 0, 147.69, 61, 42, 150.00, 840, 150.00, 0x0000000000000004
2026/10/02 08:32:37.750, 0, 132.29, 60, 80, 150.00, 1650, 150.00, 0x0000000000000004
2026/10/02 08:32:37.951, 0, 113.23, 59, 0, 150.00, 1680, 150.00, 0x0000000000000004
2026/10/02 08:32:38.151, 0, 107.75, 60, 80, 150.00, 1080, 150.00, 0x0000000000000004
2026/10/02 08:32:38.352, 0, 118.16, 60, 20, 150.00, 810, 150.00, 0x0000000000000004
2026/10/02 08:32:38.552, 0, 117.62, 61, 100, 150.00, 810, 150.00, 0x0000000000000004
2026/10/02 08:32:38.753, 0, 125.32, 61, 100, 150.00, 825, 150.00, 0x0000000000000004
2026/10/02 08:32:38.953, 0, 148.97, 61, 100, 150.00, 825, 150.00, 0x0000000000000004
2026/10/02 08:32:39.154, 0, 149.47, 62, 100, 150.00, 750, 150.00, 0x0000000000000004
2026/10/02 08:32:39.355, 0, 158.13, 61, 100, 150.00, 780, 150.00, 0x0000000000000004
2026/10/02 08:32:39.555, 0, 151.53, 62, 100, 150.00, 795, 150.00, 0x0000000000000004
2026/10/02 08:32:39.756, 0, 151.99, 62, 100, 150.00, 825, 150.00, 0x0000000000000004
2026/10/02 08:32:39.956, 0, 152.15, 62, 100, 150.00, 795, 150.00, 0x0000000000000004
2026/10/02 08:32:40.157, 0, 150.06, 62, 100, 150.00, 735, 150.00, 0x0000000000000004
2026/10/02 08:32:40.357, 0, 150.87, 62, 100, 150.00, 780, 150.00, 0x0000000000000004
2026/10/02 08:32:40.558, 0, 150.84, 62, 100, 150.00, 795, 150.00, 0x0000000000000004
2026/10/02 08:32:40.759, 0, 150.93, 62, 100, 150.00, 810, 150.00, 0x0000000000000004
2026/10/02 08:32:40.959, 0, 149.90, 62, 100, 150.00, 735, 150.00, 0x0000000000000004
2026/10/02 08:32:41.160, 0, 149.84, 62, 100, 150.00, 750, 150.00, 0x0000000000000004
2026/10/02 08:32:41.360, 0, 150.25, 62, 100, 150.00, 780, 150.00, 0x0000000000000004
2026/10/02 08:32:41.561, 0, 149.97, 62, 100, 150.00, 795, 150.00, 0x0000000000000004
2026/10/02 08:32:41.762, 0, 150.08, 62, 100, 150.00, 780, 150.00, 0x0000000000000004
2026/10/02 08:32:41.962, 0, 149.25, 62, 100, 150.00, 750, 150.00, 0x0000000000000004
2026/10/02 08:32:42.163, 0, 149.55, 62, 100, 150.00, 750, 150.00, 0x0000000000000004
2026/10/02 08:32:42.363, 0, 149.85, 62, 100, 150.00, 765, 150.00, 0x0000000000000004
2026/10/02 08:32:42.564, 0, 150.20, 63, 100, 150.00, 795, 150.00, 0x0000000000000004
2026/10/02 08:32:42.765, 0, 150.15, 63, 100, 150.00, 780, 150.00, 0x0000000000000004
2026/10/02 08:32:42.965, 0, 149.82, 63, 100, 150.00, 750, 150.00, 0x0000000000000004
2026/10/02 08:32:43.166, 0, 149.85, 63, 100, 150.00, 765, 150.00, 0x0000000000000004
2026/10/02 08:32:43.366, 0, 150.17, 63, 100, 150.00, 780, 150.00, 0x0000000000000004
2026/10/02 08:32:43.567, 0, 150.00, 63, 100, 150.00, 780, 150.00, 0x0000000000000004
2026/10/02 08:32:43.768, 0, 141.70, 62, 41, 150.00, 750, 150.00, 0x0000000000000004
2026/10/02 08:32:43.968, 0, 129.64, 63, 92, 150.00, 960, 150.00, 0x0000000000000004
2026/10/02 08:32:44.169, 0, 138.81, 63, 31, 150.00, 795, 150.00, 0x0000000000000004
2026/10/02 08:32:44.369, 0, 139.46, 63, 100, 150.00, 810, 150.00, 0x0000000000000004
2026/10/02 08:32:44.570, 0, 140.95, 63, 100, 150.00, 810, 150.00, 0x0000000000000004
2026/10/02 08:32:44.770, 0, 147.87, 62, 94, 150.00, 930, 150.00, 0x0000000000000004
2026/10/02 08:32:44.971, 0, 149.21, 62, 12, 150.00, 1140, 150.00, 0x0000000000000004
2026/10/02 08:32:45.171, 0, 133.30, 61, 41, 150.00, 930, 150.00, 0x0000000000000004
2026/10/02 08:32:45.372, 0, 106.58, 62, 41, 105.00, 405, 105.00, 0x0000000000000004
2026/10/02 08:32:45.573, 0, 105.08, 62, 100, 105.00, 390, 105.00, 0x0000000000000004
2026/10/02 08:32:45.773, 0, 104.63, 61, 100, 105.00, 390, 105.00, 0x0000000000000004
2026/10/02 08:32:45.974, 0, 104.69, 61, 100, 105.00, 375, 105.00, 0x0000000000000004
2026/10/02 08:32:46.175, 0, 104.63, 61, 100, 105.00, 405, 105.00, 0x0000000000000004
2026/10/02 08:32:46.375, 0, 104.57, 61, 100, 105.00, 375, 105.00, 0x0000000000000004
2026/10/02 08:32:46.576, 0, 104.37, 61, 100, 105.00, 390, 105.00, 0x0000000000000004
2026/10/02 08:32:46.776, 0, 104.56, 61, 100, 105.00, 375, 105.00, 0x0000000000000004
2026/10/02 08:32:46.977, 0, 104.46, 61, 100, 105.00, 375, 105.00, 0x0000000000000004
2026/10/02 08:32:47.178, 0, 104.40, 61, 100, 105.00, 375, 105.00, 0x0000000000000004
2026/10/02 08:32:47.378, 0, 104.45, 61, 100, 150.00, 390, 150.00, 0x0000000000000004
2026/10/02 08:32:47.579, 0, 155.06, 62, 100, 150.00, 795, 150.00, 0x0000000000000004
2026/10/02 08:32:47.779, 0, 152.84, 63, 100, 150.00, 765, 150.00, 0x0000000000000004
2026/10/02 08:32:47.980, 0, 151.67, 63, 100, 150.00, 765, 150.00, 0x0000000000000004
2026/10/02 08:32:48.181, 0, 151.15, 63, 100, 150.00, 750, 150.00, 0x0000000000000004
2026/10/02 08:32:48.381, 0, 150.69, 63, 100, 150.00, 765, 150.00, 0x0000000000000004
2026/10/02 08:32:48.582, 0, 150.73, 63, 100, 150.00, 795, 150.00, 0x0000000000000004
2026/10/02 08:32:48.782, 0, 150.33, 63, 100, 150.00, 780, 150.00, 0x0000000000000004
2026/10/02 08:32:48.983, 0, 150.15, 63, 100, 150.00, 765, 150.00, 0x0000000000000004
2026/10/02 08:32:49.183, 0, 150.12, 63, 100, 150.00, 720, 150.00, 0x0000000000000004
2026/10/02 08:32:49.384, 0, 150.13, 63, 100, 150.00, 765, 150.00, 0x0000000000000004
2026/10/02 08:32:49.585, 0, 150.20, 64, 100, 150.00, 780, 150.00, 0x0000000000000004
2026/10/02 08:32:49.785, 0, 149.67, 64, 100, 150.00, 765, 150.00, 0x0000000000000004
2026/10/02 08:32:49.986, 0, 149.65, 64, 100, 150.00, 765, 150.00, 0x0000000000000004
2026/10/02 08:32:50.186, 0, 149.62, 64, 100, 150.00, 750, 150.00, 0x0000000000000004
2026/10/02 08:32:50.387, 0, 149.87, 64, 100, 150.00, 765, 150.00, 0x0000000000000004
2026/10/02 08:32:50.588, 0, 149.69, 64, 100, 150.00, 780, 150.00, 0x0000000000000004
2026/10/02 08:32:50.788, 0, 149.79, 64, 100, 150.00, 765, 150.00, 0x0000000000000004
2026/10/02 08:32:50.989, 0, 149.89, 64, 100, 150.00, 765, 150.00, 0x0000000000000004
2026/10/02 08:32:51.190, 0, 149.72, 64, 100, 150.00, 765, 150.00, 0x0000000000000004
2026/10/02 08:32:51.390, 0, 149.89, 64, 100, 150.00, 780, 150.00, 0x0000000000000004
2026/10/02 08:32:51.591, 0, 150.04, 64, 100, 150.00, 780, 150.00, 0x0000000000000004
2026/10/02 08:32:51.791, 0, 149.99, 64, 100, 150.00, 765, 150.00, 0x0000000000000004
2026/10/02 08:32:51.992, 0, 149.78, 64, 100, 150.00, 765, 150.00, 0x0000000000000004
2026/10/02 08:32:52.193, 0, 149.75, 64, 100, 150.00, 765, 150.00, 0x0000000000000004
2026/10/02 08:32:52.393, 0, 150.02, 64, 100, 150.00, 780, 150.00, 0x0000000000000004
2026/10/02 08:32:52.594, 0, 150.05, 64, 100, 150.00, 765, 150.00, 0x0000000000000004
2026/10/02 08:32:52.794, 0, 150.01, 64, 100, 150.00, 780, 150.00, 0x0000000000000004
2026/10/02 08:32:52.995, 0, 149.94, 64, 100, 150.00, 765, 150.00, 0x0000000000000004
2026/10/02 08:32:53.196, 0, 150.04, 64, 100, 150.00, 765, 150.00, 0x0000000000000004
2026/10/02 08:32:53.396, 0, 150.04, 64, 100, 150.00, 765, 150.00, 0x0000000000000004
2026/10/02 08:32:53.597, 0, 149.92, 64, 100, 150.00, 780, 150.00, 0x0000000000000004
2026/10/02 08:32:53.797, 0, 149.70, 65, 100, 150.00, 780, 150.00, 0x0000000000000004
2026/10/02 08:32:53.998, 0, 149.69, 65, 100, 150.00, 765, 150.00, 0x0000000000000004
2026/10/02 08:32:54.198, 0, 149.77, 65, 100, 150.00, 765, 150.00, 0x0000000000000004
2026/10/02 08:32:54.399, 0, 149.85, 65, 100, 150.00, 765, 150.00, 0x0000000000000004
2026/10/02 08:32:54.600, 0, 149.74, 65, 100, 150.00, 780, 150.00, 0x0000000000000004
2026/10/02 08:32:54.800, 0, 149.80, 65, 100, 150.00, 765, 150.00, 0x0000000000000004
2026/10/02 08:32:55.001, 0, 149.84, 65, 100, 150.00, 765, 150.00, 0x0000000000000004
2026/10/02 08:32:55.201, 0, 149.86, 65, 100, 150.00, 765, 150.00, 0x0000000000000004
2026/10/02 08:32:55.402, 0, 149.98, 65, 100, 150.00, 780, 150.00, 0x0000000000000004
2026/10/02 08:32:55.603, 0, 150.04, 65, 100, 150.00, 765, 150.00, 0x0000000000000004
2026/10/02 08:32:55.803, 0, 149.88, 65, 100, 150.00, 765, 150.00, 0x0000000000000004
2026/10/02 08:32:56.004, 0, 149.85, 65, 100, 150.00, 765, 150.00, 0x0000000000000004
2026/10/02 08:32:56.204, 0, 149.83, 65, 100, 150.00, 765, 150.00, 0x0000000000000004
2026/10/02 08:32:56.405, 0, 149.83, 65, 100, 150.00, 765, 150.00, 0x0000000000000004
2026/10/02 08:32:56.606, 0, 149.69, 65, 100, 150.00, 765, 150.00, 0x0000000000000004
2026/10/02 08:32:56.806, 0, 149.67, 65, 100, 150.00, 765, 150.00, 0x0000000000000004
2026/10/02 08:32:57.007, 0, 149.71, 65, 100, 150.00, 765, 150.00, 0x0000000000000004
2026/10/02 08:32:57.208, 0, 149.79, 65, 100, 150.00, 765, 150.00, 0x0000000000000004
2026/10/02 08:32:57.408, 0, 149.80, 65, 100, 150.00, 765, 150.00, 0x0000000000000004
2026/10/02 08:32:57.609, 0, 149.82, 65, 100, 150.00, 765, 150.00, 0x0000000000000004
2026/10/02 08:32:57.809, 0, 149.90, 65, 100, 150.00, 765, 150.00, 0x0000000000000004
2026/10/02 08:32:58.010, 0, 149.94, 66, 100, 150.00, 765, 150.00, 0x0000000000000004
2026/10/02 08:32:58.210, 0, 149.89, 66, 100, 150.00, 750, 150.00, 0x0000000000000004
2026/10/02 08:32:58.411, 0, 149.99, 66, 100, 150.00, 765, 150.00, 0x0000000000000004
2026/10/02 08:32:58.612, 0, 150.10, 66, 100, 150.00, 765, 150.00, 0x0000000000000004
2026/10/02 08:32:58.812, 0, 150.22, 66, 100, 150.00, 765, 150.00, 0x0000000000000004
2026/10/02 08:32:59.013, 0, 150.20, 66, 100, 150.00, 765, 150.00, 0x0000000000000004
2026/10/02 08:32:59.213, 0, 150.24, 66, 100, 150.00, 750, 150.00, 0x0000000000000004
2026/10/02 08:32:59.414, 0, 150.06, 66, 100, 150.00, 765, 150.00, 0x0000000000000004
2026/10/02 08:32:59.614, 0, 150.04, 66, 100, 150.00, 765, 150.00, 0x0000000000000004
2026/10/02 08:32:59.816, 0, 149.95, 66, 100, 150.00, 765, 150.00, 0x0000000000000004
2026/10/02 08:33:00.016, 0, 150.02, 66, 100, 150.00, 765, 150.00, 0x0000000000000004
2026/10/02 08:33:00.217, 0, 149.87, 66, 100, 150.00, 765, 150.00, 0x0000000000000004
2026/10/02 08:33:00.418, 0, 149.90, 66, 100, 150.00, 765, 150.00, 0x0000000000000004
2026/10/02 08:33:00.618, 0, 149.76, 66, 100, 150.00, 750, 150.00, 0x0000000000000004
2026/10/02 08:33:00.819, 0, 133.13, 65, 64, 150.00, 1035, 150.00, 0x0000000000000004
2026/10/02 08:33:01.019, 0, 118.07, 66, 71, 150.00, 1230, 150.00, 0x0000000000000004
2026/10/02 08:33:01.220, 0, 116.46, 66, 16, 150.00, 1605, 150.00, 0x0000000000000004
2026/10/02 08:33:01.420, 0, 126.64, 65, 100, 150.00, 810, 150.00, 0x0000000000000004
2026/10/02 08:33:01.621, 0, 133.08, 66, 100, 150.00, 795, 150.00, 0x0000000000000004
2026/10/02 08:33:01.821, 0, 142.08, 66, 100, 150.00, 795, 150.00, 0x0000000000000004
2026/10/02 08:33:02.022, 0, 155.73, 66, 100, 150.00, 795, 150.00, 0x0000000000000004
2026/10/02 08:33:02.223, 0, 156.66, 66, 100, 150.00, 825, 150.00, 0x0000000000000004
2026/10/02 08:33:02.423, 0, 145.12, 65, 0, 150.00, 1665, 150.00, 0x0000000000000004
2026/10/02 08:33:02.624, 0, 146.00, 66, 100, 150.00, 810, 150.00, 0x0000000000000004
2026/10/02 08:33:02.824, 0, 137.09, 66, 4, 150.00, 1650, 150.00, 0x0000000000000004
2026/10/02 08:33:03.025, 0, 123.40, 64, 0, 150.00, 1680, 150.00, 0x0000000000000004
2026/10/02 08:33:03.225, 0, 116.31, 65, 47, 150.00, 1470, 150.00, 0x0000000000000004
2026/10/02 08:33:03.426, 0, 122.06, 64, 28, 150.00, 1065, 150.00, 0x0000000000000004
2026/10/02 08:33:03.626, 0, 120.23, 66, 30, 150.00, 1560, 150.00, 0x0000000000000004
2026/10/02 08:33:03.827, 0, 116.36, 64, 16, 150.00, 1680, 150.00, 0x0000000000000004
2026/10/02 08:33:04.028, 0, 139.28, 65, 82, 150.00, 750, 150.00, 0x0000000000000004
2026/10/02 08:33:04.228, 0, 145.83, 65, 27, 150.00, 1080, 150.00, 0x0000000000000004
2026/10/02 08:33:04.429, 0, 163.11, 66, 100, 150.00, 795, 150.00, 0x0000000000000004
2026/10/02 08:33:04.629, 0, 140.66, 66, 65, 150.00, 1335, 150.00, 0x0000000000000004
2026/10/02 08:33:04.830, 0, 145.74, 65, 48, 150.00, 1455, 150.00, 0x0000000000000004
2026/10/02 08:33:05.031, 0, 155.85, 66, 34, 150.00, 1155, 150.00, 0x0000000000000004
2026/10/02 08:33:05.231, 0, 147.92, 66, 69, 150.00, 1380, 150.00, 0x0000000000000004
2026/10/02 08:33:05.432, 0, 120.13, 65, 65, 150.00, 1290, 150.00, 0x0000000000000004
2026/10/02 08:33:05.632, 0, 123.23, 64, 34, 150.00, 1035, 150.00, 0x0000000000000004
2026/10/02 08:33:05.833, 0, 129.41, 66, 100, 150.00, 780, 150.00, 0x0000000000000004
2026/10/02 08:33:06.034, 0, 135.47, 66, 100, 150.00, 795, 150.00, 0x0000000000000004
2026/10/02 08:33:06.234, 0, 133.19, 66, 100, 150.00, 780, 150.00, 0x0000000000000004
2026/10/02 08:33:06.435, 0, 151.47, 66, 100, 150.00, 555, 150.00, 0x0000000000000004
2026/10/02 08:33:06.635, 0, 158.30, 66, 100, 150.00, 750, 150.00, 0x0000000000000004
2026/10/02 08:33:06.836, 0, 150.54, 66, 100, 150.00, 780, 150.00, 0x0000000000000004
2026/10/02 08:33:07.037, 0, 150.75, 67, 100, 150.00, 795, 150.00, 0x0000000000000004
2026/10/02 08:33:07.237, 0, 150.77, 67, 100, 150.00, 780, 150.00, 0x0000000000000004
2026/10/02 08:33:07.438, 0, 149.38, 67, 100, 150.00, 705, 150.00, 0x0000000000000004
2026/10/02 08:33:07.638, 0, 150.27, 67, 100, 150.00, 750, 150.00, 0x0000000000000004
2026/10/02 08:33:07.839, 0, 150.51, 67, 100, 150.00, 780, 150.00, 0x0000000000000004
2026/10/02 08:33:08.039, 0, 151.33, 67, 68, 150.00, 675, 150.00, 0x0000000000000004
2026/10/02 08:33:08.240, 0, 151.48, 67, 100, 150.00, 795, 150.00, 0x0000000000000004
2026/10/02 08:33:08.441, 0, 153.16, 67, 53, 150.00, 1515, 150.00, 0x0000000000000004
2026/10/02 08:33:08.641, 0, 151.05, 66, 100, 150.00, 795, 150.00, 0x0000000000000004
2026/10/02 08:33:08.842, 0, 142.09, 67, 25, 150.00, 1605, 150.00, 0x0000000000000004
2026/10/02 08:33:09.042, 0, 137.18, 65, 48, 150.00, 630, 150.00, 0x0000000000000004
2026/10/02 08:33:09.243, 0, 128.37, 66, 0, 150.00, 1650, 150.00, 0x0000000000000004
2026/10/02 08:33:09.443, 0, 113.39, 65, 0, 150.00, 1680, 150.00, 0x0000000000000004
2026/10/02 08:33:09.644, 0, 102.92, 64, 0, 150.00, 1695, 150.00, 0x0000000000000000
2026/10/02 08:33:09.844, 0, 102.66, 65, 33, 150.00, 1545, 150.00, 0x0000000000000004
2026/10/02 08:33:10.044, 0, 108.46, 64, 65, 150.00, 630, 150.00, 0x0000000000000004
2026/10/02 08:33:10.245, 0, 98.77, 64, 55, 150.00, 585, 150.00, 0x0000000000000004
2026/10/02 08:33:10.445, 0, 98.55, 64, 0, 150.00, 1680, 150.00, 0x0000000000000004
2026/10/02 08:33:10.646, 0, 119.07, 64, 32, 150.00, 1005, 150.00, 0x0000000000000004
2026/10/02 08:33:10.846, 0, 98.05, 64, 0, 150.00, 1680, 150.00, 0x0000000000000004
2026/10/02 08:33:11.047, 0, 106.04, 65, 75, 150.00, 1020, 150.00, 0x0000000000000004
2026/10/02 08:33:11.247, 0, 111.16, 65, 8, 150.00, 1635, 150.00, 0x0000000000000004
2026/10/02 08:33:11.448, 0, 101.80, 64, 0, 150.00, 1680, 150.00, 0x0000000000000004
2026/10/02 08:33:11.648, 0, 101.85, 64, 0, 150.00, 1695, 150.00, 0x0000000000000000
2026/10/02 08:33:11.849, 0, 89.92, 63, 6, 150.00, 1695, 150.00, 0x0000000000000000
2026/10/02 08:33:12.049, 0, 89.94, 65, 42, 150.00, 1530, 150.00, 0x0000000000000004
2026/10/02 08:33:12.250, 0, 86.75, 65, 47, 150.00, 1455, 150.00, 0x0000000000000004
2026/10/02 08:33:12.450, 0, 113.93, 65, 100, 150.00, 825, 150.00, 0x0000000000000004
2026/10/02 08:33:12.651, 0, 126.00, 65, 63, 150.00, 690, 150.00, 0x0000000000000004
2026/10/02 08:33:12.851, 0, 124.02, 65, 0, 150.00, 1665, 150.00, 0x0000000000000004
2026/10/02 08:33:13.052, 0, 112.33, 64, 0, 150.00, 1680, 150.00, 0x0000000000000004
2026/10/02 08:33:13.252, 0, 102.86, 64, 63, 150.00, 1215, 150.00, 0x0000000000000004
2026/10/02 08:33:13.453, 0, 100.69, 64, 51, 150.00, 600, 150.00, 0x0000000000000004
2026/10/02 08:33:13.653, 0, 89.39, 64, 0, 150.00, 1680, 150.00, 0x0000000000000004
2026/10/02 08:33:13.854, 0, 91.42, 64, 83, 150.00, 975, 150.00, 0x0000000000000004
2026/10/02 08:33:14.054, 0, 90.38, 64, 0, 150.00, 1680, 150.00, 0x0000000000000004
2026/10/02 08:33:14.254, 0, 90.38, 64, 0, 150.00, 1680, 150.00, 0x0000000000000004
2026/10/02 08:33:14.455, 0, 91.31, 63, 0, 150.00, 1695, 150.00, 0x0000000000000000
2026/10/02 08:33:14.655, 0, 80.22, 63, 0, 150.00, 1695, 150.00, 0x0000000000000000
2026/10/02 08:33:14.856, 0, 77.88, 63, 0, 150.00, 1695, 150.00, 0x0000000000000000
2026/10/02 08:33:15.056, 0, 77.88, 63, 0, 150.00, 1695, 150.00, 0x0000000000000000
2026/10/02 08:33:15.257, 0, 77.88, 63, 0, 150.00, 1695, 150.00, 0x0000000000000000
2026/10/02 08:33:15.457, 0, 77.88, 63, 0, 150.00, 1695, 150.00, 0x0000000000000000
2026/10/02 08:33:15.658, 0, 126.08, 64, 22, 150.00, 1590, 150.00, 0x0000000000000004
2026/10/02 08:33:15.858, 0, 123.61, 63, 5, 150.00, 1680, 150.00, 0x0000000000000004
2026/10/02 08:33:16.059, 0, 117.47, 64, 64, 150.00, 1320, 150.00, 0x0000000000000004
2026/10/02 08:33:16.259, 0, 110.48, 63, 0, 150.00, 1680, 150.00, 0x0000000000000004
2026/10/02 08:33:16.460, 0, 104.72, 63, 61, 150.00, 1245, 150.00, 0x0000000000000004
2026/10/02 08:33:16.660, 0, 68.12, 63, 0, 150.00, 1680, 150.00, 0x0000000000000004
2026/10/02 08:33:16.860, 0, 76.45, 64, 44, 150.00, 1485, 150.00, 0x0000000000000004
2026/10/02 08:33:17.061, 0, 76.36, 63, 0, 150.00, 1680, 150.00, 0x0000000000000004
2026/10/02 08:33:17.261, 0, 109.86, 64, 47, 150.00, 1050, 150.00, 0x0000000000000004
2026/10/02 08:33:17.462, 0, 105.11, 63, 0, 150.00, 1680, 150.00, 0x0000000000000004
2026/10/02 08:33:17.662, 0, 106.10, 63, 0, 150.00, 1680, 150.00, 0x0000000000000004
2026/10/02 08:33:17.863, 0, 109.59, 64, 100, 150.00, 795, 150.00, 0x0000000000000004
2026/10/02 08:33:18.063, 0, 118.84, 64, 56, 150.00, 1380, 150.00, 0x0000000000000004
2026/10/02 08:33:18.264, 0, 115.11, 65, 22, 150.00, 1590, 150.00, 0x0000000000000004
2026/10/02 08:33:18.464, 0, 114.40, 65, 55, 150.00, 1440, 150.00, 0x0000000000000004
2026/10/02 08:33:18.665, 0, 117.63, 64, 0, 150.00, 1680, 150.00, 0x0000000000000004
2026/10/02 08:33:18.865, 0, 108.60, 63, 5, 150.00, 1680, 150.00, 0x0000000000000004
2026/10/02 08:33:19.066, 0, 94.94, 63, 0, 150.00, 1680, 150.00, 0x0000000000000004
2026/10/02 08:33:19.266, 0, 80.14, 63, 0, 150.00, 1680, 150.00, 0x0000000000000004
2026/10/02 08:33:19.467, 0, 84.91, 64, 22, 150.00, 1590, 150.00, 0x0000000000000004
2026/10/02 08:33:19.667, 0, 93.33, 63, 12, 150.00, 1680, 150.00, 0x0000000000000004
2026/10/02 08:33:19.868, 0, 109.26, 63, 37, 150.00, 795, 150.00, 0x0000000000000004
2026/10/02 08:33:20.068, 0, 114.04, 64, 9, 150.00, 1635, 150.00, 0x0000000000000004
2026/10/02 08:33:20.269, 0, 114.14, 63, 0, 150.00, 1680, 150.00, 0x0000000000000004
2026/10/02 08:33:20.469, 0, 98.74, 63, 0, 150.00, 1695, 150.00, 0x0000000000000000
2026/10/02 08:33:20.669, 0, 110.49, 64, 98, 150.00, 825, 150.00, 0x0000000000000004
2026/10/02 08:33:20.870, 0, 115.91, 63, 59, 150.00, 675, 150.00, 0x0000000000000004
2026/10/02 08:33:21.070, 0, 92.22, 63, 0, 150.00, 1680, 150.00, 0x0000000000000004
2026/10/02 08:33:21.271, 0, 92.70, 62, 0, 150.00, 1680, 150.00, 0x0000000000000004
2026/10/02 08:33:21.471, 0, 92.74, 62, 0, 150.00, 1695, 150.00, 0x0000000000000000
2026/10/02 08:33:21.672, 0, 83.79, 62, 0, 150.00, 1695, 150.00, 0x0000000000000000
2026/10/02 08:33:21.872, 0, 83.89, 64, 86, 150.00, 840, 150.00, 0x0000000000000004
2026/10/02 08:33:22.072, 0, 92.06, 65, 83, 150.00, 750, 150.00, 0x0000000000000004
2026/10/02 08:33:22.273, 0, 99.47, 63, 24, 150.00, 1650, 150.00, 0x0000000000000004
2026/10/02 08:33:22.473, 0, 99.40, 63, 0, 150.00, 1680, 150.00, 0x0000000000000004
2026/10/02 08:33:22.674, 0, 118.71, 64, 100, 150.00, 825, 150.00, 0x0000000000000004
2026/10/02 08:33:22.874, 0, 125.04, 65, 100, 150.00, 825, 150.00, 0x0000000000000004
2026/10/02 08:33:23.075, 0, 123.00, 63, 25, 150.00, 1650, 150.00, 0x0000000000000004
2026/10/02 08:33:23.275, 0, 106.01, 64, 64, 150.00, 1335, 150.00, 0x0000000000000004
2026/10/02 08:33:23.476, 0, 110.58, 63, 0, 150.00, 1680, 150.00, 0x0000000000000004
2026/10/02 08:33:23.676, 0, 111.15, 63, 21, 150.00, 1635, 150.00, 0x0000000000000004
2026/10/02 08:33:23.877, 0, 100.34, 63, 0, 150.00, 1680, 150.00, 0x0000000000000004
2026/10/02 08:33:24.077, 0, 90.41, 64, 72, 150.00, 765, 150.00, 0x0000000000000004
2026/10/02 08:33:24.278, 0, 106.73, 65, 100, 150.00, 795, 150.00, 0x0000000000000004
2026/10/02 08:33:24.478, 0, 104.91, 63, 0, 150.00, 1680, 150.00, 0x0000000000000004
2026/10/02 08:33:24.679, 0, 89.36, 63, 0, 150.00, 1680, 150.00, 0x0000000000000004
2026/10/02 08:33:24.879, 0, 106.18, 63, 37, 150.00, 1605, 150.00, 0x0000000000000004
2026/10/02 08:33:25.080, 0, 102.68, 62, 0, 150.00, 1680, 150.00, 0x0000000000000004
2026/10/02 08:33:25.280, 0, 98.04, 64, 26, 150.00, 675, 150.00, 0x0000000000000000
2026/10/02 08:33:25.480, 0, 95.28, 62, 0, 150.00, 1680, 150.00, 0x0000000000000004
2026/10/02 08:33:25.681, 0, 99.12, 63, 64, 150.00, 1320, 150.00, 0x0000000000000004
2026/10/02 08:33:25.881, 0, 89.03, 63, 65, 150.00, 1515, 150.00, 0x0000000000000004
2026/10/02 08:33:26.082, 0, 90.10, 63, 0, 150.00, 1680, 150.00, 0x0000000000000004
2026/10/02 08:33:26.282, 0, 90.18, 62, 0, 150.00, 1695, 150.00, 0x0000000000000000
2026/10/02 08:33:26.483, 0, 76.20, 62, 0, 150.00, 1695, 150.00, 0x0000000000000000
2026/10/02 08:33:26.683, 0, 89.57, 64, 46, 150.00, 675, 150.00, 0x0000000000000004
2026/10/02 08:33:26.884, 0, 80.44, 62, 0, 150.00, 1680, 150.00, 0x0000000000000004
2026/10/02 08:33:27.084, 0, 83.01, 63, 60, 150.00, 1380, 150.00, 0x0000000000000004
2026/10/02 08:33:27.284, 0, 81.45, 62, 0, 150.00, 1680, 150.00, 0x0000000000000004
2026/10/02 08:33:27.485, 0, 82.55, 62, 0, 150.00, 1695, 150.00, 0x0000000000000004
2026/10/02 08:33:27.685, 0, 88.64, 63, 64, 150.00, 900, 150.00, 0x0000000000000004
2026/10/02 08:33:27.886, 0, 86.78, 64, 70, 150.00, 1020, 150.00, 0x0000000000000004
2026/10/02 08:33:28.086, 0, 99.90, 64, 30, 150.00, 660, 150.00, 0x0000000000000004
2026/10/02 08:33:28.287, 0, 110.80, 64, 16, 150.00, 1650, 150.00, 0x0000000000000004
2026/10/02 08:33:28.487, 0, 106.53, 63, 0, 150.00, 1680, 150.00, 0x0000000000000004
2026/10/02 08:33:28.688, 0, 106.60, 63, 0, 150.00, 1680, 150.00, 0x0000000000000004
2026/10/02 08:33:28.888, 0, 91.38, 62, 0, 150.00, 1680, 150.00, 0x0000000000000004
2026/10/02 08:33:29.089, 0, 104.91, 63, 18, 150.00, 1650, 150.00, 0x0000000000000004
2026/10/02 08:33:29.289, 0, 81.28, 62, 0, 150.00, 1680, 150.00, 0x0000000000000004
2026/10/02 08:33:29.490, 0, 94.43, 62, 12, 150.00, 1650, 150.00, 0x0000000000000004
2026/10/02 08:33:29.690, 0, 94.51, 62, 0, 150.00, 1680, 150.00, 0x0000000000000004
2026/10/02 08:33:29.891, 0, 94.64, 62, 0, 150.00, 1695, 150.00, 0x0000000000000000
2026/10/02 08:33:30.091, 0, 80.04, 62, 0, 150.00, 1695, 150.00, 0x0000000000000000
2026/10/02 08:33:30.292, 0, 108.32, 64, 100, 150.00, 930, 150.00, 0x0000000000000004
2026/10/02 08:33:30.492, 0, 99.53, 64, 62, 150.00, 735, 150.00, 0x0000000000000004
2026/10/02 08:33:30.693, 0, 110.88, 63, 65, 150.00, 1515, 150.00, 0x0000000000000004
2026/10/02 08:33:30.893, 0, 121.34, 63, 8, 150.00, 1665, 150.00, 0x0000000000000004
2026/10/02 08:33:31.094, 0, 132.79, 63, 12, 150.00, 1650, 150.00, 0x0000000000000004
2026/10/02 08:33:31.294, 0, 110.83, 62, 0, 150.00, 1665, 150.00, 0x0000000000000000
2026/10/02 08:33:31.495, 0, 103.10, 62, 0, 150.00, 1665, 150.00, 0x0000000000000000
2026/10/02 08:33:31.695, 0, 86.88, 62, 0, 150.00, 1665, 150.00, 0x0000000000000000
2026/10/02 08:33:31.896, 0, 77.25, 62, 0, 150.00, 1665, 150.00, 0x0000000000000000
2026/10/02 08:33:32.096, 0, 81.05, 64, 93, 150.00, 810, 150.00, 0x0000000000000004
2026/10/02 08:33:32.297, 0, 80.62, 62, 0, 150.00, 1665, 150.00, 0x0000000000000004
2026/10/02 08:33:32.497, 0, 99.59, 63, 31, 150.00, 645, 150.00, 0x0000000000000000
2026/10/02 08:33:32.698, 0, 107.58, 62, 15, 150.00, 1650, 150.00, 0x0000000000000004
2026/10/02 08:33:32.898, 0, 120.06, 63, 51, 150.00, 690, 150.00, 0x0000000000000004
2026/10/02 08:33:33.099, 0, 113.85, 62, 0, 150.00, 1650, 150.00, 0x0000000000000004
2026/10/02 08:33:33.299, 0, 107.09, 62, 0, 150.00, 1650, 150.00, 0x0000000000000000
2026/10/02 08:33:33.500, 0, 108.11, 62, 60, 150.00, 1335, 150.00, 0x0000000000000004
2026/10/02 08:33:33.700, 0, 84.29, 62, 0, 150.00, 1650, 150.00, 0x0000000000000000
2026/10/02 08:33:33.901, 0, 84.58, 62, 0, 150.00, 1650, 150.00, 0x0000000000000000
2026/10/02 08:33:34.101, 0, 67.41, 61, 0, 150.00, 1650, 150.00, 0x0000000000000000
2026/10/02 08:33:34.301, 0, 67.41, 61, 0, 150.00, 1650, 150.00, 0x0000000000000000
2026/10/02 08:33:34.502, 0, 79.17, 62, 41, 150.00, 1590, 150.00, 0x0000000000000004
2026/10/02 08:33:34.702, 0, 77.84, 61, 0, 150.00, 1650, 150.00, 0x0000000000000000
2026/10/02 08:33:34.903, 0, 77.79, 61, 0, 150.00, 1650, 150.00, 0x0000000000000000
2026/10/02 08:33:35.103, 0, 95.68, 63, 40, 150.00, 705, 150.00, 0x0000000000000004
2026/10/02 08:33:35.304, 0, 95.11, 61, 0, 150.00, 1650, 150.00, 0x0000000000000000
2026/10/02 08:33:35.504, 0, 93.09, 63, 19, 150.00, 840, 150.00, 0x0000000000000000
2026/10/02 08:33:35.705, 0, 103.49, 63, 63, 150.00, 1095, 150.00, 0x0000000000000004
2026/10/02 08:33:35.905, 0, 106.82, 63, 0, 150.00, 1650, 150.00, 0x0000000000000004
2026/10/02 08:33:36.106, 0, 109.88, 64, 88, 150.00, 810, 150.00, 0x0000000000000004
2026/10/02 08:33:36.306, 0, 114.44, 64, 100, 150.00, 825, 150.00, 0x0000000000000004
2026/10/02 08:33:36.507, 0, 125.77, 64, 100, 150.00, 810, 150.00, 0x0000000000000004
2026/10/02 08:33:36.707, 0, 130.40, 65, 80, 150.00, 765, 150.00, 0x0000000000000004
2026/10/02 08:33:36.908, 0, 119.68, 63, 0, 150.00, 1680, 150.00, 0x0000000000000004
2026/10/02 08:33:37.108, 0, 124.35, 63, 54, 150.00, 1545, 150.00, 0x0000000000000004
2026/10/02 08:33:37.309, 0, 124.52, 63, 34, 150.00, 1620, 150.00, 0x0000000000000004
2026/10/02 08:33:37.510, 0, 126.23, 64, 58, 150.00, 930, 150.00, 0x0000000000000004
2026/10/02 08:33:37.710, 0, 113.99, 63, 62, 150.00, 1245, 150.00, 0x0000000000000004
2026/10/02 08:33:37.910, 0, 104.72, 62, 0, 150.00, 1680, 150.00, 0x0000000000000004
2026/10/02 08:33:38.111, 0, 102.73, 62, 0, 150.00, 1680, 150.00, 0x0000000000000004
2026/10/02 08:33:38.311, 0, 88.61, 63, 2, 150.00, 1320, 150.00, 0x0000000000000004
2026/10/02 08:33:38.512, 0, 96.74, 64, 100, 150.00, 795, 150.00, 0x0000000000000004
2026/10/02 08:33:38.712, 0, 106.64, 64, 72, 150.00, 750, 150.00, 0x0000000000000004
2026/10/02 08:33:38.913, 0, 104.16, 62, 0, 150.00, 1680, 150.00, 0x0000000000000004
2026/10/02 08:33:39.113, 0, 100.97, 62, 0, 150.00, 1695, 150.00, 0x0000000000000004
2026/10/02 08:33:39.314, 0, 101.32, 62, 0, 150.00, 1695, 150.00, 0x0000000000000000
2026/10/02 08:33:39.514, 0, 94.34, 62, 0, 150.00, 1695, 150.00, 0x0000000000000000
2026/10/02 08:33:39.715, 0, 76.66, 62, 0, 150.00, 1695, 150.00, 0x0000000000000000
2026/10/02 08:33:39.915, 0, 78.43, 62, 71, 150.00, 1395, 150.00, 0x0000000000000004
2026/10/02 08:33:40.116, 0, 78.09, 62, 62, 150.00, 1410, 150.00, 0x0000000000000004
2026/10/02 08:33:40.316, 0, 87.06, 63, 60, 150.00, 720, 150.00, 0x0000000000000004
2026/10/02 08:33:40.516, 0, 99.24, 64, 60, 150.00, 975, 150.00, 0x0000000000000004
2026/10/02 08:33:40.717, 0, 49.92, 62, 0, 105.00, 960, 105.00, 0x0000000000000000
2026/10/02 08:33:40.918, 0, 74.97, 62, 97, 105.00, 405, 105.00, 0x0000000000000004
2026/10/02 08:33:41.118, 0, 97.59, 62, 100, 105.00, 390, 105.00, 0x0000000000000004
2026/10/02 08:33:41.319, 0, 89.74, 62, 58, 105.00, 360, 105.00, 0x0000000000000004
2026/10/02 08:33:41.520, 0, 87.70, 62, 99, 105.00, 390, 105.00, 0x0000000000000004
2026/10/02 08:33:41.720, 0, 85.24, 62, 91, 105.00, 390, 105.00, 0x0000000000000004
2026/10/02 08:33:41.921, 0, 88.02, 62, 100, 105.00, 390, 105.00, 0x0000000000000004
2026/10/02 08:33:42.121, 0, 75.43, 61, 0, 105.00, 960, 105.00, 0x0000000000000000
2026/10/02 08:33:42.322, 0, 78.18, 62, 21, 105.00, 210, 105.00, 0x0000000000000000
2026/10/02 08:33:42.523, 0, 82.64, 62, 100, 105.00, 375, 105.00, 0x0000000000000004
2026/10/02 08:33:42.723, 0, 87.85, 62, 100, 150.00, 390, 105.00, 0x0000000000000004
2026/10/02 08:33:42.924, 0, 154.03, 63, 100, 150.00, 780, 150.00, 0x0000000000000004
2026/10/02 08:33:43.124, 0, 152.59, 64, 100, 150.00, 795, 150.00, 0x0000000000000004
2026/10/02 08:33:43.325, 0, 149.68, 64, 100, 150.00, 765, 150.00, 0x0000000000000004
2026/10/02 08:33:43.526, 0, 149.95, 64, 100, 150.00, 765, 150.00, 0x0000000000000004
2026/10/02 08:33:43.726, 0, 149.71, 64, 100, 150.00, 705, 150.00, 0x0000000000000004
2026/10/02 08:33:43.927, 0, 149.85, 65, 100, 150.00, 795, 150.00, 0x0000000000000004
2026/10/02 08:33:44.127, 0, 148.69, 65, 100, 150.00, 1125, 150.00, 0x0000000000000004
2026/10/02 08:33:44.328, 0, 153.57, 65, 17, 150.00, 810, 150.00, 0x0000000000000004
2026/10/02 08:33:44.529, 0, 154.21, 65, 100, 150.00, 810, 150.00, 0x0000000000000004
2026/10/02 08:33:44.730, 0, 154.92, 65, 100, 150.00, 810, 150.00, 0x0000000000000004
2026/10/02 08:33:44.930, 0, 155.43, 65, 100, 150.00, 795, 150.00, 0x0000000000000004
2026/10/02 08:33:45.131, 0, 154.26, 65, 100, 150.00, 795, 150.00, 0x0000000000000004
2026/10/02 08:33:45.332, 0, 141.96, 64, 100, 150.00, 1560, 150.00, 0x0000000000000004
2026/10/02 08:33:45.532, 0, 145.09, 65, 63, 150.00, 630, 150.00, 0x0000000000000004
2026/10/02 08:33:45.733, 0, 145.19, 65, 100, 150.00, 810, 150.00, 0x0000000000000004
2026/10/02 08:33:45.933, 0, 145.17, 65, 100, 150.00, 795, 150.00, 0x0000000000000004
2026/10/02 08:33:46.134, 0, 145.91, 65, 100, 150.00, 795, 150.00, 0x0000000000000004
2026/10/02 08:33:46.335, 0, 135.05, 64, 75, 150.00, 1260, 150.00, 0x0000000000000004
2026/10/02 08:33:46.535, 0, 147.36, 65, 11, 150.00, 810, 150.00, 0x0000000000000004
2026/10/02 08:33:46.736, 0, 133.49, 64, 52, 150.00, 1560, 150.00, 0x0000000000000004
2026/10/02 08:33:46.936, 0, 63.21, 64, 0, 140.00, 1545, 140.00, 0x0000000000000000
2026/10/02 08:33:47.137, 0, 126.62, 65, 80, 140.00, 720, 140.00, 0x0000000000000004
2026/10/02 08:33:47.337, 0, 135.22, 65, 100, 140.00, 705, 140.00, 0x0000000000000004
2026/10/02 08:33:47.538, 0, 137.29, 65, 71, 140.00, 1035, 140.00, 0x0000000000000004
2026/10/02 08:33:47.738, 0, 127.13, 65, 65, 140.00, 690, 140.00, 0x0000000000000004
2026/10/02 08:33:47.939, 0, 121.49, 64, 100, 140.00, 1335, 140.00, 0x0000000000000004
2026/10/02 08:33:48.139, 0, 122.42, 65, 0, 140.00, 570, 140.00, 0x0000000000000004
2026/10/02 08:33:48.340, 0, 122.72, 65, 100, 140.00, 690, 140.00, 0x0000000000000004
2026/10/02 08:33:48.541, 0, 116.10, 65, 100, 140.00, 1125, 140.00, 0x0000000000000004
2026/10/02 08:33:48.741, 0, 112.54, 64, 0, 140.00, 1545, 140.00, 0x0000000000000000
2026/10/02 08:33:48.941, 0, 107.69, 64, 86, 140.00, 1485, 140.00, 0x0000000000000004
2026/10/02 08:33:49.142, 0, 104.87, 64, 0, 105.00, 375, 105.00, 0x0000000000000004
2026/10/02 08:33:49.343, 0, 85.02, 63, 51, 105.00, 390, 105.00, 0x0000000000000004
2026/10/02 08:33:49.543, 0, 74.80, 62, 83, 105.00, 780, 105.00, 0x0000000000000000
2026/10/02 08:33:49.744, 0, 82.49, 63, 13, 105.00, 360, 105.00, 0x0000000000000004
2026/10/02 08:33:49.945, 0, 87.25, 63, 100, 105.00, 375, 105.00, 0x0000000000000004
2026/10/02 08:33:50.145, 0, 90.15, 63, 100, 105.00, 375, 105.00, 0x0000000000000004
2026/10/02 08:33:50.346, 0, 95.03, 64, 100, 105.00, 375, 105.00, 0x0000000000000004
2026/10/02 08:33:50.547, 0, 98.58, 63, 100, 105.00, 375, 105.00, 0x0000000000000004
2026/10/02 08:33:50.748, 0, 103.99, 63, 100, 105.00, 375, 105.00, 0x0000000000000004
2026/10/02 08:33:50.948, 0, 103.96, 63, 100, 105.00, 360, 105.00, 0x0000000000000004
2026/10/02 08:33:51.149, 0, 104.29, 63, 100, 150.00, 1080, 150.00, 0x0000000000000004
2026/10/02 08:33:51.350, 0, 151.71, 65, 100, 150.00, 780, 150.00, 0x0000000000000004
2026/10/02 08:33:51.550, 0, 150.81, 65, 100, 150.00, 765, 150.00, 0x0000000000000004
2026/10/02 08:33:51.751, 0, 150.44, 65, 100, 150.00, 765, 150.00, 0x0000000000000004
2026/10/02 08:33:51.951, 0, 150.00, 65, 100, 150.00, 765, 150.00, 0x0000000000000004
2026/10/02 08:33:52.152, 0, 149.70, 65, 100, 150.00, 765, 150.00, 0x0000000000000004
2026/10/02 08:33:52.353, 0, 145.15, 65, 100, 150.00, 1455, 150.00, 0x0000000000000004
2026/10/02 08:33:52.553, 0, 130.11, 64, 0, 150.00, 1680, 150.00, 0x0000000000000004
2026/10/02 08:33:52.754, 0, 129.81, 65, 0, 150.00, 660, 150.00, 0x0000000000000004
2026/10/02 08:33:52.954, 0, 114.22, 63, 33, 150.00, 1680, 150.00, 0x0000000000000004
2026/10/02 08:33:53.154, 0, 112.95, 63, 40, 150.00, 1665, 150.00, 0x0000000000000004
2026/10/02 08:33:53.355, 0, 98.09, 63, 0, 150.00, 1680, 150.00, 0x0000000000000004
2026/10/02 08:33:53.555, 0, 101.19, 64, 60, 150.00, 1170, 150.00, 0x0000000000000004
2026/10/02 08:33:53.756, 0, 115.54, 65, 90, 150.00, 780, 150.00, 0x0000000000000004
2026/10/02 08:33:53.957, 0, 117.44, 65, 100, 150.00, 795, 150.00, 0x0000000000000004
2026/10/02 08:33:54.157, 0, 119.12, 66, 100, 150.00, 795, 150.00, 0x0000000000000004
2026/10/02 08:33:54.358, 0, 135.51, 66, 100, 150.00, 570, 150.00, 0x0000000000000004
2026/10/02 08:33:54.558, 0, 141.14, 66, 100, 150.00, 750, 150.00, 0x0000000000000004
2026/10/02 08:33:54.759, 0, 149.88, 66, 100, 150.00, 780, 150.00, 0x0000000000000004
2026/10/02 08:33:54.960, 0, 149.67, 66, 100, 150.00, 795, 150.00, 0x0000000000000004
2026/10/02 08:33:55.160, 0, 149.43, 66, 100, 150.00, 795, 150.00, 0x0000000000000004
2026/10/02 08:33:55.361, 0, 148.04, 66, 100, 150.00, 690, 150.00, 0x0000000000000004
2026/10/02 08:33:55.561, 0, 149.58, 66, 100, 150.00, 750, 150.00, 0x0000000000000004
2026/10/02 08:33:55.762, 0, 149.78, 66, 100, 150.00, 780, 150.00, 0x0000000000000004
2026/10/02 08:33:55.963, 0, 150.22, 66, 100, 150.00, 780, 150.00, 0x0000000000000004
2026/10/02 08:33:56.163, 0, 150.43, 66, 100, 150.00, 765, 150.00, 0x0000000000000004
2026/10/02 08:33:56.364, 0, 149.03, 66, 100, 150.00, 720, 150.00, 0x0000000000000004
2026/10/02 08:33:56.564, 0, 149.80, 66, 100, 150.00, 750, 150.00, 0x0000000000000004
2026/10/02 08:33:56.765, 0, 150.11, 66, 100, 150.00, 780, 150.00, 0x0000000000000004
2026/10/02 08:33:56.966, 0, 150.12, 67, 100, 150.00, 795, 150.00, 0x0000000000000004
2026/10/02 08:33:57.166, 0, 149.75, 67, 100, 150.00, 750, 150.00, 0x0000000000000004
2026/10/02 08:33:57.367, 0, 149.18, 66, 100, 150.00, 720, 150.00, 0x0000000000000004
2026/10/02 08:33:57.567, 0, 145.93, 66, 77, 150.00, 735, 150.00, 0x0000000000000004
2026/10/02 08:33:57.768, 0, 146.93, 67, 100, 150.00, 795, 150.00, 0x0000000000000004
2026/10/02 08:33:57.969, 0, 147.36, 67, 100, 150.00, 795, 150.00, 0x0000000000000004
2026/10/02 08:33:58.169, 0, 142.85, 67, 100, 150.00, 795, 150.00, 0x0000000000000004
2026/10/02 08:33:58.370, 0, 141.74, 67, 98, 150.00, 585, 150.00, 0x0000000000000004
2026/10/02 08:33:58.570, 0, 148.92, 67, 100, 150.00, 765, 150.00, 0x0000000000000004
2026/10/02 08:33:58.771, 0, 138.35, 65, 98, 150.00, 1665, 150.00, 0x0000000000000004
2026/10/02 08:33:58.972, 0, 135.34, 66, 0, 150.00, 690, 150.00, 0x0000000000000004
2026/10/02 08:33:59.172, 0, 135.33, 67, 100, 150.00, 780, 150.00, 0x0000000000000004
2026/10/02 08:33:59.373, 0, 140.27, 67, 100, 150.00, 795, 150.00, 0x0000000000000004
2026/10/02 08:33:59.573, 0, 143.24, 66, 86, 150.00, 1335, 150.00, 0x0000000000000004
2026/10/02 08:33:59.774, 0, 140.61, 66, 0, 150.00, 915, 150.00, 0x0000000000000004
2026/10/02 08:33:59.974, 0, 141.32, 65, 18, 150.00, 1500, 150.00, 0x0000000000000004
2026/10/02 08:34:00.174, 0, 121.21, 65, 0, 150.00, 1680, 150.00, 0x0000000000000004
2026/10/02 08:34:00.375, 0, 113.92, 66, 0, 150.00, 765, 150.00, 0x0000000000000004
2026/10/02 08:34:00.576, 0, 104.51, 65, 100, 150.00, 1590, 150.00, 0x0000000000000004
2026/10/02 08:34:00.776, 0, 106.24, 66, 0, 150.00, 750, 150.00, 0x0000000000000004
2026/10/02 08:34:00.977, 0, 101.45, 65, 100, 150.00, 1245, 150.00, 0x0000000000000004
2026/10/02 08:34:01.177, 0, 101.26, 65, 68, 150.00, 1575, 150.00, 0x0000000000000004
2026/10/02 08:34:01.378, 0, 101.19, 65, 0, 150.00, 1305, 150.00, 0x0000000000000004
2026/10/02 08:34:01.578, 0, 99.86, 66, 86, 150.00, 795, 150.00, 0x0000000000000004
2026/10/02 08:34:01.779, 0, 120.96, 67, 100, 150.00, 690, 150.00, 0x0000000000000004
2026/10/02 08:34:01.979, 0, 106.37, 65, 32, 150.00, 1425, 150.00, 0x0000000000000004
2026/10/02 08:34:02.180, 0, 114.45, 65, 59, 150.00, 1365, 150.00, 0x0000000000000004
2026/10/02 08:34:02.380, 0, 115.60, 66, 63, 150.00, 1065, 150.00, 0x0000000000000004
2026/10/02 08:34:02.581, 0, 123.15, 66, 65, 150.00, 645, 150.00, 0x0000000000000004
2026/10/02 08:34:02.781, 0, 123.52, 67, 88, 150.00, 795, 150.00, 0x0000000000000004
2026/10/02 08:34:02.982, 0, 127.10, 67, 100, 150.00, 795, 150.00, 0x0000000000000004
2026/10/02 08:34:03.182, 0, 130.06, 67, 100, 150.00, 780, 150.00, 0x0000000000000004
2026/10/02 08:34:03.383, 0, 144.50, 67, 100, 150.00, 420, 150.00, 0x0000000000000004
2026/10/02 08:34:03.584, 0, 158.48, 67, 100, 150.00, 765, 150.00, 0x0000000000000004
2026/10/02 08:34:03.784, 0, 137.06, 66, 53, 150.00, 1455, 150.00, 0x0000000000000004
2026/10/02 08:34:03.985, 0, 143.30, 67, 37, 150.00, 780, 150.00, 0x0000000000000004
2026/10/02 08:34:04.185, 0, 143.17, 67, 100, 150.00, 780, 150.00, 0x0000000000000004
2026/10/02 08:34:04.386, 0, 127.07, 65, 60, 150.00, 1680, 150.00, 0x0000000000000004
2026/10/02 08:34:04.586, 0, 112.11, 65, 1, 150.00, 1590, 150.00, 0x0000000000000004
2026/10/02 08:34:04.787, 0, 117.37, 66, 0, 150.00, 1065, 150.00, 0x0000000000000004
2026/10/02 08:34:04.987, 0, 100.74, 65, 11, 150.00, 1560, 150.00, 0x0000000000000004
2026/10/02 08:34:05.188, 0, 85.60, 65, 0, 150.00, 1680, 150.00, 0x0000000000000004
2026/10/02 08:34:05.388, 0, 95.29, 66, 12, 150.00, 795, 150.00, 0x0000000000000004
2026/10/02 08:34:05.589, 0, 107.16, 66, 100, 150.00, 675, 150.00, 0x0000000000000004
2026/10/02 08:34:05.789, 0, 114.34, 67, 54, 150.00, 780, 150.00, 0x0000000000000004
2026/10/02 08:34:05.990, 0, 118.72, 67, 100, 150.00, 780, 150.00, 0x0000000000000004
2026/10/02 08:34:06.190, 0, 118.71, 65, 41, 150.00, 1680, 150.00, 0x0000000000000004
2026/10/02 08:34:06.391, 0, 116.28, 66, 0, 150.00, 795, 150.00, 0x0000000000000004
2026/10/02 08:34:06.591, 0, 106.97, 67, 54, 150.00, 795, 150.00, 0x0000000000000004
2026/10/02 08:34:06.792, 0, 110.28, 66, 99, 150.00, 1605, 150.00, 0x0000000000000004
2026/10/02 08:34:06.992, 0, 95.51, 65, 0, 150.00, 1680, 150.00, 0x0000000000000004
2026/10/02 08:34:07.193, 0, 100.81, 65, 24, 150.00, 1635, 150.00, 0x0000000000000004
2026/10/02 08:34:07.393, 0, 107.18, 66, 0, 150.00, 795, 150.00, 0x0000000000000004
2026/10/02 08:34:07.594, 0, 116.79, 67, 100, 150.00, 780, 150.00, 0x0000000000000004
2026/10/02 08:34:07.794, 0, 118.04, 67, 100, 150.00, 780, 150.00, 0x0000000000000004
2026/10/02 08:34:07.995, 0, 132.56, 67, 73, 150.00, 660, 150.00, 0x0000000000000004
2026/10/02 08:34:08.195, 0, 126.50, 66, 100, 150.00, 1665, 150.00, 0x0000000000000004
2026/10/02 08:34:08.396, 0, 127.69, 65, 0, 150.00, 1680, 150.00, 0x0000000000000004
2026/10/02 08:34:08.596, 0, 113.67, 65, 0, 150.00, 1695, 150.00, 0x0000000000000000
2026/10/02 08:34:08.797, 0, 110.19, 66, 7, 150.00, 780, 150.00, 0x0000000000000004
2026/10/02 08:34:08.997, 0, 125.81, 67, 81, 150.00, 690, 150.00, 0x0000000000000004
2026/10/02 08:34:09.198, 0, 104.95, 65, 29, 150.00, 735, 150.00, 0x0000000000000004
2026/10/02 08:34:09.398, 0, 104.29, 65, 59, 150.00, 1680, 150.00, 0x0000000000000004
2026/10/02 08:34:09.599, 0, 117.58, 66, 0, 150.00, 660, 150.00, 0x0000000000000004
2026/10/02 08:34:09.799, 0, 112.53, 65, 32, 150.00, 1680, 150.00, 0x0000000000000004
2026/10/02 08:34:10.000, 0, 97.99, 66, 62, 150.00, 1230, 150.00, 0x0000000000000004
2026/10/02 08:34:10.200, 0, 87.62, 65, 66, 150.00, 1680, 150.00, 0x0000000000000004
2026/10/02 08:34:10.400, 0, 87.55, 65, 0, 150.00, 1680, 150.00, 0x0000000000000004
2026/10/02 08:34:10.601, 0, 87.69, 64, 0, 150.00, 1185, 150.00, 0x0000000000000000
2026/10/02 08:34:10.801, 0, 75.06, 64, 64, 150.00, 1680, 150.00, 0x0000000000000004
2026/10/02 08:34:11.002, 0, 73.24, 64, 0, 150.00, 1680, 150.00, 0x0000000000000004
2026/10/02 08:34:11.202, 0, 69.80, 64, 0, 150.00, 1695, 150.00, 0x0000000000000000
2026/10/02 08:34:11.403, 0, 91.67, 66, 31, 150.00, 1020, 150.00, 0x0000000000000004
2026/10/02 08:34:11.603, 0, 96.99, 66, 18, 150.00, 795, 150.00, 0x0000000000000004
2026/10/02 08:34:11.804, 0, 109.95, 66, 63, 150.00, 780, 150.00, 0x0000000000000004
2026/10/02 08:34:12.004, 0, 126.52, 66, 73, 150.00, 1320, 150.00, 0x0000000000000004
2026/10/02 08:34:12.205, 0, 126.18, 65, 0, 150.00, 1680, 150.00, 0x0000000000000004
2026/10/02 08:34:12.405, 0, 111.98, 64, 0, 150.00, 1695, 150.00, 0x0000000000000004
2026/10/02 08:34:12.606, 0, 105.25, 64, 0, 150.00, 1695, 150.00, 0x0000000000000000
2026/10/02 08:34:12.806, 0, 100.11, 64, 0, 150.00, 1695, 150.00, 0x0000000000000000
2026/10/02 08:34:13.007, 0, 84.08, 65, 0, 150.00, 825, 150.00, 0x0000000000000004
2026/10/02 08:34:13.207, 0, 75.74, 64, 60, 150.00, 1680, 150.00, 0x0000000000000004
2026/10/02 08:34:13.408, 0, 83.19, 65, 0, 150.00, 645, 150.00, 0x0000000000000004
2026/10/02 08:34:13.608, 0, 92.36, 66, 56, 150.00, 795, 150.00, 0x0000000000000004
2026/10/02 08:34:13.809, 0, 99.14, 65, 100, 150.00, 1680, 150.00, 0x0000000000000004
2026/10/02 08:34:14.009, 0, 99.08, 64, 0, 150.00, 1680, 150.00, 0x0000000000000004
2026/10/02 08:34:14.210, 0, 103.64, 64, 53, 150.00, 1680, 150.00, 0x0000000000000004
2026/10/02 08:34:14.410, 0, 119.66, 66, 60, 150.00, 795, 150.00, 0x0000000000000004
2026/10/02 08:34:14.611, 0, 116.75, 65, 100, 150.00, 1035, 150.00, 0x0000000000000004
2026/10/02 08:34:14.812, 0, 116.36, 67, 76, 150.00, 795, 150.00, 0x0000000000000004
2026/10/02 08:34:15.012, 0, 132.17, 67, 100, 150.00, 1350, 150.00, 0x0000000000000004
2026/10/02 08:34:15.213, 0, 120.97, 65, 17, 150.00, 1680, 150.00, 0x0000000000000004
2026/10/02 08:34:15.413, 0, 125.37, 65, 33, 150.00, 1035, 150.00, 0x0000000000000004
2026/10/02 08:34:15.614, 0, 116.90, 65, 77, 150.00, 1620, 150.00, 0x0000000000000004
2026/10/02 08:34:15.814, 0, 111.02, 65, 0, 150.00, 1485, 150.00, 0x0000000000000004
2026/10/02 08:34:16.015, 0, 106.21, 65, 64, 150.00, 1575, 150.00, 0x0000000000000004
2026/10/02 08:34:16.215, 0, 99.06, 64, 0, 150.00, 1680, 150.00, 0x0000000000000004
2026/10/02 08:34:16.415, 0, 96.26, 65, 0, 150.00, 660, 150.00, 0x0000000000000004
2026/10/02 08:34:16.616, 0, 89.45, 64, 46, 150.00, 1680, 150.00, 0x0000000000000004
2026/10/02 08:34:16.816, 0, 89.62, 64, 0, 150.00, 1695, 150.00, 0x0000000000000004
2026/10/02 08:34:17.017, 0, 81.22, 64, 0, 150.00, 1695, 150.00, 0x0000000000000000
2026/10/02 08:34:17.217, 0, 88.83, 65, 0, 150.00, 1440, 150.00, 0x0000000000000004
2026/10/02 08:34:17.418, 0, 88.25, 64, 4, 150.00, 1680, 150.00, 0x0000000000000004
2026/10/02 08:34:17.618, 0, 78.65, 64, 0, 150.00, 1695, 150.00, 0x0000000000000004
2026/10/02 08:34:17.818, 0, 78.83, 64, 0, 150.00, 1695, 150.00, 0x0000000000000000
2026/10/02 08:34:18.019, 0, 91.61, 64, 25, 150.00, 1665, 150.00, 0x0000000000000004
2026/10/02 08:34:18.219, 0, 96.21, 65, 0, 150.00, 1530, 150.00, 0x0000000000000004
2026/10/02 08:34:18.420, 0, 86.99, 64, 0, 150.00, 1680, 150.00, 0x0000000000000004
2026/10/02 08:34:18.620, 0, 93.83, 65, 0, 150.00, 810, 150.00, 0x0000000000000004
2026/10/02 08:34:18.821, 0, 108.99, 66, 100, 150.00, 795, 150.00, 0x0000000000000004
2026/10/02 08:34:19.022, 0, 110.19, 66, 100, 150.00, 795, 150.00, 0x0000000000000004
2026/10/02 08:34:19.222, 0, 110.42, 66, 61, 150.00, 615, 150.00, 0x0000000000000004
2026/10/02 08:34:19.422, 0, 110.45, 66, 64, 150.00, 1530, 150.00, 0x0000000000000004
2026/10/02 08:34:19.623, 0, 110.16, 64, 0, 150.00, 1680, 150.00, 0x0000000000000004
2026/10/02 08:34:19.823, 0, 116.63, 66, 43, 150.00, 795, 150.00, 0x0000000000000004
2026/10/02 08:34:20.024, 0, 104.07, 65, 86, 150.00, 1680, 150.00, 0x0000000000000004
2026/10/02 08:34:20.224, 0, 118.97, 66, 35, 150.00, 1395, 150.00, 0x0000000000000004
2026/10/02 08:34:20.425, 0, 137.40, 66, 29, 150.00, 1110, 150.00, 0x0000000000000004
2026/10/02 08:34:20.626, 0, 144.97, 66, 33, 150.00, 1290, 150.00, 0x0000000000000004
2026/10/02 08:34:20.826, 0, 131.01, 65, 18, 150.00, 615, 150.00, 0x0000000000000004
2026/10/02 08:34:21.026, 0, 134.83, 66, 99, 150.00, 1170, 150.00, 0x0000000000000004
2026/10/02 08:34:21.227, 0, 131.84, 65, 73, 150.00, 1680, 150.00, 0x0000000000000004
2026/10/02 08:34:21.427, 0, 126.79, 65, 28, 150.00, 1665, 150.00, 0x0000000000000004
2026/10/02 08:34:21.628, 0, 120.64, 64, 0, 150.00, 1680, 150.00, 0x0000000000000004
2026/10/02 08:34:21.828, 0, 108.08, 64, 0, 150.00, 1695, 150.00, 0x0000000000000000
2026/10/02 08:34:22.029, 0, 101.34, 64, 0, 150.00, 1665, 150.00, 0x0000000000000000
2026/10/02 08:34:22.229, 0, 81.84, 64, 0, 150.00, 1665, 150.00, 0x0000000000000000
2026/10/02 08:34:22.430, 0, 77.85, 64, 0, 150.00, 645, 150.00, 0x0000000000000000
2026/10/02 08:34:22.630, 0, 75.86, 64, 55, 150.00, 1665, 150.00, 0x0000000000000004
2026/10/02 08:34:22.830, 0, 75.45, 63, 0, 150.00, 1665, 150.00, 0x0000000000000000
2026/10/02 08:34:23.031, 0, 74.97, 63, 0, 150.00, 1110, 150.00, 0x0000000000000000
2026/10/02 08:34:23.231, 0, 78.92, 64, 63, 150.00, 1665, 150.00, 0x0000000000000004
2026/10/02 08:34:23.432, 0, 78.89, 63, 0, 150.00, 1665, 150.00, 0x0000000000000000
2026/10/02 08:34:23.632, 0, 95.54, 65, 21, 150.00, 765, 150.00, 0x0000000000000004
2026/10/02 08:34:23.833, 0, 111.10, 66, 100, 150.00, 795, 150.00, 0x0000000000000004
2026/10/02 08:34:24.033, 0, 111.86, 64, 77, 150.00, 1680, 150.00, 0x0000000000000004
2026/10/02 08:34:24.233, 0, 108.07, 64, 0, 150.00, 1680, 150.00, 0x0000000000000004
2026/10/02 08:34:24.434, 0, 130.01, 65, 38, 150.00, 1470, 150.00, 0x0000000000000004
2026/10/02 08:34:24.634, 0, 117.43, 64, 5, 150.00, 1680, 150.00, 0x0000000000000004
2026/10/02 08:34:24.835, 0, 112.88, 65, 0, 150.00, 1050, 150.00, 0x0000000000000004
2026/10/02 08:34:25.035, 0, 103.72, 64, 33, 150.00, 1680, 150.00, 0x0000000000000004
2026/10/02 08:34:25.236, 0, 103.70, 63, 0, 150.00, 1695, 150.00, 0x0000000000000004
2026/10/02 08:34:25.436, 0, 89.86, 63, 0, 150.00, 1695, 150.00, 0x0000000000000000
2026/10/02 08:34:25.637, 0, 82.69, 63, 0, 150.00, 1695, 150.00, 0x0000000000000000
2026/10/02 08:34:25.837, 0, 82.69, 63, 0, 150.00, 1695, 150.00, 0x0000000000000000
2026/10/02 08:34:26.038, 0, 82.69, 63, 0, 150.00, 1695, 150.00, 0x0000000000000000
2026/10/02 08:34:26.238, 0, 82.69, 63, 0, 150.00, 1695, 150.00, 0x0000000000000000
2026/10/02 08:34:26.439, 0, 107.78, 64, 0, 150.00, 1545, 150.00, 0x0000000000000004
2026/10/02 08:34:26.639, 0, 119.72, 64, 45, 150.00, 1665, 150.00, 0x0000000000000004
2026/10/02 08:34:26.839, 0, 119.39, 63, 0, 150.00, 1665, 150.00, 0x0000000000000000
2026/10/02 08:34:27.040, 0, 114.88, 63, 0, 150.00, 1665, 150.00, 0x0000000000000000
2026/10/02 08:34:27.240, 0, 118.19, 63, 24, 150.00, 1665, 150.00, 0x0000000000000004
2026/10/02 08:34:27.441, 0, 111.04, 64, 0, 150.00, 765, 150.00, 0x0000000000000000
2026/10/02 08:34:27.641, 0, 105.38, 64, 100, 150.00, 1575, 150.00, 0x0000000000000004
2026/10/02 08:34:27.842, 0, 105.86, 63, 0, 150.00, 1665, 150.00, 0x0000000000000000
2026/10/02 08:34:28.042, 0, 109.16, 65, 7, 150.00, 675, 150.00, 0x0000000000000004
2026/10/02 08:34:28.243, 0, 94.69, 63, 63, 150.00, 1650, 150.00, 0x0000000000000000
2026/10/02 08:34:28.443, 0, 95.54, 63, 0, 150.00, 1650, 150.00, 0x0000000000000000
2026/10/02 08:34:28.644, 0, 80.11, 64, 55, 150.00, 1440, 150.00, 0x0000000000000004
2026/10/02 08:34:28.844, 0, 90.79, 64, 16, 150.00, 675, 150.00, 0x0000000000000000
2026/10/02 08:34:29.045, 0, 107.52, 65, 62, 150.00, 1065, 150.00, 0x0000000000000004
2026/10/02 08:34:29.245, 0, 107.44, 63, 0, 150.00, 1650, 150.00, 0x0000000000000000
2026/10/02 08:34:29.446, 0, 107.44, 63, 0, 150.00, 1650, 150.00, 0x0000000000000000
2026/10/02 08:34:29.646, 0, 120.81, 63, 28, 150.00, 1125, 150.00, 0x0000000000000004
2026/10/02 08:34:29.847, 0, 122.60, 65, 76, 150.00, 810, 150.00, 0x0000000000000004
2026/10/02 08:34:30.048, 0, 103.76, 64, 0, 150.00, 600, 150.00, 0x0000000000000004
2026/10/02 08:34:30.254, 0, 97.89, 64, 56, 150.00, 1080, 150.00, 0x0000000000000004
2026/10/02 08:34:30.455, 0, 113.58, 66, 100, 150.00, 780, 150.00, 0x0000000000000004
2026/10/02 08:34:30.655, 0, 98.89, 64, 0, 150.00, 1680, 150.00, 0x0000000000000004
2026/10/02 08:34:30.856, 0, 117.98, 65, 27, 150.00, 735, 150.00, 0x0000000000000004
2026/10/02 08:34:31.057, 0, 117.07, 65, 100, 150.00, 795, 150.00, 0x0000000000000004
2026/10/02 08:34:31.257, 0, 126.09, 66, 100, 150.00, 1470, 150.00, 0x0000000000000004
2026/10/02 08:34:31.458, 0, 132.99, 65, 25, 150.00, 930, 150.00, 0x0000000000000004
2026/10/02 08:34:31.658, 0, 124.98, 64, 0, 150.00, 900, 150.00, 0x0000000000000004
2026/10/02 08:34:31.859, 0, 116.87, 64, 0, 150.00, 1680, 150.00, 0x0000000000000004
2026/10/02 08:34:32.059, 0, 105.07, 63, 0, 150.00, 1680, 150.00, 0x0000000000000004
2026/10/02 08:34:32.260, 0, 103.15, 65, 45, 150.00, 765, 150.00, 0x0000000000000004
2026/10/02 08:34:32.460, 0, 104.64, 64, 81, 150.00, 1590, 150.00, 0x0000000000000004
2026/10/02 08:34:32.661, 0, 91.82, 64, 0, 150.00, 660, 150.00, 0x0000000000000000
2026/10/02 08:34:32.861, 0, 89.73, 64, 0, 150.00, 615, 150.00, 0x0000000000000004
2026/10/02 08:34:33.062, 0, 88.92, 64, 0, 150.00, 1665, 150.00, 0x0000000000000004
2026/10/02 08:34:33.262, 0, 88.60, 63, 0, 150.00, 1665, 150.00, 0x0000000000000000
2026/10/02 08:34:33.463, 0, 77.49, 65, 61, 150.00, 795, 150.00, 0x0000000000000004
2026/10/02 08:34:33.663, 0, 78.11, 64, 0, 150.00, 1050, 150.00, 0x0000000000000004
2026/10/02 08:34:33.864, 0, 90.62, 64, 67, 150.00, 1500, 150.00, 0x0000000000000004
2026/10/02 08:34:34.064, 0, 91.22, 63, 0, 150.00, 1665, 150.00, 0x0000000000000000
2026/10/02 08:34:34.265, 0, 91.61, 64, 65, 150.00, 780, 150.00, 0x0000000000000004
2026/10/02 08:34:34.465, 0, 106.18, 66, 100, 150.00, 795, 150.00, 0x0000000000000004
2026/10/02 08:34:34.666, 0, 111.05, 66, 89, 150.00, 1395, 150.00, 0x0000000000000004
2026/10/02 08:34:34.866, 0, 115.41, 64, 12, 150.00, 1665, 150.00, 0x0000000000000004
2026/10/02 08:34:35.067, 0, 108.13, 63, 0, 150.00, 1665, 150.00, 0x0000000000000000
2026/10/02 08:34:35.267, 0, 121.62, 65, 21, 150.00, 810, 150.00, 0x0000000000000000
2026/10/02 08:34:35.468, 0, 113.33, 63, 0, 150.00, 1665, 150.00, 0x0000000000000000
2026/10/02 08:34:35.668, 0, 97.49, 64, 63, 150.00, 1620, 150.00, 0x0000000000000004
2026/10/02 08:34:35.869, 0, 89.66, 65, 56, 150.00, 810, 150.00, 0x0000000000000004
2026/10/02 08:34:36.069, 0, 97.90, 64, 71, 150.00, 1620, 150.00, 0x0000000000000004
2026/10/02 08:34:36.270, 0, 97.90, 64, 0, 150.00, 1680, 150.00, 0x0000000000000000
2026/10/02 08:34:36.470, 0, 98.14, 65, 45, 150.00, 1335, 150.00, 0x0000000000000004
2026/10/02 08:34:36.670, 0, 97.66, 63, 0, 150.00, 1680, 150.00, 0x0000000000000004
2026/10/02 08:34:36.871, 0, 111.39, 65, 35, 150.00, 690, 150.00, 0x0000000000000004
2026/10/02 08:34:37.072, 0, 99.68, 64, 43, 150.00, 1035, 150.00, 0x0000000000000004
2026/10/02 08:34:37.272, 0, 114.58, 65, 44, 150.00, 1305, 150.00, 0x0000000000000004
2026/10/02 08:34:37.472, 0, 114.00, 64, 0, 150.00, 1680, 150.00, 0x0000000000000004
2026/10/02 08:34:37.673, 0, 116.05, 65, 40, 150.00, 1260, 150.00, 0x0000000000000004
2026/10/02 08:34:37.873, 0, 101.32, 63, 0, 150.00, 1680, 150.00, 0x0000000000000004
2026/10/02 08:34:38.074, 0, 103.99, 65, 61, 150.00, 795, 150.00, 0x0000000000000004
2026/10/02 08:34:38.274, 0, 118.60, 65, 100, 150.00, 810, 150.00, 0x0000000000000004
2026/10/02 08:34:38.475, 0, 105.58, 64, 0, 150.00, 1680, 150.00, 0x0000000000000004
2026/10/02 08:34:38.675, 0, 105.57, 63, 0, 150.00, 1695, 150.00, 0x0000000000000004
2026/10/02 08:34:38.876, 0, 92.55, 63, 0, 150.00, 1695, 150.00, 0x0000000000000000
2026/10/02 08:34:39.076, 0, 92.61, 63, 0, 150.00, 1695, 150.00, 0x0000000000000000
2026/10/02 08:34:39.277, 0, 76.05, 63, 0, 150.00, 1695, 150.00, 0x0000000000000000
2026/10/02 08:34:39.477, 0, 76.05, 63, 0, 150.00, 1695, 150.00, 0x0000000000000000
2026/10/02 08:34:39.678, 0, 76.05, 63, 0, 150.00, 1695, 150.00, 0x0000000000000000
2026/10/02 08:34:39.878, 0, 76.05, 63, 0, 150.00, 1695, 150.00, 0x0000000000000000
2026/10/02 08:34:40.079, 0, 76.05, 63, 0, 150.00, 1695, 150.00, 0x0000000000000000
2026/10/02 08:34:40.279, 0, 68.62, 62, 0, 150.00, 1695, 150.00, 0x0000000000000000
2026/10/02 08:34:40.479, 0, 68.62, 62, 0, 150.00, 1695, 150.00, 0x0000000000000000
2026/10/02 08:34:40.680, 0, 68.62, 62, 0, 150.00, 1695, 150.00, 0x0000000000000000
2026/10/02 08:34:40.880, 0, 68.62, 62, 0, 150.00, 1695, 150.00, 0x0000000000000000
2026/10/02 08:34:41.081, 0, 68.62, 62, 0, 150.00, 1695, 150.00, 0x0000000000000000
2026/10/02 08:34:41.281, 0, 67.70, 62, 0, 150.00, 1665, 150.00, 0x0000000000000000
2026/10/02 08:34:41.482, 0, 67.70, 62, 0, 150.00, 1665, 150.00, 0x0000000000000000
2026/10/02 08:34:41.682, 0, 67.70, 62, 0, 150.00, 1665, 150.00, 0x0000000000000000
2026/10/02 08:34:41.883, 0, 67.70, 62, 0, 150.00, 1665, 150.00, 0x0000000000000000
2026/10/02 08:34:42.083, 0, 67.70, 62, 0, 150.00, 1665, 150.00, 0x0000000000000000
2026/10/02 08:34:42.283, 0, 66.62, 62, 0, 150.00, 1665, 150.00, 0x0000000000000000
2026/10/02 08:34:42.484, 0, 66.62, 62, 0, 150.00, 1665, 150.00, 0x0000000000000000
2026/10/02 08:34:42.684, 0, 66.62, 62, 0, 150.00, 1665, 150.00, 0x0000000000000000
2026/10/02 08:34:42.885, 0, 66.62, 62, 0, 150.00, 1665, 150.00, 0x0000000000000000
2026/10/02 08:34:43.085, 0, 66.62, 62, 0, 150.00, 1665, 150.00, 0x0000000000000000
2026/10/02 08:34:43.286, 0, 65.89, 61, 0, 150.00, 1650, 150.00, 0x0000000000000000
2026/10/02 08:34:43.486, 0, 65.89, 61, 0, 150.00, 1650, 150.00, 0x0000000000000000
2026/10/02 08:34:43.687, 0, 65.89, 61, 0, 150.00, 1650, 150.00, 0x0000000000000000
2026/10/02 08:34:43.887, 0, 65.89, 61, 0, 150.00, 1650, 150.00, 0x0000000000000000
2026/10/02 08:34:44.087, 0, 65.89, 61, 0, 150.00, 1650, 150.00, 0x0000000000000000
2026/10/02 08:34:44.288, 0, 65.25, 61, 0, 150.00, 1650, 150.00, 0x0000000000000000
2026/10/02 08:34:44.488, 0, 65.25, 61, 0, 150.00, 1650, 150.00, 0x0000000000000000
2026/10/02 08:34:44.689, 0, 65.25, 61, 0, 150.00, 1650, 150.00, 0x0000000000000000
2026/10/02 08:34:44.889, 0, 65.25, 61, 0, 150.00, 1650, 150.00, 0x0000000000000000
2026/10/02 08:34:45.090, 0, 65.25, 61, 0, 150.00, 1650, 150.00, 0x0000000000000000
2026/10/02 08:34:45.290, 0, 65.23, 61, 0, 150.00, 1650, 150.00, 0x0000000000000000
2026/10/02 08:34:45.491, 0, 65.23, 61, 0, 150.00, 1650, 150.00, 0x0000000000000000
2026/10/02 08:34:45.691, 0, 65.23, 61, 0, 150.00, 1650, 150.00, 0x0000000000000000
2026/10/02 08:34:45.891, 0, 65.23, 61, 0, 150.00, 1650, 150.00, 0x0000000000000000
2026/10/02 08:34:46.092, 0, 65.23, 61, 0, 150.00, 1650, 150.00, 0x0000000000000000
2026/10/02 08:34:46.292, 0, 65.33, 61, 0, 150.00, 1650, 150.00, 0x0000000000000000
2026/10/02 08:34:46.493, 0, 65.33, 61, 0, 150.00, 1650, 150.00, 0x0000000000000000
2026/10/02 08:34:46.693, 0, 65.33, 61, 0, 150.00, 1650, 150.00, 0x0000000000000000
2026/10/02 08:34:46.893, 0, 65.33, 61, 0, 150.00, 1650, 150.00, 0x0000000000000000
2026/10/02 08:34:47.094, 0, 65.33, 61, 0, 150.00, 1650, 150.00, 0x0000000000000000
2026/10/02 08:34:47.294, 0, 64.78, 61, 0, 150.00, 1635, 150.00, 0x0000000000000000
2026/10/02 08:34:47.495, 0, 64.78, 61, 0, 150.00, 1635, 150.00, 0x0000000000000000
2026/10/02 08:34:47.695, 0, 64.78, 61, 0, 150.00, 1635, 150.00, 0x0000000000000000
2026/10/02 08:34:47.896, 0, 64.78, 61, 0, 150.00, 1635, 150.00, 0x0000000000000000
2026/10/02 08:34:48.096, 0, 64.78, 61, 0, 150.00, 1635, 150.00, 0x0000000000000000
2026/10/02 08:34:48.297, 0, 64.16, 60, 0, 150.00, 1635, 150.00, 0x0000000000000000
2026/10/02 08:34:48.497, 0, 64.16, 60, 0, 150.00, 1635, 150.00, 0x0000000000000000
2026/10/02 08:34:48.697, 0, 64.16, 60, 0, 150.00, 1635, 150.00, 0x0000000000000000
2026/10/02 08:34:48.898, 0, 64.16, 60, 0, 150.00, 1635, 150.00, 0x0000000000000000
2026/10/02 08:34:49.098, 0, 64.16, 60, 0, 150.00, 1635, 150.00, 0x0000000000000000
2026/10/02 08:34:49.299, 0, 64.02, 60, 0, 150.00, 1635, 150.00, 0x0000000000000000
2026/10/02 08:34:49.499, 0, 64.02, 60, 0, 150.00, 1635, 150.00, 0x0000000000000000
2026/10/02 08:34:49.700, 0, 64.02, 60, 0, 150.00, 1635, 150.00, 0x0000000000000000
2026/10/02 08:34:49.900, 0, 64.02, 60, 0, 150.00, 1635, 150.00, 0x0000000000000000
2026/10/02 08:34:50.100, 0, 64.02, 60, 0, 150.00, 1635, 150.00, 0x0000000000000000
2026/10/02 08:34:50.301, 0, 63.93, 60, 0, 150.00, 1635, 150.00, 0x0000000000000000
2026/10/02 08:34:50.501, 0, 63.93, 60, 0, 150.00, 1635, 150.00, 0x0000000000000000
2026/10/02 08:34:50.702, 0, 63.93, 60, 0, 150.00, 1635, 150.00, 0x0000000000000000
2026/10/02 08:34:50.902, 0, 63.93, 60, 0, 150.00, 1635, 150.00, 0x0000000000000000
2026/10/02 08:34:51.103, 0, 63.93, 60, 0, 150.00, 1635, 150.00, 0x0000000000000000
2026/10/02 08:34:51.303, 0, 63.89, 60, 0, 150.00, 1635, 150.00, 0x0000000000000000
2026/10/02 08:34:51.504, 0, 63.89, 60, 0, 150.00, 1635, 150.00, 0x0000000000000000
2026/10/02 08:34:51.704, 0, 63.89, 60, 0, 150.00, 1635, 150.00, 0x0000000000000000
2026/10/02 08:34:51.904, 0, 63.89, 60, 0, 150.00, 1635, 150.00, 0x0000000000000000
2026/10/02 08:34:52.105, 0, 63.89, 60, 0, 150.00, 1635, 150.00, 0x0000000000000000
2026/10/02 08:34:52.305, 0, 63.65, 60, 0, 150.00, 1635, 150.00, 0x0000000000000000
2026/10/02 08:34:52.506, 0, 63.65, 60, 0, 150.00, 1635, 150.00, 0x0000000000000000
2026/10/02 08:34:52.706, 0, 63.65, 60, 0, 150.00, 1635, 150.00, 0x0000000000000000
2026/10/02 08:34:52.906, 0, 63.65, 60, 0, 150.00, 1635, 150.00, 0x0000000000000000
2026/10/02 08:34:53.107, 0, 63.65, 60, 0, 150.00, 1635, 150.00, 0x0000000000000000
2026/10/02 08:34:53.307, 0, 62.76, 59, 0, 150.00, 1605, 150.00, 0x0000000000000000
2026/10/02 08:34:53.508, 0, 62.76, 59, 0, 150.00, 1605, 150.00, 0x0000000000000000
2026/10/02 08:34:53.708, 0, 62.76, 59, 0, 150.00, 1605, 150.00, 0x0000000000000000
2026/10/02 08:34:53.909, 0, 62.76, 59, 0, 150.00, 1605, 150.00, 0x0000000000000000
2026/10/02 08:34:54.109, 0, 62.76, 59, 0, 150.00, 1605, 150.00, 0x0000000000000000
2026/10/02 08:34:54.310, 0, 62.07, 59, 0, 150.00, 1605, 150.00, 0x0000000000000000
2026/10/02 08:34:54.510, 0, 62.07, 59, 0, 150.00, 1605, 150.00, 0x0000000000000000
2026/10/02 08:34:54.710, 0, 62.07, 59, 0, 150.00, 1605, 150.00, 0x0000000000000000
2026/10/02 08:34:54.911, 0, 62.07, 59, 0, 150.00, 1605, 150.00, 0x0000000000000000
2026/10/02 08:34:55.111, 0, 62.07, 59, 0, 150.00, 1605, 150.00, 0x0000000000000000
2026/10/02 08:34:55.312, 0, 61.92, 59, 0, 150.00, 1605, 150.00, 0x0000000000000000
2026/10/02 08:34:55.512, 0, 61.92, 59, 0, 150.00, 1605, 150.00, 0x0000000000000000
2026/10/02 08:34:55.713, 0, 61.92, 59, 0, 150.00, 1605, 150.00, 0x0000000000000000
2026/10/02 08:34:55.913, 0, 61.92, 59, 0, 150.00, 1605, 150.00, 0x0000000000000000
2026/10/02 08:34:56.113, 0, 61.92, 59, 0, 150.00, 1605, 150.00, 0x0000000000000000
2026/10/02 08:34:56.314, 0, 61.92, 59, 0, 150.00, 1605, 150.00, 0x0000000000000000
2026/10/02 08:34:56.514, 0, 61.92, 59, 0, 150.00, 1605, 150.00, 0x0000000000000000
2026/10/02 08:34:56.715, 0, 61.92, 59, 0, 150.00, 1605, 150.00, 0x0000000000000000
2026/10/02 08:34:56.916, 0, 61.92, 59, 0, 150.00, 1605, 150.00, 0x0000000000000000
2026/10/02 08:34:57.116, 0, 61.92, 59, 0, 150.00, 1605, 150.00, 0x0000000000000000
2026/10/02 08:34:57.316, 0, 61.78, 59, 0, 150.00, 1605, 150.00, 0x0000000000000000
2026/10/02 08:34:57.517, 0, 61.78, 59, 0, 150.00, 1605, 150.00, 0x0000000000000000
2026/10/02 08:34:57.717, 0, 61.78, 59, 0, 150.00, 1605, 150.00, 0x0000000000000000
2026/10/02 08:34:57.918, 0, 61.78, 59, 0, 150.00, 1605, 150.00, 0x0000000000000000
2026/10/02 08:34:58.118, 0, 61.78, 59, 0, 150.00, 1605, 150.00, 0x0000000000000000
2026/10/02 08:34:58.319, 0, 61.69, 58, 0, 150.00, 1605, 150.00, 0x0000000000000000
2026/10/02 08:34:58.519, 0, 61.69, 58, 0, 150.00, 1605, 150.00, 0x0000000000000000
2026/10/02 08:34:58.719, 0, 61.69, 58, 0, 150.00, 1605, 150.00, 0x0000000000000000
2026/10/02 08:34:58.920, 0, 61.69, 58, 0, 147.00, 1605, 147.00, 0x0000000000000000
2026/10/02 08:34:59.120, 0, 61.69, 58, 0, 147.00, 1605, 147.00, 0x0000000000000000
2026/10/02 08:34:59.321, 0, 60.80, 58, 0, 147.00, 1590, 147.00, 0x0000000000000000
2026/10/02 08:34:59.521, 0, 60.80, 58, 0, 147.00, 1590, 147.00, 0x0000000000000000
2026/10/02 08:34:59.722, 0, 60.80, 58, 0, 147.00, 1590, 147.00, 0x0000000000000000
2026/10/02 08:34:59.922, 0, 60.80, 58, 0, 147.00, 1590, 147.00, 0x0000000000000000
2026/10/02 08:35:00.122, 0, 60.80, 58, 0, 147.00, 1590, 147.00, 0x0000000000000000
2026/10/02 08:35:00.323, 0, 60.51, 58, 0, 147.00, 1590, 147.00, 0x0000000000000000
2026/10/02 08:35:00.523, 0, 60.51, 58, 0, 147.00, 1590, 147.00, 0x0000000000000000
2026/10/02 08:35:00.724, 0, 60.51, 58, 0, 147.00, 1590, 147.00, 0x0000000000000000
2026/10/02 08:35:00.924, 0, 60.51, 58, 0, 147.00, 1590, 147.00, 0x0000000000000000
2026/10/02 08:35:01.124, 0, 60.51, 58, 0, 147.00, 1590, 147.00, 0x0000000000000000
2026/10/02 08:35:01.325, 0, 60.58, 58, 0, 147.00, 1590, 147.00, 0x0000000000000000
2026/10/02 08:35:01.525, 0, 60.58, 58, 0, 147.00, 1590, 147.00, 0x0000000000000000
2026/10/02 08:35:01.726, 0, 60.58, 58, 0, 147.00, 1590, 147.00, 0x0000000000000000
2026/10/02 08:35:01.926, 0, 60.58, 58, 0, 147.00, 1590, 147.00, 0x0000000000000000
2026/10/02 08:35:02.127, 0, 60.58, 58, 0, 147.00, 1590, 147.00, 0x0000000000000000
2026/10/02 08:35:02.327, 0, 60.67, 58, 0, 147.00, 1590, 147.00, 0x0000000000000000
2026/10/02 08:35:02.527, 0, 60.67, 58, 0, 147.00, 1590, 147.00, 0x0000000000000000
2026/10/02 08:35:02.728, 0, 60.67, 58, 0, 147.00, 1590, 147.00, 0x0000000000000000
2026/10/02 08:35:02.928, 0, 60.67, 58, 0, 147.00, 1590, 147.00, 0x0000000000000000
2026/10/02 08:35:03.129, 0, 60.67, 58, 0, 144.00, 1590, 144.00, 0x0000000000000000
2026/10/02 08:35:03.329, 0, 60.42, 58, 0, 144.00, 1590, 144.00, 0x0000000000000000
2026/10/02 08:35:03.529, 0, 60.42, 58, 0, 144.00, 1590, 144.00, 0x0000000000000000
2026/10/02 08:35:03.730, 0, 60.42, 58, 0, 144.00, 1590, 144.00, 0x0000000000000000
2026/10/02 08:35:03.930, 0, 60.42, 58, 0, 144.00, 1590, 144.00, 0x0000000000000000
2026/10/02 08:35:04.131, 0, 60.42, 58, 0, 144.00, 1590, 144.00, 0x0000000000000000
2026/10/02 08:35:04.331, 0, 60.23, 57, 0, 144.00, 1590, 144.00, 0x0000000000000000
2026/10/02 08:35:04.532, 0, 60.23, 57, 0, 144.00, 1590, 144.00, 0x0000000000000000
2026/10/02 08:35:04.732, 0, 60.23, 57, 0, 144.00, 1590, 144.00, 0x0000000000000000
2026/10/02 08:35:04.932, 0, 60.23, 57, 0, 144.00, 1590, 144.00, 0x0000000000000000
2026/10/02 08:35:05.133, 0, 60.23, 57, 0, 144.00, 1590, 144.00, 0x0000000000000000
2026/10/02 08:35:05.333, 0, 59.72, 57, 0, 144.00, 1560, 144.00, 0x0000000000000000
2026/10/02 08:35:05.534, 0, 59.72, 57, 0, 144.00, 1560, 144.00, 0x0000000000000000
2026/10/02 08:35:05.734, 0, 59.72, 57, 0, 144.00, 1560, 144.00, 0x0000000000000000
2026/10/02 08:35:05.935, 0, 59.72, 57, 0, 144.00, 1560, 144.00, 0x0000000000000000
2026/10/02 08:35:06.135, 0, 59.72, 57, 0, 144.00, 1560, 144.00, 0x0000000000000000
2026/10/02 08:35:06.335, 0, 59.17, 57, 0, 144.00, 1560, 144.00, 0x0000000000000000
2026/10/02 08:35:06.536, 0, 59.17, 57, 0, 144.00, 1560, 144.00, 0x0000000000000000
2026/10/02 08:35:06.736, 0, 59.17, 57, 0, 144.00, 1560, 144.00, 0x0000000000000000
2026/10/02 08:35:06.937, 0, 59.17, 57, 0, 144.00, 1560, 144.00, 0x0000000000000000
2026/10/02 08:35:07.137, 0, 59.17, 57, 0, 144.00, 1560, 144.00, 0x0000000000000000
2026/10/02 08:35:07.337, 0, 59.17, 57, 0, 144.00, 1560, 144.00, 0x0000000000000000
2026/10/02 08:35:07.538, 0, 59.17, 57, 0, 144.00, 1560, 144.00, 0x0000000000000000
2026/10/02 08:35:07.738, 0, 59.17, 57, 0, 144.00, 1560, 144.00, 0x0000000000000000
2026/10/02 08:35:07.939, 0, 59.17, 57, 0, 144.00, 1560, 144.00, 0x0000000000000000
2026/10/02 08:35:08.140, 0, 59.17, 57, 0, 144.00, 1560, 144.00, 0x0000000000000000
2026/10/02 08:35:08.340, 0, 59.17, 57, 0, 144.00, 1560, 144.00, 0x0000000000000000
2026/10/02 08:35:08.541, 0, 59.41, 57, 0, 144.00, 1560, 144.00, 0x0000000000000000
2026/10/02 08:35:08.741, 0, 59.48, 57, 0, 150.00, 1560, 144.00, 0x0000000000000000
