timestamp,elapsed_seconds,nodes_ready,nodes_total,alloc_cpu_m,req_cpu_m,used_cpu_m,pods_pending,hpa_count,hpa_current_replicas,hpa_desired_replicas,power_w
2026-09-28T01:40:14Z,0,6,6,24000,2650,454,0,1,5,5,613.5
2026-09-28T01:40:30Z,15,6,6,24000,2650,525,0,1,5,5,615.0
2026-09-28T01:40:45Z,31,6,6,24000,2650,616,0,1,5,5,618.0
2026-09-28T01:41:01Z,46,6,6,24000,2650,450,0,1,5,5,613.5
2026-09-28T01:41:17Z,62,6,6,24000,2650,523,0,1,5,5,616.5
2026-09-28T01:41:32Z,78,6,6,24000,2650,473,0,1,5,5,613.5
2026-09-28T01:41:48Z,93,6,6,24000,2650,592,0,1,5,5,618.0
2026-09-28T01:42:04Z,109,6,6,24000,2650,660,1,1,5,6,622.5
2026-09-28T01:42:19Z,125,6,6,24000,2850,738,0,1,6,6,622.5
2026-09-28T01:42:35Z,140,6,6,24000,2850,861,0,1,6,6,627.0
2026-09-28T01:42:50Z,156,6,6,24000,2850,543,0,1,6,6,618.0
2026-09-28T01:43:06Z,171,6,6,24000,2850,567,0,1,6,6,618.0
2026-09-28T01:43:22Z,187,6,6,24000,3250,867,0,1,6,8,630.0
2026-09-28T01:43:37Z,203,6,6,24000,3250,862,0,1,8,8,628.5
2026-09-28T01:43:53Z,218,6,6,24000,3250,1016,0,1,8,8,636.0
2026-09-28T01:44:08Z,234,6,6,24000,3650,996,0,1,8,10,631.5
2026-09-28T01:44:24Z,249,6,6,24000,3650,898,0,1,10,10,630.0
2026-09-28T01:44:40Z,265,6,6,24000,3650,939,0,1,10,10,631.5
2026-09-28T01:44:55Z,281,6,6,24000,3650,1026,0,1,10,10,633.0
2026-09-28T01:45:11Z,296,6,6,24000,3650,929,0,1,10,10,630.0
2026-09-28T01:45:27Z,312,6,6,24000,3650,1053,0,1,10,10,636.0
2026-09-28T01:45:42Z,328,6,6,24000,3650,1289,0,1,10,10,643.5
2026-09-28T01:45:58Z,343,6,6,24000,3650,1311,0,1,10,10,645.0
2026-09-28T01:46:14Z,359,6,6,24000,3650,1290,0,1,10,10,645.0
2026-09-28T01:46:29Z,375,6,6,24000,3650,1432,0,1,10,10,649.5
2026-09-28T01:46:45Z,390,6,6,24000,3650,1273,0,1,10,10,642.0
2026-09-28T01:47:01Z,406,6,6,24000,3650,1207,0,1,10,10,642.0
2026-09-28T01:47:16Z,422,6,6,24000,3650,1299,0,1,10,10,643.5
2026-09-28T01:47:32Z,437,6,6,24000,3650,1192,0,1,10,10,640.5
2026-09-28T01:47:48Z,453,6,6,24000,3650,1291,0,1,10,10,645.0
2026-09-28T01:48:03Z,469,6,6,24000,3650,1304,0,1,10,10,645.0
2026-09-28T01:48:19Z,484,6,6,24000,3650,1244,0,1,10,10,642.0
2026-09-28T01:48:35Z,500,6,6,24000,3650,1165,0,1,10,10,639.0
2026-09-28T01:48:50Z,516,6,6,24000,3650,554,0,1,10,10,615.0
2026-09-28T01:49:06Z,531,6,6,24000,3650,540,0,1,10,10,616.5
2026-09-28T01:49:21Z,547,6,6,24000,3650,611,0,1,10,10,618.0
2026-09-28T01:49:37Z,562,6,6,24000,3650,614,0,1,10,10,618.0
2026-09-28T01:49:53Z,578,6,6,24000,3650,591,0,1,10,10,618.0
2026-09-28T01:50:08Z,594,6,6,24000,3650,577,0,1,10,10,618.0
2026-09-28T01:50:24Z,609,6,6,24000,3650,798,0,1,10,10,624.0
2026-09-28T01:50:39Z,625,6,6,24000,3650,932,0,1,10,10,631.5
2026-09-28T01:50:55Z,640,6,6,24000,3650,1023,0,1,10,10,634.5
2026-09-28T01:51:11Z,656,6,6,24000,3650,991,0,1,10,10,633.0
2026-09-28T01:51:26Z,672,6,6,24000,3650,861,0,1,10,10,627.0
2026-09-28T01:51:42Z,687,6,6,24000,3650,871,0,1,10,10,630.0
2026-09-28T01:51:58Z,703,6,6,24000,3650,941,0,1,10,10,630.0
2026-09-28T01:52:13Z,719,6,6,24000,3650,884,0,1,10,10,628.5
2026-09-28T01:52:29Z,734,6,6,24000,3650,932,0,1,10,10,631.5
2026-09-28T01:52:45Z,750,6,6,24000,3650,924,0,1,10,10,631.5
2026-09-28T01:53:00Z,766,6,6,24000,3650,1057,0,1,10,10,634.5
2026-09-28T01:53:16Z,781,6,6,24000,3650,808,0,1,10,10,625.5
2026-09-28T01:53:32Z,797,6,6,24000,3650,1114,0,1,10,10,637.5
2026-09-28T01:53:47Z,813,6,6,24000,3650,629,0,1,10,10,619.5
2026-09-28T01:54:03Z,828,6,6,24000,3650,595,0,1,10,10,618.0
2026-09-28T01:54:18Z,844,6,6,24000,3650,584,0,1,10,10,618.0
2026-09-28T01:54:34Z,859,6,6,24000,3650,551,0,1,10,10,616.5
2026-09-28T01:54:50Z,875,6,6,24000,3650,622,0,1,10,10,618.0
2026-09-28T01:55:05Z,891,6,6,24000,3650,445,0,1,10,10,613.5
