vessel,seed,arm,energy_kwh,work_completed,time_healthy,violation_backlog,violation_power,violation_heat,machines_started,machines_stopped,node_reversals,shield_interventions,park_moves,trace_hash
planetlab,800000,k8s_hpa60_ca,7.1486566611842255,0.9999999999999998,1.0,0.0,0.0,0.0,1,10,2,0,0,0e89554e1010fc34
planetlab,800000,k8s_hpa70_ca,7.133656661184217,0.9999999999999998,1.0,0.0,0.0,0.0,1,10,2,0,0,9e9d8510f791ff3d
planetlab,800000,k8s_hpa80_ca,7.074656661184205,0.9999999999999998,1.0,0.0,0.0,0.0,0,9,0,0,0,7f9b22b5b172dad3
planetlab,800000,k8s_hpa70_karpenter,5.376656661184216,0.9999999999999998,1.0,0.0,0.0,0.0,1,10,2,0,0,0509fd4ddbbd8ca0
planetlab,800000,omni_observe,7.133656661184217,0.9999999999999998,1.0,0.0,0.0,0.0,1,10,2,0,0,9e9d8510f791ff3d
planetlab,800000,omni_target,7.074656661184224,0.9999999999999998,0.9958333333333333,0.0020833333333333333,0.0,0.0,0,9,0,0,0,543615fa96b7e762
planetlab,800000,omni_fleet,4.153413408562914,1.0000000000000016,1.0,0.0,0.0,0.0,0,9,0,0,0,3ebfcd9db4d5a509
planetlab,800000,omni_fleet_balanced,4.364553408562905,1.0000000000000016,1.0,0.0,0.0,0.0,0,9,0,0,0,eaa09d163d35e92e
planetlab,800000,omni_fleet_wear,4.923294985659929,1.0000000000000016,1.0,0.0,0.0,0.0,0,9,0,0,0,7507db61933f58d7
planetlab,800000,omni_fleet_park,7.35118153674959,1.000000000000001,1.0,0.0,0.0,0.0,0,0,0,0,9,e189ef61732c3e4c
planetlab,800000,omni_fleet_no_dynamics,4.248718024773869,0.9994848873143847,1.0,0.0,0.0,0.0,1,10,2,0,0,a08ebdf85c247f0c
planetlab,800000,omni_fleet_no_gate,4.153413408562914,1.0000000000000016,1.0,0.0,0.0,0.0,0,9,0,0,0,3ebfcd9db4d5a509
planetlab,800001,k8s_hpa60_ca,9.44067722039474,1.0000000000000007,1.0,0.0,0.0,0.0,5,13,5,0,0,2509f14758647215
planetlab,800001,k8s_hpa70_ca,9.066677220394686,1.0000000000000007,1.0,0.0,0.0,0.0,3,11,3,0,0,7afa269bdddb0dde
planetlab,800001,k8s_hpa80_ca,8.869677220394722,1.0000000000000007,1.0,0.0,0.0,0.0,2,11,2,0,0,a1087ec5d72053bc
planetlab,800001,k8s_hpa70_karpenter,6.643677220394693,1.0000000000000007,1.0,0.0,0.0,0.0,8,17,12,0,0,8ac82d9875c80eac
planetlab,800001,omni_observe,9.066677220394686,1.0000000000000007,1.0,0.0,0.0,0.0,3,11,3,0,0,7afa269bdddb0dde
planetlab,800001,omni_target,8.616677220394717,0.9999999999999977,0.9826388888888888,0.009027777777777777,0.0,0.0,3,12,6,0,0,6b884fe32f9b6ca9
planetlab,800001,omni_fleet,5.782422705565001,0.9999999999999826,1.0,0.0,0.0,0.0,7,15,11,3,0,c81035ec6887f010
planetlab,800001,omni_fleet_balanced,5.982982705564995,0.9999999999999826,1.0,0.0,0.0,0.0,7,15,11,4,0,0e952d2a6160fe87
planetlab,800001,omni_fleet_wear,6.553895097571548,0.9999999999999823,1.0,0.0,0.0,0.0,4,12,5,1,0,5d8a729bf870778a
planetlab,800001,omni_fleet_park,8.772038613743812,0.9999999999999826,1.0,0.0,0.0,0.0,0,0,0,6,28,0508fb82ed788da1
planetlab,800001,omni_fleet_no_dynamics,5.809488613297779,0.9999999999999816,1.0,0.0,0.0,0.0,9,17,13,4,0,1c1acb014142e84c
planetlab,800001,omni_fleet_no_gate,5.782422705565001,0.9999999999999826,1.0,0.0,0.0,0.0,7,15,11,3,0,c81035ec6887f010
planetlab,800002,k8s_hpa60_ca,7.073991776315804,1.0000000000000016,1.0,0.0,0.0,0.0,0,9,0,0,0,faca005065f84943
planetlab,800002,k8s_hpa70_ca,7.0739917763158005,1.0000000000000022,1.0,0.0,0.0,0.0,0,9,0,0,0,2c0b7f7cb88d0724
planetlab,800002,k8s_hpa80_ca,7.073991776315798,1.0000000000000024,1.0,0.0,0.0,0.0,0,9,0,0,0,7875c4c75e69ea42
planetlab,800002,k8s_hpa70_karpenter,5.354991776315794,1.0000000000000022,1.0,0.0,0.0,0.0,0,9,0,0,0,e718b024b77df3a7
planetlab,800002,omni_observe,7.0739917763158005,1.0000000000000022,1.0,0.0,0.0,0.0,0,9,0,0,0,2c0b7f7cb88d0724
planetlab,800002,omni_target,7.07399177631579,1.000000000000003,0.9972222222222222,0.0,0.0,0.0,0,9,0,0,0,bf4e5a6a39cceb46
planetlab,800002,omni_fleet,4.151990324424358,0.9999999999999818,1.0,0.0,0.0,0.0,0,9,0,0,0,f541b45b3b2ac2c6
planetlab,800002,omni_fleet_balanced,4.390579789884884,0.9999999999999818,1.0,0.0,0.0,0.0,0,9,0,0,0,5458e2ea5711492a
planetlab,800002,omni_fleet_wear,4.914419789884863,0.9999999999999818,1.0,0.0,0.0,0.0,0,9,0,0,0,b670f07f1330e1ad
planetlab,800002,omni_fleet_park,7.350699283614283,0.9999999999999818,1.0,0.0,0.0,0.0,0,0,0,0,9,afb987106689f632
planetlab,800002,omni_fleet_no_dynamics,4.224758185238515,0.9999999999999787,1.0,0.0,0.0,0.0,0,9,0,0,0,9604aed5610c985a
planetlab,800002,omni_fleet_no_gate,4.151990324424358,0.9999999999999818,1.0,0.0,0.0,0.0,0,9,0,0,0,f541b45b3b2ac2c6
planetlab,800003,k8s_hpa60_ca,6.870770148026337,1.0000000000000007,1.0,0.0,0.0,0.0,2,11,4,0,0,69ac682a755c74ad
planetlab,800003,k8s_hpa70_ca,6.870770148026339,1.0000000000000009,1.0,0.0,0.0,0.0,2,11,4,0,0,19d5ce108da6cb08
planetlab,800003,k8s_hpa80_ca,6.751770148026324,1.0000000000000009,1.0,0.0,0.0,0.0,0,9,0,0,0,a6a604036d04c97f
planetlab,800003,k8s_hpa70_karpenter,5.074770148026337,1.0000000000000009,1.0,0.0,0.0,0.0,2,11,4,0,0,b8e8e9219aecd106
planetlab,800003,omni_observe,6.870770148026339,1.0000000000000009,1.0,0.0,0.0,0.0,2,11,4,0,0,19d5ce108da6cb08
planetlab,800003,omni_target,6.751770148026313,1.0000000000000027,0.9868055555555556,0.008333333333333333,0.0,0.0,0,9,0,0,0,6cf029cf69e9d9b5
planetlab,800003,omni_fleet,3.6840427214227014,0.9994715141574958,0.9972222222222222,0.0,0.0,0.0,1,10,2,1,0,58d51081831454d2
planetlab,800003,omni_fleet_balanced,3.8981027214227084,0.9994715141574958,0.9972222222222222,0.0,0.0,0.0,1,10,2,1,0,84a474c0605d699d
planetlab,800003,omni_fleet_wear,4.334562721422689,0.9994715141574958,0.9972222222222222,0.0,0.0,0.0,1,10,2,1,0,6e89acf245df1cf3
planetlab,800003,omni_fleet_park,6.883487721422706,0.9994715141574958,0.9972222222222222,0.0,0.0,0.0,0,0,0,1,11,58d51081831454d2
planetlab,800003,omni_fleet_no_dynamics,3.7320569801603605,0.9994715141574958,0.9972222222222222,0.0,0.0,0.0,2,11,4,2,0,7a8a9ebb7ac0ddd4
planetlab,800003,omni_fleet_no_gate,3.6840427214227014,0.9994715141574958,0.9972222222222222,0.0,0.0,0.0,1,10,2,1,0,58d51081831454d2
planetlab,800004,k8s_hpa60_ca,8.447768503289405,1.0000000000000009,1.0,0.0,0.0,0.0,1,10,2,0,0,b9cce0e9d208da7a
planetlab,800004,k8s_hpa70_ca,8.138768503289421,1.0000000000000004,1.0,0.0,0.0,0.0,0,9,0,0,0,83790aadf52e0921
planetlab,800004,k8s_hpa80_ca,7.976768503289418,1.0000000000000007,1.0,0.0,0.0,0.0,0,9,0,0,0,b9092053b19d29e5
planetlab,800004,k8s_hpa70_karpenter,6.214768503289447,1.0000000000000004,1.0,0.0,0.0,0.0,1,10,2,0,0,f2e0fd80f92465a3
planetlab,800004,omni_observe,8.138768503289421,1.0000000000000004,1.0,0.0,0.0,0.0,0,9,0,0,0,83790aadf52e0921
planetlab,800004,omni_target,8.124768503289465,0.9999999999999994,0.99375,0.004861111111111111,0.0,0.0,0,9,0,0,0,aeac4d68d218f2c0
planetlab,800004,omni_fleet,4.980683677785762,0.9999999999999954,1.0,0.0,0.0,0.0,4,13,8,1,0,a86de1e3950443a7
planetlab,800004,omni_fleet_balanced,5.209630271535762,0.9999999999999957,1.0,0.0,0.0,0.0,3,12,6,1,0,da1f56bccb7c505d
planetlab,800004,omni_fleet_wear,5.912670271535777,0.9999999999999957,1.0,0.0,0.0,0.0,3,12,6,1,0,61c84fee75a902be
planetlab,800004,omni_fleet_park,8.118233912880328,0.9999999999999954,1.0,0.0,0.0,0.0,0,0,0,1,17,b447993accdbeb93
planetlab,800004,omni_fleet_no_dynamics,5.002174995195955,0.9999999999999974,1.0,0.0,0.0,0.0,4,13,6,1,0,3a819bd3ef96a95d
planetlab,800004,omni_fleet_no_gate,4.980683677785762,0.9999999999999954,1.0,0.0,0.0,0.0,4,13,8,1,0,a86de1e3950443a7
planetlab,800005,k8s_hpa60_ca,7.35273108552636,0.9999999999999998,1.0,0.0,0.0,0.0,0,9,0,0,0,7ac6ba11e9f56ba5
planetlab,800005,k8s_hpa70_ca,7.352731085526357,1.0,1.0,0.0,0.0,0.0,0,9,0,0,0,f9921923d9bfc12e
planetlab,800005,k8s_hpa80_ca,7.352731085526356,1.0000000000000002,1.0,0.0,0.0,0.0,0,9,0,0,0,88ab709ad0194eba
planetlab,800005,k8s_hpa70_karpenter,5.633731085526317,1.0,1.0,0.0,0.0,0.0,0,9,0,0,0,5cc761b0bb05e111
planetlab,800005,omni_observe,7.352731085526357,1.0,1.0,0.0,0.0,0.0,0,9,0,0,0,f9921923d9bfc12e
planetlab,800005,omni_target,7.352731085526377,1.0000000000000047,0.9993055555555556,0.0,0.0,0.0,0,9,0,0,0,95229542455f812e
planetlab,800005,omni_fleet,4.319457415912825,0.9998362659531121,1.0,0.0,0.0,0.0,0,9,0,0,0,0c9b5f050aecc228
planetlab,800005,omni_fleet_balanced,4.596497415912819,0.9998362659531121,1.0,0.0,0.0,0.0,0,9,0,0,0,fb0a2d0bf9d252fe
planetlab,800005,omni_fleet_wear,5.097757415912822,0.9998362659531121,1.0,0.0,0.0,0.0,0,9,0,0,0,ef5fb9b37f204761
planetlab,800005,omni_fleet_park,7.518207415912821,0.9998362659531121,1.0,0.0,0.0,0.0,0,0,0,0,9,ee2a3fc18891c43d
planetlab,800005,omni_fleet_no_dynamics,4.339621662571968,0.9998362659531131,1.0,0.0,0.0,0.0,0,9,0,0,0,32e65dfd638d9798
planetlab,800005,omni_fleet_no_gate,4.319457415912825,0.9998362659531121,1.0,0.0,0.0,0.0,0,9,0,0,0,0c9b5f050aecc228
planetlab,800006,k8s_hpa60_ca,6.8847730263158065,0.9999999999999998,1.0,0.0,0.0,0.0,0,9,0,0,0,b2234c8ae5464214
planetlab,800006,k8s_hpa70_ca,6.884773026315806,0.9999999999999999,1.0,0.0,0.0,0.0,0,9,0,0,0,7950179b83c2276a
planetlab,800006,k8s_hpa80_ca,6.884773026315804,0.9999999999999998,1.0,0.0,0.0,0.0,0,9,0,0,0,0e9d677b995f0589
planetlab,800006,k8s_hpa70_karpenter,5.165773026315795,0.9999999999999999,1.0,0.0,0.0,0.0,0,9,0,0,0,2610624b0d87c7f7
planetlab,800006,omni_observe,6.884773026315806,0.9999999999999999,1.0,0.0,0.0,0.0,0,9,0,0,0,7950179b83c2276a
planetlab,800006,omni_target,6.884773026315733,1.000000000000001,0.9965277777777778,0.0,0.0,0.0,0,9,0,0,0,2b38f49423c0118d
planetlab,800006,omni_fleet,3.9192246950041243,0.9999868274470826,1.0,0.0,0.0,0.0,0,9,0,0,0,cadd142a52470e83
planetlab,800006,omni_fleet_balanced,4.177520925267298,0.9999868274470826,1.0,0.0,0.0,0.0,0,9,0,0,0,0f7da678fb73bccd
planetlab,800006,omni_fleet_wear,4.644140925267282,0.9999868274470826,1.0,0.0,0.0,0.0,0,9,0,0,0,63ddf3e3c66e9a26
planetlab,800006,omni_fleet_park,7.10787092526724,0.9999868274470826,1.0,0.0,0.0,0.0,0,0,0,0,9,4edef74989cd5086
planetlab,800006,omni_fleet_no_dynamics,3.9012775738589736,0.9999868274470822,1.0,0.0,0.0,0.0,0,9,0,0,0,90747af7e6251648
planetlab,800006,omni_fleet_no_gate,3.9192246950041243,0.9999868274470826,1.0,0.0,0.0,0.0,0,9,0,0,0,cadd142a52470e83
planetlab,800007,k8s_hpa60_ca,8.885857319078982,0.9999999999999994,1.0,0.0,0.0,0.0,0,9,0,0,0,99ff83d73ca91bee
planetlab,800007,k8s_hpa70_ca,8.308857319079,0.9999999999999994,1.0,0.0,0.0,0.0,0,9,0,0,0,5665c249862aff2e
planetlab,800007,k8s_hpa80_ca,8.305857319078992,0.9999999999999988,1.0,0.0,0.0,0.0,0,9,0,0,0,38c89ef68ad927c8
planetlab,800007,k8s_hpa70_karpenter,6.506857319078899,0.9999999999999994,1.0,0.0,0.0,0.0,0,9,0,0,0,0eb33a00c1e69b70
planetlab,800007,omni_observe,8.308857319079,0.9999999999999994,1.0,0.0,0.0,0.0,0,9,0,0,0,5665c249862aff2e
planetlab,800007,omni_target,8.305857319079006,0.9999999999999912,1.0,0.0,0.0,0.0,0,9,0,0,0,ad7858d8e9cea4ee
planetlab,800007,omni_fleet,5.205480607093379,0.9997494652387927,1.0,0.0,0.0,0.0,2,11,4,2,0,fcdac449caf13367
planetlab,800007,omni_fleet_balanced,5.595620607093363,0.9997494652387927,1.0,0.0,0.0,0.0,2,11,4,2,0,b137110fa6a55cdf
planetlab,800007,omni_fleet_wear,6.059321446803025,0.9997494652387927,1.0,0.0,0.0,0.0,2,11,4,2,0,df4f36042fbaf47a
planetlab,800007,omni_fleet_park,8.337620607093386,0.9997494652387927,1.0,0.0,0.0,0.0,0,0,0,2,13,dbd121ef4f9f3358
planetlab,800007,omni_fleet_no_dynamics,5.339029795127462,0.9996607598050737,1.0,0.0,0.0,0.0,1,10,2,0,0,b947aab593484b23
planetlab,800007,omni_fleet_no_gate,5.205480607093379,0.9997494652387927,1.0,0.0,0.0,0.0,2,11,4,2,0,fcdac449caf13367
planetlab,800008,k8s_hpa60_ca,6.9112907072368515,1.0000000000000009,1.0,0.0,0.0,0.0,0,9,0,0,0,31c787d8b9a12cc2
planetlab,800008,k8s_hpa70_ca,6.91129070723685,1.000000000000001,1.0,0.0,0.0,0.0,0,9,0,0,0,3d78c63ea46e775e
planetlab,800008,k8s_hpa80_ca,6.91129070723685,1.0000000000000009,1.0,0.0,0.0,0.0,0,9,0,0,0,7d24511fc09eaa00
planetlab,800008,k8s_hpa70_karpenter,5.192290707236876,1.000000000000001,1.0,0.0,0.0,0.0,0,9,0,0,0,d26dcfd58bcbd11a
planetlab,800008,omni_observe,6.91129070723685,1.000000000000001,1.0,0.0,0.0,0.0,0,9,0,0,0,3d78c63ea46e775e
planetlab,800008,omni_target,6.911290707236849,1.0000000000000022,1.0,0.0,0.0,0.0,0,9,0,0,0,3078034158b714fa
planetlab,800008,omni_fleet,3.904019104440807,0.9999727190388307,1.0,0.0,0.0,0.0,0,9,0,0,0,b0c21a186e5ad0c0
planetlab,800008,omni_fleet_balanced,4.1321791044407865,0.9999727190388307,1.0,0.0,0.0,0.0,0,9,0,0,0,e5c59e85c1b8b7fd
planetlab,800008,omni_fleet_wear,4.6265391044408,0.9999727190388307,1.0,0.0,0.0,0.0,0,9,0,0,0,dc4625db0f0385a2
planetlab,800008,omni_fleet_park,7.1038117693256595,0.9999727190388308,1.0,0.0,0.0,0.0,0,0,0,0,9,b0c21a186e5ad0c0
planetlab,800008,omni_fleet_no_dynamics,3.9039049802631793,0.9999727190388306,1.0,0.0,0.0,0.0,0,9,0,0,0,6fac6c6968b6599d
planetlab,800008,omni_fleet_no_gate,3.904019104440807,0.9999727190388307,1.0,0.0,0.0,0.0,0,9,0,0,0,b0c21a186e5ad0c0
planetlab,800009,k8s_hpa60_ca,6.528060855263247,1.0000000000000002,1.0,0.0,0.0,0.0,0,9,0,0,0,ffaad28b1887f036
planetlab,800009,k8s_hpa70_ca,6.5280608552632495,1.0000000000000004,1.0,0.0,0.0,0.0,0,9,0,0,0,caeff7982bc18fb9
planetlab,800009,k8s_hpa80_ca,6.528060855263246,1.0000000000000013,1.0,0.0,0.0,0.0,0,9,0,0,0,dfc3e4b4f817343d
planetlab,800009,k8s_hpa70_karpenter,4.809060855263144,1.0000000000000004,1.0,0.0,0.0,0.0,0,9,0,0,0,1fb227f87d2ec660
planetlab,800009,omni_observe,6.5280608552632495,1.0000000000000004,1.0,0.0,0.0,0.0,0,9,0,0,0,caeff7982bc18fb9
planetlab,800009,omni_target,6.528060855263233,1.000000000000004,1.0,0.0,0.0,0.0,0,9,0,0,0,4bb9125f9a3070f8
planetlab,800009,omni_fleet,3.4954740100740334,0.9999999999999956,1.0,0.0,0.0,0.0,0,9,0,0,0,08e4e028bf299474
planetlab,800009,omni_fleet_balanced,3.7620140100740302,0.9999999999999956,1.0,0.0,0.0,0.0,0,9,0,0,0,c91298933ee47435
planetlab,800009,omni_fleet_wear,4.1809827888569435,0.9999999999999956,1.0,0.0,0.0,0.0,0,9,0,0,0,e041fb270b36d251
planetlab,800009,omni_fleet_park,6.697232788856937,0.9999999999999957,1.0,0.0,0.0,0.0,0,0,0,0,9,8a2b6b6efeff2b9d
planetlab,800009,omni_fleet_no_dynamics,3.4954388071546263,0.9999999999999953,1.0,0.0,0.0,0.0,0,9,0,0,0,3a069f2056f91fce
planetlab,800009,omni_fleet_no_gate,3.4954740100740334,0.9999999999999956,1.0,0.0,0.0,0.0,0,9,0,0,0,08e4e028bf299474
planetlab,800010,k8s_hpa60_ca,7.9722142269736755,0.9999999999999994,1.0,0.0,0.0,0.0,2,11,2,0,0,ac761039393278d2
planetlab,800010,k8s_hpa70_ca,7.861214226973692,0.9999999999999993,1.0,0.0,0.0,0.0,1,10,2,0,0,7351479bb58c878d
planetlab,800010,k8s_hpa80_ca,7.773214226973692,1.0000000000000002,1.0,0.0,0.0,0.0,1,10,2,0,0,3e0f999418c2a646
planetlab,800010,k8s_hpa70_karpenter,5.99721422697368,0.9999999999999993,1.0,0.0,0.0,0.0,1,10,2,0,0,302e9a91e1c6262e
planetlab,800010,omni_observe,7.861214226973692,0.9999999999999993,1.0,0.0,0.0,0.0,1,10,2,0,0,7351479bb58c878d
planetlab,800010,omni_target,7.877214226973675,1.0000000000000022,0.9923611111111111,0.003472222222222222,0.0,0.0,1,10,2,0,0,d4be71fdb1a5e51b
planetlab,800010,omni_fleet,4.776824325606491,1.0000000000000009,1.0,0.0,0.0,0.0,3,12,2,0,0,10a2dad9d03de06f
planetlab,800010,omni_fleet_balanced,5.08202188317229,1.0000000000000009,1.0,0.0,0.0,0.0,3,12,2,0,0,c189b7a03d191d41
planetlab,800010,omni_fleet_wear,5.628608570672274,1.0000000000000009,1.0,0.0,0.0,0.0,3,12,2,0,0,d4bd864b91b1a0a7
planetlab,800010,omni_fleet_park,7.88663465448351,0.9999999999999992,1.0,0.0,0.0,0.0,0,0,0,0,11,f5307acba4941551
planetlab,800010,omni_fleet_no_dynamics,4.808856385587985,0.9999999999999974,1.0,0.0,0.0,0.0,3,12,4,1,0,6c72c7738cbc5fd0
planetlab,800010,omni_fleet_no_gate,4.776824325606491,1.0000000000000009,1.0,0.0,0.0,0.0,3,12,2,0,0,10a2dad9d03de06f
planetlab,800011,k8s_hpa60_ca,7.978238486842132,1.0000000000000007,1.0,0.0,0.0,0.0,2,10,3,0,0,cbaf3c6c88529c09
planetlab,800011,k8s_hpa70_ca,7.962238486842123,1.000000000000001,1.0,0.0,0.0,0.0,1,10,2,0,0,84d1d50eaf88458e
planetlab,800011,k8s_hpa80_ca,7.847238486842161,1.0000000000000009,1.0,0.0,0.0,0.0,0,9,0,0,0,d25b81b119715f91
planetlab,800011,k8s_hpa70_karpenter,6.148238486842108,1.000000000000001,1.0,0.0,0.0,0.0,1,10,2,0,0,a887e02aa50f1166
planetlab,800011,omni_observe,7.962238486842123,1.000000000000001,1.0,0.0,0.0,0.0,1,10,2,0,0,84d1d50eaf88458e
planetlab,800011,omni_target,7.9522384868421305,1.0000000000000013,0.9930555555555556,0.004166666666666667,0.0,0.0,1,10,2,0,0,98446f3e207e4892
planetlab,800011,omni_fleet,4.9106895288491454,0.9999973337421528,1.0,0.0,0.0,0.0,2,11,4,1,0,ef2f33d7322c4ea4
planetlab,800011,omni_fleet_balanced,5.136132121556985,0.9999973337421523,1.0,0.0,0.0,0.0,2,11,4,2,0,cca1ae1473ad6292
planetlab,800011,omni_fleet_wear,5.560897121556992,0.9999973337421523,1.0,0.0,0.0,0.0,2,10,3,2,0,72019662c4180882
planetlab,800011,omni_fleet_park,8.028845453382004,0.9999973337421514,1.0,0.0,0.0,0.0,0,0,0,1,13,5c8aff774dcf76f4
planetlab,800011,omni_fleet_no_dynamics,4.886982865932825,0.9999973337421526,1.0,0.0,0.0,0.0,2,11,4,2,0,8d697c79285b3edb
planetlab,800011,omni_fleet_no_gate,4.9106895288491454,0.9999973337421528,1.0,0.0,0.0,0.0,2,11,4,1,0,ef2f33d7322c4ea4
planetlab,800012,k8s_hpa60_ca,7.046763980263117,1.0000000000000007,1.0,0.0,0.0,0.0,1,10,2,0,0,e30d818c9e37c893
planetlab,800012,k8s_hpa70_ca,6.987763980263136,1.0000000000000007,1.0,0.0,0.0,0.0,0,9,0,0,0,1488665902917298
planetlab,800012,k8s_hpa80_ca,6.987763980263139,1.0000000000000013,1.0,0.0,0.0,0.0,0,9,0,0,0,e7e082cbb5a17666
planetlab,800012,k8s_hpa70_karpenter,5.26876398026316,1.0000000000000007,1.0,0.0,0.0,0.0,0,9,0,0,0,38f52e00b312d219
planetlab,800012,omni_observe,6.987763980263136,1.0000000000000007,1.0,0.0,0.0,0.0,0,9,0,0,0,1488665902917298
planetlab,800012,omni_target,6.98776398026316,1.0000000000000009,0.9923611111111111,0.004166666666666667,0.0,0.0,0,9,0,0,0,996635edd2bdb2a5
planetlab,800012,omni_fleet,3.9249968710423344,0.9999925369668913,1.0,0.0,0.0,0.0,1,10,2,1,0,77bb7c8bfa7f3936
planetlab,800012,omni_fleet_balanced,4.147396871042356,0.9999925369668913,1.0,0.0,0.0,0.0,1,10,2,1,0,efbf5a9fd8f1deeb
planetlab,800012,omni_fleet_wear,4.647176871042391,0.9999925369668913,1.0,0.0,0.0,0.0,1,10,2,1,0,c0b8a9faad748fd6
planetlab,800012,omni_fleet_park,7.113441871042302,0.9999925369668913,1.0,0.0,0.0,0.0,0,0,0,1,11,77bb7c8bfa7f3936
planetlab,800012,omni_fleet_no_dynamics,3.9254691866776077,0.9999413737287969,1.0,0.0,0.0,0.0,1,10,2,0,0,5b4c9787c8075d3a
planetlab,800012,omni_fleet_no_gate,3.9249968710423344,0.9999925369668913,1.0,0.0,0.0,0.0,1,10,2,1,0,77bb7c8bfa7f3936
planetlab,800013,k8s_hpa60_ca,7.31714391447369,1.0000000000000004,1.0,0.0,0.0,0.0,0,9,0,0,0,32c83afa20dc6c0b
planetlab,800013,k8s_hpa70_ca,7.317143914473689,1.0000000000000004,1.0,0.0,0.0,0.0,0,9,0,0,0,ed6c083d9e45afa9
planetlab,800013,k8s_hpa80_ca,7.3171439144736885,1.0000000000000004,1.0,0.0,0.0,0.0,0,9,0,0,0,c08904b753c6257e
planetlab,800013,k8s_hpa70_karpenter,5.598143914473675,1.0000000000000004,1.0,0.0,0.0,0.0,0,9,0,0,0,bf4a924385f2199f
planetlab,800013,omni_observe,7.317143914473689,1.0000000000000004,1.0,0.0,0.0,0.0,0,9,0,0,0,ed6c083d9e45afa9
planetlab,800013,omni_target,7.317143914473692,1.000000000000003,1.0,0.0,0.0,0.0,0,9,0,0,0,751d02cf0c34e93a
planetlab,800013,omni_fleet,4.307802349660773,0.9999999999999969,1.0,0.0,0.0,0.0,0,9,0,0,0,0dad14dee11dbf14
planetlab,800013,omni_fleet_balanced,4.530942349660774,0.9999999999999969,1.0,0.0,0.0,0.0,0,9,0,0,0,9f9b3d4830212a16
planetlab,800013,omni_fleet_wear,5.016997176500809,0.9999999999999969,1.0,0.0,0.0,0.0,0,9,0,0,0,d457d596ca75c5e1
planetlab,800013,omni_fleet_park,7.501502595908702,0.9999999999999967,1.0,0.0,0.0,0.0,0,0,0,0,9,0b60c74704fd863a
planetlab,800013,omni_fleet_no_dynamics,4.309413848889801,0.9999999999999981,1.0,0.0,0.0,0.0,0,9,0,0,0,86ec44b0f9739b74
planetlab,800013,omni_fleet_no_gate,4.307802349660773,0.9999999999999969,1.0,0.0,0.0,0.0,0,9,0,0,0,0dad14dee11dbf14
planetlab,800014,k8s_hpa60_ca,10.18568297697374,1.000000000000002,1.0,0.0,0.0,0.0,1,9,2,0,0,7e55959e4d686497
planetlab,800014,k8s_hpa70_ca,9.585682976973624,1.0000000000000024,1.0,0.0,0.0,0.0,1,9,1,0,0,c0f101038ed9e9fe
planetlab,800014,k8s_hpa80_ca,9.259682976973655,1.0000000000000033,1.0,0.0,0.0,0.0,2,11,4,0,0,4ab8597ab457697d
planetlab,800014,k8s_hpa70_karpenter,7.238682976973688,1.0000000000000024,1.0,0.0,0.0,0.0,4,13,8,0,0,c637fcfd1dc012cd
planetlab,800014,omni_observe,9.585682976973624,1.0000000000000024,1.0,0.0,0.0,0.0,1,9,1,0,0,c0f101038ed9e9fe
planetlab,800014,omni_target,9.148682976973623,1.0000000000000009,1.0,0.0,0.0,0.0,1,10,2,0,0,7d041a82159e3d84
planetlab,800014,omni_fleet,6.53532290563325,1.0000000000000049,1.0,0.0,0.0,0.0,2,10,2,0,0,d1fb0c3801ffa053
planetlab,800014,omni_fleet_balanced,6.78343607378339,1.000000000000004,1.0,0.0,0.0,0.0,2,10,2,1,0,12d92a4873a26335
planetlab,800014,omni_fleet_wear,7.320882905633212,1.0000000000000049,1.0,0.0,0.0,0.0,2,10,2,0,0,403f90262920ec08
planetlab,800014,omni_fleet_park,9.386845765059661,1.0000000000000024,1.0,0.0,0.0,0.0,0,0,0,0,14,ea88b3d6edef185d
planetlab,800014,omni_fleet_no_dynamics,6.3319352311027,1.0000000000000029,1.0,0.0,0.0,0.0,3,11,3,2,0,29714f76d90690e1
planetlab,800014,omni_fleet_no_gate,6.53532290563325,1.0000000000000049,1.0,0.0,0.0,0.0,2,10,2,0,0,d1fb0c3801ffa053
planetlab,800015,k8s_hpa60_ca,7.077445723684225,0.9999999999999996,1.0,0.0,0.0,0.0,0,9,0,0,0,ac26c90311c53434
planetlab,800015,k8s_hpa70_ca,7.077445723684229,0.9999999999999998,1.0,0.0,0.0,0.0,0,9,0,0,0,2133224b36f50a66
planetlab,800015,k8s_hpa80_ca,7.077445723684228,1.0,1.0,0.0,0.0,0.0,0,9,0,0,0,1cb8c07fbbcf95d7
planetlab,800015,k8s_hpa70_karpenter,5.358445723684209,0.9999999999999998,1.0,0.0,0.0,0.0,0,9,0,0,0,97c329e9ddc0001f
planetlab,800015,omni_observe,7.077445723684229,0.9999999999999998,1.0,0.0,0.0,0.0,0,9,0,0,0,2133224b36f50a66
planetlab,800015,omni_target,7.077445723684249,1.0000000000000007,1.0,0.0,0.0,0.0,0,9,0,0,0,831673a17b918764
planetlab,800015,omni_fleet,4.032096772563714,0.9999999999999882,1.0,0.0,0.0,0.0,0,9,0,0,0,44c69b1e973706f4
planetlab,800015,omni_fleet_balanced,4.2373751112767275,0.9999999999999882,1.0,0.0,0.0,0.0,0,9,0,0,0,dd97c51b9d46e430
planetlab,800015,omni_fleet_wear,4.700649326223271,0.9999999999999885,1.0,0.0,0.0,0.0,0,9,0,0,0,5ea374a3ec3ca91a
planetlab,800015,omni_fleet_park,7.2126993548519724,0.9999999999999878,1.0,0.0,0.0,0.0,0,0,0,0,9,0b9a655910014be9
planetlab,800015,omni_fleet_no_dynamics,4.0279725724712,0.9999999999999876,1.0,0.0,0.0,0.0,0,9,0,0,0,d6394a71f1e44c50
planetlab,800015,omni_fleet_no_gate,4.032096772563714,0.9999999999999882,1.0,0.0,0.0,0.0,0,9,0,0,0,44c69b1e973706f4
planetlab,800016,k8s_hpa60_ca,7.425180509868406,1.0000000000000004,1.0,0.0,0.0,0.0,0,9,0,0,0,2131218cbeb17164
planetlab,800016,k8s_hpa70_ca,7.4251805098684045,1.0000000000000002,1.0,0.0,0.0,0.0,0,9,0,0,0,e191d156c329cdb0
planetlab,800016,k8s_hpa80_ca,7.42518050986841,1.0000000000000004,1.0,0.0,0.0,0.0,0,9,0,0,0,ca564f44c4f5f8c6
planetlab,800016,k8s_hpa70_karpenter,5.706180509868433,1.0000000000000002,1.0,0.0,0.0,0.0,0,9,0,0,0,4811b112d69e6505
planetlab,800016,omni_observe,7.4251805098684045,1.0000000000000002,1.0,0.0,0.0,0.0,0,9,0,0,0,e191d156c329cdb0
planetlab,800016,omni_target,7.425180509868398,1.0000000000000016,1.0,0.0,0.0,0.0,0,9,0,0,0,25fa7ca62025384b
planetlab,800016,omni_fleet,4.302406191097845,0.9997331610273945,1.0,0.0,0.0,0.0,0,9,0,0,0,80f20b86b2bd548e
planetlab,800016,omni_fleet_balanced,4.542566191097856,0.9997331610273945,1.0,0.0,0.0,0.0,0,9,0,0,0,6d8b194a3b2a89ec
planetlab,800016,omni_fleet_wear,5.020597381064966,0.9997331610273945,1.0,0.0,0.0,0.0,0,9,0,0,0,bfb641cd87d0ffd4
planetlab,800016,omni_fleet_park,7.492120724814999,0.9997331610273945,1.0,0.0,0.0,0.0,0,0,0,0,9,57a0f6915b59ffd8
planetlab,800016,omni_fleet_no_dynamics,4.294520809827302,0.9999999999999997,1.0,0.0,0.0,0.0,0,9,0,0,0,40e826f22dab399f
planetlab,800016,omni_fleet_no_gate,4.302406191097845,0.9997331610273945,1.0,0.0,0.0,0.0,0,9,0,0,0,80f20b86b2bd548e
planetlab,800017,k8s_hpa60_ca,7.6723618421052855,1.0000000000000004,1.0,0.0,0.0,0.0,0,9,0,0,0,5585ae99a3a14a22
planetlab,800017,k8s_hpa70_ca,7.670361842105285,1.0000000000000004,1.0,0.0,0.0,0.0,0,9,0,0,0,006c8832fe3cf4fa
planetlab,800017,k8s_hpa80_ca,7.670361842105286,1.0000000000000009,1.0,0.0,0.0,0.0,0,9,0,0,0,4ef8de2517aa0a00
planetlab,800017,k8s_hpa70_karpenter,5.9513618421052765,1.0000000000000004,1.0,0.0,0.0,0.0,0,9,0,0,0,9d5a85d313c9070c
planetlab,800017,omni_observe,7.670361842105285,1.0000000000000004,1.0,0.0,0.0,0.0,0,9,0,0,0,006c8832fe3cf4fa
planetlab,800017,omni_target,7.670361842105251,1.0000000000000033,0.9881944444444445,0.004166666666666667,0.0,0.0,0,9,0,0,0,c6502f805fb23102
planetlab,800017,omni_fleet,4.5889309036800965,0.9999999999999726,1.0,0.0,0.0,0.0,1,9,1,0,0,a9d4c905e4842161
planetlab,800017,omni_fleet_balanced,4.772205100226145,0.9999999999999726,1.0,0.0,0.0,0.0,0,9,0,0,0,3a8a67ec41c9a4b8
planetlab,800017,omni_fleet_wear,5.212930903680069,0.9999999999999726,1.0,0.0,0.0,0.0,1,9,1,0,0,e624570187c01905
planetlab,800017,omni_fleet_park,7.764625903680087,0.9999999999999726,1.0,0.0,0.0,0.0,0,0,0,0,10,a9d4c905e4842161
planetlab,800017,omni_fleet_no_dynamics,4.601151547902977,0.9999999999999732,1.0,0.0,0.0,0.0,1,10,2,0,0,1890c89fd3515d35
planetlab,800017,omni_fleet_no_gate,4.5889309036800965,0.9999999999999726,1.0,0.0,0.0,0.0,1,9,1,0,0,a9d4c905e4842161
planetlab,800018,k8s_hpa60_ca,7.168248355263177,1.0000000000000009,1.0,0.0,0.0,0.0,2,11,4,0,0,d7629e9d9973afbf
planetlab,800018,k8s_hpa70_ca,7.207248355263185,1.0000000000000009,1.0,0.0,0.0,0.0,2,11,4,0,0,f9d540a7ddef33d9
planetlab,800018,k8s_hpa80_ca,7.114248355263179,1.0000000000000013,0.9993055555555556,0.0,0.0,0.0,1,10,2,0,0,828fca5b35f73fa1
planetlab,800018,k8s_hpa70_karpenter,5.378248355263178,1.0000000000000009,1.0,0.0,0.0,0.0,2,11,4,0,0,d4968385814bbbeb
planetlab,800018,omni_observe,7.207248355263185,1.0000000000000009,1.0,0.0,0.0,0.0,2,11,4,0,0,f9d540a7ddef33d9
planetlab,800018,omni_target,7.11624835526316,1.000000000000004,0.9840277777777777,0.007638888888888889,0.0,0.0,1,10,2,0,0,a53b463715813a64
planetlab,800018,omni_fleet,4.187124081404816,0.9999999999999907,0.9951388888888889,0.0,0.0,0.0,1,10,2,0,0,44fbfa658eadcb87
planetlab,800018,omni_fleet_balanced,4.4022640814048195,0.9999999999999907,0.9951388888888889,0.0,0.0,0.0,1,10,2,0,0,12111639e6b893f3
planetlab,800018,omni_fleet_wear,4.889364081404816,0.9999999999999907,0.9951388888888889,0.0,0.0,0.0,1,10,2,0,0,dc549b57fdb81751
planetlab,800018,omni_fleet_park,7.365569081404815,0.9999999999999907,0.9951388888888889,0.0,0.0,0.0,0,0,0,0,11,44fbfa658eadcb87
planetlab,800018,omni_fleet_no_dynamics,4.210925327004428,0.9999999999999895,0.9979166666666667,0.0,0.0,0.0,2,11,4,1,0,70f6ceb26f96bab6
planetlab,800018,omni_fleet_no_gate,4.187124081404816,0.9999999999999907,0.9951388888888889,0.0,0.0,0.0,1,10,2,0,0,44fbfa658eadcb87
planetlab,800019,k8s_hpa60_ca,7.2014337993420225,1.0000000000000004,1.0,0.0,0.0,0.0,0,9,0,0,0,6c74961b2e5566f4
planetlab,800019,k8s_hpa70_ca,7.201433799342027,1.0000000000000004,1.0,0.0,0.0,0.0,0,9,0,0,0,de965171ceef67bb
planetlab,800019,k8s_hpa80_ca,7.201433799342024,1.0000000000000013,1.0,0.0,0.0,0.0,0,9,0,0,0,e03b969d8c8a5db8
planetlab,800019,k8s_hpa70_karpenter,5.48243379934205,1.0000000000000004,1.0,0.0,0.0,0.0,0,9,0,0,0,8293882b6f7531a9
planetlab,800019,omni_observe,7.201433799342027,1.0000000000000004,1.0,0.0,0.0,0.0,0,9,0,0,0,de965171ceef67bb
planetlab,800019,omni_target,7.201433799342077,1.000000000000004,0.9951388888888889,0.0,0.0,0.0,0,9,0,0,0,e1ededfbc73be4cc
planetlab,800019,omni_fleet,4.250212694284546,0.9999999999999982,1.0,0.0,0.0,0.0,0,9,0,0,0,2d69f45c6c4c4ece
planetlab,800019,omni_fleet_balanced,4.572612694284544,0.9999999999999982,1.0,0.0,0.0,0.0,0,9,0,0,0,fa3ca0c3c477116f
planetlab,800019,omni_fleet_wear,4.949108732010695,0.9999999999999984,1.0,0.0,0.0,0.0,0,9,0,0,0,5b91857546746e9c
planetlab,800019,omni_fleet_park,7.447426874691619,1.0000000000000022,1.0,0.0,0.0,0.0,0,0,0,0,9,866d057a8810715c
planetlab,800019,omni_fleet_no_dynamics,4.244308903217511,0.9999999999999981,1.0,0.0,0.0,0.0,0,9,0,0,0,0248736f803ed2e7
planetlab,800019,omni_fleet_no_gate,4.250212694284546,0.9999999999999982,1.0,0.0,0.0,0.0,0,9,0,0,0,2d69f45c6c4c4ece
planetlab,800020,k8s_hpa60_ca,6.9126060855262805,0.9999999999999998,1.0,0.0,0.0,0.0,0,9,0,0,0,3ad0790f9ed7cb03
planetlab,800020,k8s_hpa70_ca,6.91260608552628,0.9999999999999996,1.0,0.0,0.0,0.0,0,9,0,0,0,2d9d74d28931512c
planetlab,800020,k8s_hpa80_ca,6.912606085526277,0.9999999999999994,1.0,0.0,0.0,0.0,0,9,0,0,0,e2f87a5b822f76dc
planetlab,800020,k8s_hpa70_karpenter,5.193606085526258,0.9999999999999996,1.0,0.0,0.0,0.0,0,9,0,0,0,a4832ad6606d913d
planetlab,800020,omni_observe,6.91260608552628,0.9999999999999996,1.0,0.0,0.0,0.0,0,9,0,0,0,2d9d74d28931512c
planetlab,800020,omni_target,6.912606085526333,1.0000000000000009,1.0,0.0,0.0,0.0,0,9,0,0,0,55e11466b77a8a7e
planetlab,800020,omni_fleet,3.8514232865953857,0.999999999999979,1.0,0.0,0.0,0.0,0,9,0,0,0,5788b6a04f65e42e
planetlab,800020,omni_fleet_balanced,4.121283286595378,0.999999999999979,1.0,0.0,0.0,0.0,0,9,0,0,0,bb6800b3ed92a7fc
planetlab,800020,omni_fleet_wear,4.54858328659537,0.999999999999979,1.0,0.0,0.0,0.0,0,9,0,0,0,7d54cc79d5c1bd4a
planetlab,800020,omni_fleet_park,7.049382484991816,0.9999999999999792,1.0,0.0,0.0,0.0,0,0,0,0,9,f0ac80fbe52c2cca
planetlab,800020,omni_fleet_no_dynamics,3.8513817629522924,0.9999999999999796,1.0,0.0,0.0,0.0,0,9,0,0,0,426bb7ba4ac749d6
planetlab,800020,omni_fleet_no_gate,3.8514232865953857,0.999999999999979,1.0,0.0,0.0,0.0,0,9,0,0,0,5788b6a04f65e42e
planetlab,800021,k8s_hpa60_ca,8.24062047697365,1.0000000000000002,1.0,0.0,0.0,0.0,2,11,4,0,0,7bdf7174bcc27fb6
planetlab,800021,k8s_hpa70_ca,8.13762047697368,1.0000000000000002,1.0,0.0,0.0,0.0,2,11,4,0,0,009a6f361807b703
planetlab,800021,k8s_hpa80_ca,8.073620476973668,1.0000000000000007,1.0,0.0,0.0,0.0,1,10,2,0,0,2a8374be7a73d8d2
planetlab,800021,k8s_hpa70_karpenter,6.324620476973636,1.0000000000000002,1.0,0.0,0.0,0.0,2,11,4,0,0,47a4167c4acecb88
planetlab,800021,omni_observe,8.13762047697368,1.0000000000000002,1.0,0.0,0.0,0.0,2,11,4,0,0,009a6f361807b703
planetlab,800021,omni_target,8.158620476973697,1.0000000000000009,0.9916666666666667,0.0006944444444444445,0.0,0.0,1,10,2,0,0,cdd5a7da16511d8b
planetlab,800021,omni_fleet,5.018836684518938,0.9995603629279858,1.0,0.0,0.0,0.0,3,12,6,1,0,3d8fbdb7fb2422eb
planetlab,800021,omni_fleet_balanced,5.141534448088016,0.9995603629279858,1.0,0.0,0.0,0.0,2,11,4,1,0,fadb4ba074f91f0f
planetlab,800021,omni_fleet_wear,5.680951505859398,0.9995603629279858,1.0,0.0,0.0,0.0,1,10,2,1,0,2e3b0e356ce72e82
planetlab,800021,omni_fleet_park,8.147670631064923,0.9995603629279858,1.0,0.0,0.0,0.0,0,0,0,1,15,0254e262c13572b0
planetlab,800021,omni_fleet_no_dynamics,5.118852844109828,0.9995603629279827,1.0,0.0,0.0,0.0,3,12,4,0,0,0222577b16caee72
planetlab,800021,omni_fleet_no_gate,5.018836684518938,0.9995603629279858,1.0,0.0,0.0,0.0,3,12,6,1,0,3d8fbdb7fb2422eb
planetlab,800022,k8s_hpa60_ca,6.557557565789479,0.9999999999999999,1.0,0.0,0.0,0.0,0,9,0,0,0,09ff0a36843ed08a
planetlab,800022,k8s_hpa70_ca,6.559557565789477,1.0,1.0,0.0,0.0,0.0,0,9,0,0,0,79a50e4ceef044ea
planetlab,800022,k8s_hpa80_ca,6.563557565789477,0.9999999999999999,0.9979166666666667,0.0,0.0,0.0,0,9,0,0,0,f7b67ba822c5ef5c
planetlab,800022,k8s_hpa70_karpenter,4.831557565789515,1.0,1.0,0.0,0.0,0.0,0,9,0,0,0,1a94772898b7a91e
planetlab,800022,omni_observe,6.559557565789477,1.0,1.0,0.0,0.0,0.0,0,9,0,0,0,79a50e4ceef044ea
planetlab,800022,omni_target,6.668557565789479,0.9999999999999951,0.9840277777777777,0.010416666666666666,0.0,0.0,0,9,0,0,0,0a8a51045194c75a
planetlab,800022,omni_fleet,3.5964594189967127,0.9999772709040705,0.9951388888888889,0.002777777777777778,0.0,0.0,0,9,0,0,0,1279d029937a81d5
planetlab,800022,omni_fleet_balanced,3.836959418996714,0.9999772709040705,0.9951388888888889,0.002777777777777778,0.0,0.0,0,9,0,0,0,b3e7896175d24569
planetlab,800022,omni_fleet_wear,4.387919418996686,0.9999772709040705,0.9951388888888889,0.002777777777777778,0.0,0.0,0,9,0,0,0,3ffa47d9eda9a725
planetlab,800022,omni_fleet_park,6.798209418996697,0.9999772709040705,0.9951388888888889,0.002777777777777778,0.0,0.0,0,0,0,0,9,1279d029937a81d5
planetlab,800022,omni_fleet_no_dynamics,3.595319728618416,0.9997264152204612,0.9965277777777778,0.0,0.0,0.0,0,9,0,0,0,d4cb8609dd8afec5
planetlab,800022,omni_fleet_no_gate,3.5964594189967127,0.9999772709040705,0.9951388888888889,0.002777777777777778,0.0,0.0,0,9,0,0,0,1279d029937a81d5
planetlab,800023,k8s_hpa60_ca,6.764903782894722,1.0,1.0,0.0,0.0,0.0,0,9,0,0,0,e4fbeb18a0fd5a39
planetlab,800023,k8s_hpa70_ca,6.76490378289472,1.0,1.0,0.0,0.0,0.0,0,9,0,0,0,a19654f38f08f894
planetlab,800023,k8s_hpa80_ca,6.76490378289472,1.0,1.0,0.0,0.0,0.0,0,9,0,0,0,ba5df9bee250c1f4
planetlab,800023,k8s_hpa70_karpenter,5.045903782894731,1.0,1.0,0.0,0.0,0.0,0,9,0,0,0,50e009198844af49
planetlab,800023,omni_observe,6.76490378289472,1.0,1.0,0.0,0.0,0.0,0,9,0,0,0,a19654f38f08f894
planetlab,800023,omni_target,6.764903782894731,0.9999999999999999,1.0,0.0,0.0,0.0,0,9,0,0,0,777cdbae757b5227
planetlab,800023,omni_fleet,3.688315130962162,0.9999999999999878,1.0,0.0,0.0,0.0,0,9,0,0,0,305e38920244c15b
planetlab,800023,omni_fleet_balanced,3.886435130962154,0.9999999999999878,1.0,0.0,0.0,0.0,0,9,0,0,0,c848390a27b31bea
planetlab,800023,omni_fleet_wear,4.37225513096216,0.9999999999999878,1.0,0.0,0.0,0.0,0,9,0,0,0,e862bccabf1c6e1c
planetlab,800023,omni_fleet_park,6.884065130962168,0.9999999999999878,1.0,0.0,0.0,0.0,0,0,0,0,9,305e38920244c15b
planetlab,800023,omni_fleet_no_dynamics,3.688337077919401,0.9999999999999878,1.0,0.0,0.0,0.0,0,9,0,0,0,d60ef2ab35fc47a4
planetlab,800023,omni_fleet_no_gate,3.688315130962162,0.9999999999999878,1.0,0.0,0.0,0.0,0,9,0,0,0,305e38920244c15b
planetlab,800024,k8s_hpa60_ca,9.510102796052669,0.9999999999999993,1.0,0.0,0.0,0.0,1,9,1,0,0,fd1233872081db44
planetlab,800024,k8s_hpa70_ca,9.184102796052622,0.9999999999999988,1.0,0.0,0.0,0.0,2,11,4,0,0,a7d1c833516fc87c
planetlab,800024,k8s_hpa80_ca,8.927102796052626,0.9999999999999988,1.0,0.0,0.0,0.0,2,11,4,0,0,cccf7b3dd2f6e3a8
planetlab,800024,k8s_hpa70_karpenter,7.004102796052635,0.9999999999999991,1.0,0.0,0.0,0.0,5,14,10,0,0,b88097af4ad94c00
planetlab,800024,omni_observe,9.184102796052622,0.9999999999999988,1.0,0.0,0.0,0.0,2,11,4,0,0,a7d1c833516fc87c
planetlab,800024,omni_target,8.960102796052636,0.9999999999999952,0.9916666666666667,0.0,0.0,0.0,1,10,2,0,0,af1be9a5f115cfaf
planetlab,800024,omni_fleet,6.114250749058662,0.9999999999999917,1.0,0.0,0.0,0.0,4,12,6,2,0,75d896d2e4f62f02
planetlab,800024,omni_fleet_balanced,6.3478307490586685,0.9999999999999917,1.0,0.0,0.0,0.0,4,12,6,2,0,bc591125cf773ffa
planetlab,800024,omni_fleet_wear,6.762710749058663,0.9999999999999917,1.0,0.0,0.0,0.0,4,12,6,2,0,99aacb548d85130d
planetlab,800024,omni_fleet_park,9.055540646741392,0.9999999999999913,1.0,0.0,0.0,0.0,0,0,0,3,18,e106f5d389a276f1
planetlab,800024,omni_fleet_no_dynamics,6.275011033189305,0.9999999999999922,1.0,0.0,0.0,0.0,3,11,4,1,0,8da7a283c9d92532
planetlab,800024,omni_fleet_no_gate,6.114250749058662,0.9999999999999917,1.0,0.0,0.0,0.0,4,12,6,2,0,75d896d2e4f62f02
planetlab,800025,k8s_hpa60_ca,6.833586759868353,1.0000000000000002,1.0,0.0,0.0,0.0,1,9,1,0,0,b236963790ad4e8b
planetlab,800025,k8s_hpa70_ca,6.8315867598683555,1.0000000000000007,1.0,0.0,0.0,0.0,1,9,1,0,0,310f26dc34826a0c
planetlab,800025,k8s_hpa80_ca,6.797586759868353,1.0000000000000007,0.9958333333333333,0.0020833333333333333,0.0,0.0,0,9,0,0,0,f78897221444f3ba
planetlab,800025,k8s_hpa70_karpenter,5.0855867598683755,1.0000000000000007,1.0,0.0,0.0,0.0,1,10,2,0,0,bb018a7bf8fe9d75
planetlab,800025,omni_observe,6.8315867598683555,1.0000000000000007,1.0,0.0,0.0,0.0,1,9,1,0,0,310f26dc34826a0c
planetlab,800025,omni_target,6.797586759868343,1.0000000000000018,0.98125,0.010416666666666666,0.0,0.0,0,9,0,0,0,9b55175fe65b4c92
planetlab,800025,omni_fleet,3.877878742238886,0.9999362821933981,0.9895833333333334,0.004166666666666667,0.0,0.0,1,10,2,0,0,1977890d75d27417
planetlab,800025,omni_fleet_balanced,4.101018742238893,0.9999362821933981,0.9895833333333334,0.004166666666666667,0.0,0.0,1,10,2,0,0,5cc8b751d58f8ad7
planetlab,800025,omni_fleet_wear,4.638200691611851,0.9999362821933979,0.9895833333333334,0.004166666666666667,0.0,0.0,1,9,1,0,0,b26232c75aea5dc6
planetlab,800025,omni_fleet_park,7.068250439401714,0.9999362821933987,0.9895833333333334,0.004166666666666667,0.0,0.0,0,0,0,0,11,35df2fcd17801e2f
planetlab,800025,omni_fleet_no_dynamics,3.8819913081817226,0.9999362821934,0.9930555555555556,0.0020833333333333333,0.0,0.0,1,9,1,1,0,87ba33025794df6d
planetlab,800025,omni_fleet_no_gate,3.877878742238886,0.9999362821933981,0.9895833333333334,0.004166666666666667,0.0,0.0,1,10,2,0,0,1977890d75d27417
planetlab,800026,k8s_hpa60_ca,7.686451480263113,1.0,1.0,0.0,0.0,0.0,0,9,0,0,0,b75311558802bfe3
planetlab,800026,k8s_hpa70_ca,7.686451480263112,0.9999999999999999,1.0,0.0,0.0,0.0,0,9,0,0,0,0fa07c61fe95622a
planetlab,800026,k8s_hpa80_ca,7.686451480263112,0.9999999999999999,1.0,0.0,0.0,0.0,0,9,0,0,0,79cc980914d23296
planetlab,800026,k8s_hpa70_karpenter,5.967451480263144,0.9999999999999999,1.0,0.0,0.0,0.0,0,9,0,0,0,52b3e767df490ee4
planetlab,800026,omni_observe,7.686451480263112,0.9999999999999999,1.0,0.0,0.0,0.0,0,9,0,0,0,0fa07c61fe95622a
planetlab,800026,omni_target,7.686451480263085,1.0000000000000004,0.9986111111111111,0.0,0.0,0.0,0,9,0,0,0,daf1375147d200cc
planetlab,800026,omni_fleet,4.637673691920224,0.9998482259338884,1.0,0.0,0.0,0.0,0,9,0,0,0,a2d61f34d85a6dab
planetlab,800026,omni_fleet_balanced,4.808333691920236,0.9998482259338884,1.0,0.0,0.0,0.0,0,9,0,0,0,c78c0ab09fda811d
planetlab,800026,omni_fleet_wear,5.326613691920223,0.9998482259338884,1.0,0.0,0.0,0.0,0,9,0,0,0,3e191f08ff6b1b02
planetlab,800026,omni_fleet_park,7.8074236919201825,0.9998482259338884,1.0,0.0,0.0,0.0,0,0,0,0,9,60d9c8a0ae047c86
planetlab,800026,omni_fleet_no_dynamics,4.652301678196952,0.9999614133730238,1.0,0.0,0.0,0.0,0,9,0,0,0,69ee51f83f844a08
planetlab,800026,omni_fleet_no_gate,4.637673691920224,0.9998482259338884,1.0,0.0,0.0,0.0,0,9,0,0,0,a2d61f34d85a6dab
planetlab,800027,k8s_hpa60_ca,7.039963815789521,0.999999999999999,1.0,0.0,0.0,0.0,1,10,2,0,0,8b13c4f302f1f974
planetlab,800027,k8s_hpa70_ca,7.03796381578952,0.9999999999999986,1.0,0.0,0.0,0.0,1,10,2,0,0,cdb49b2e1a5fb2d5
planetlab,800027,k8s_hpa80_ca,7.0249638157895165,0.9999999999999984,1.0,0.0,0.0,0.0,1,10,2,0,0,fc733c445dc34b70
planetlab,800027,k8s_hpa70_karpenter,5.267963815789491,0.9999999999999986,1.0,0.0,0.0,0.0,1,10,2,0,0,2aeee685a5ad9976
planetlab,800027,omni_observe,7.03796381578952,0.9999999999999986,1.0,0.0,0.0,0.0,1,10,2,0,0,cdb49b2e1a5fb2d5
planetlab,800027,omni_target,7.0289638157894965,0.9999999999999988,0.9923611111111111,0.005555555555555556,0.0,0.0,1,10,2,0,0,0f000734430ef481
planetlab,800027,omni_fleet,4.159692038754126,0.999774507335529,0.9986111111111111,0.0,0.0,0.0,2,11,4,1,0,87618456a20f2c2b
planetlab,800027,omni_fleet_balanced,4.457412038754133,0.999774507335529,0.9986111111111111,0.0,0.0,0.0,2,11,4,1,0,f8617ee2fee9ead7
planetlab,800027,omni_fleet_wear,4.815632384303057,0.9997745073355291,0.9986111111111111,0.0,0.0,0.0,2,11,4,1,0,374a83dc0ca3a9b0
planetlab,800027,omni_fleet_park,7.223621163085912,0.9997745073355291,0.9986111111111111,0.0,0.0,0.0,0,0,0,1,13,14603681761c5055
planetlab,800027,omni_fleet_no_dynamics,4.003788141447373,0.9993451271128753,0.9993055555555556,0.0,0.0,0.0,1,10,2,0,0,334db16cf4dbc2b3
planetlab,800027,omni_fleet_no_gate,4.159692038754126,0.999774507335529,0.9986111111111111,0.0,0.0,0.0,2,11,4,1,0,87618456a20f2c2b
planetlab,800028,k8s_hpa60_ca,8.86089802631573,1.0000000000000007,1.0,0.0,0.0,0.0,2,11,4,0,0,5f1a0981c627148a
planetlab,800028,k8s_hpa70_ca,8.635898026315731,1.0000000000000007,1.0,0.0,0.0,0.0,2,11,4,0,0,f97c030f25aaf2ed
planetlab,800028,k8s_hpa80_ca,8.417898026315727,1.0000000000000013,1.0,0.0,0.0,0.0,1,10,2,0,0,6850f48e267a7de0
planetlab,800028,k8s_hpa70_karpenter,6.648898026315752,1.0000000000000007,1.0,0.0,0.0,0.0,2,11,4,0,0,3e8015ad6a2fe488
planetlab,800028,omni_observe,8.635898026315731,1.0000000000000007,1.0,0.0,0.0,0.0,2,11,4,0,0,f97c030f25aaf2ed
planetlab,800028,omni_target,8.475898026315718,1.000000000000002,0.9972222222222222,0.0,0.0,0.0,2,11,4,0,0,8cd142658f9dc79e
planetlab,800028,omni_fleet,5.53292133866161,0.9999999999999968,1.0,0.0,0.0,0.0,3,11,5,2,0,ffd95a423ec9e0f3
planetlab,800028,omni_fleet_balanced,5.7705013386616075,0.9999999999999968,1.0,0.0,0.0,0.0,3,11,5,3,0,066fc608240f7723
planetlab,800028,omni_fleet_wear,6.212441338661619,0.9999999999999968,1.0,0.0,0.0,0.0,3,11,5,2,0,e87d26c1b8d89ef7
planetlab,800028,omni_fleet_park,8.587010728053027,0.9999999999999968,1.0,0.0,0.0,0.0,0,0,0,2,14,ffd95a423ec9e0f3
planetlab,800028,omni_fleet_no_dynamics,5.556000936780459,0.9998115846720713,1.0,0.0,0.0,0.0,2,11,4,1,0,ec6bf8964fd03b29
planetlab,800028,omni_fleet_no_gate,5.53292133866161,0.9999999999999968,1.0,0.0,0.0,0.0,3,11,5,2,0,ffd95a423ec9e0f3
planetlab,800029,k8s_hpa60_ca,6.8876570723684285,0.9999999999999999,1.0,0.0,0.0,0.0,0,9,0,0,0,7c229fc9da4ad748
planetlab,800029,k8s_hpa70_ca,6.887657072368429,0.9999999999999999,1.0,0.0,0.0,0.0,0,9,0,0,0,60cd3b1e2c4acc9e
planetlab,800029,k8s_hpa80_ca,6.88765707236843,0.9999999999999999,1.0,0.0,0.0,0.0,0,9,0,0,0,1996759a32b4653d
planetlab,800029,k8s_hpa70_karpenter,5.1686570723684,0.9999999999999999,1.0,0.0,0.0,0.0,0,9,0,0,0,e5846c632268bc03
planetlab,800029,omni_observe,6.887657072368429,0.9999999999999999,1.0,0.0,0.0,0.0,0,9,0,0,0,60cd3b1e2c4acc9e
planetlab,800029,omni_target,6.887657072368456,0.9999999999999989,1.0,0.0,0.0,0.0,0,9,0,0,0,4223424f83648931
planetlab,800029,omni_fleet,3.7998527663445483,0.9999835024333624,1.0,0.0,0.0,0.0,0,9,0,0,0,a673839a1aad53f9
planetlab,800029,omni_fleet_balanced,4.0243527663445375,0.9999835024333624,1.0,0.0,0.0,0.0,0,9,0,0,0,23b679ab8d7a806b
planetlab,800029,omni_fleet_wear,4.494632766344552,0.9999835024333624,1.0,0.0,0.0,0.0,0,9,0,0,0,e96421549eaca5b5
planetlab,800029,omni_fleet_park,6.994602766344604,0.9999835024333624,1.0,0.0,0.0,0.0,0,0,0,0,9,265bc482081bbc4d
planetlab,800029,omni_fleet_no_dynamics,3.8101623808593525,0.999983502433362,1.0,0.0,0.0,0.0,0,9,0,0,0,31ae3accc344487b
planetlab,800029,omni_fleet_no_gate,3.7998527663445483,0.9999835024333624,1.0,0.0,0.0,0.0,0,9,0,0,0,a673839a1aad53f9
