profile,vessel,baseline,nodes,node_avg_kw,pue,usd_per_kwh,kg_co2_per_kwh,reduction_low,reduction_mid,reduction_high
cluster_1k_nodes,web,HPA 0.7 + Karpenter-lite,1000.0,0.4,1.4,0.12,0.4,0.14459478230078857,0.1691831947393437,0.1953920778637203
cluster_1k_nodes,multi,HPA 0.7 + Karpenter-lite,1000.0,0.4,1.4,0.12,0.4,0.15307493077220385,0.1662823069634603,0.1794597638385284
cluster_1k_nodes,batch,HPA 0.7 + Karpenter-lite,1000.0,0.4,1.4,0.12,0.4,0.0857207276162881,0.0974616570052735,0.10881932148082218
cluster_1k_nodes,gpu,HPA 0.7 + Karpenter-lite,1000.0,6.0,1.4,0.12,0.4,0.02111686483071224,0.027136574353324634,0.03323477298489232
cluster_1k_nodes,gpu_always_on,HPA 0.7 + Karpenter-lite,1000.0,6.0,1.4,0.12,0.4,0.02483779749165708,0.03216000151380083,0.04002301683780299
cluster_1k_nodes,planetlab_shapes,HPA 0.7 + Karpenter-lite,1000.0,0.4,1.4,0.12,0.4,0.20568063331718006,0.21653196520382736,0.22572893504705713
fleet_100k_nodes,web,HPA 0.7 + Karpenter-lite,100000.0,0.4,1.3,0.08,0.4,0.14459478230078857,0.1691831947393437,0.1953920778637203
fleet_100k_nodes,multi,HPA 0.7 + Karpenter-lite,100000.0,0.4,1.3,0.08,0.4,0.15307493077220385,0.1662823069634603,0.1794597638385284
fleet_100k_nodes,batch,HPA 0.7 + Karpenter-lite,100000.0,0.4,1.3,0.08,0.4,0.0857207276162881,0.0974616570052735,0.10881932148082218
fleet_100k_nodes,gpu,HPA 0.7 + Karpenter-lite,100000.0,6.0,1.3,0.08,0.4,0.02111686483071224,0.027136574353324634,0.03323477298489232
fleet_100k_nodes,gpu_always_on,HPA 0.7 + Karpenter-lite,100000.0,6.0,1.3,0.08,0.4,0.02483779749165708,0.03216000151380083,0.04002301683780299
fleet_100k_nodes,planetlab_shapes,HPA 0.7 + Karpenter-lite,100000.0,0.4,1.3,0.08,0.4,0.20568063331718006,0.21653196520382736,0.22572893504705713
