profile,vessel,baseline,baseline_mwh_per_year,saved_mwh_low,saved_mwh_mid,saved_mwh_high,saved_usd_low,saved_usd_mid,saved_usd_high,saved_tco2_low,saved_tco2_mid,saved_tco2_high
cluster_1k_nodes,web,HPA 0.7 + Karpenter-lite,4905.6000000000004,709.32416405474839,829.94508011332459,958.51537716826635,85118.899686569814,99593.409613598938,115021.84526019194,283.72966562189941,331.97803204532983,383.40615086730656
cluster_1k_nodes,multi,HPA 0.7 + Karpenter-lite,4905.6000000000004,750.9243803961233,815.71448503995089,880.35781748628506,90110.925647534794,97885.738204794106,105642.93809835419,300.36975215844933,326.2857940159804,352.14312699451403
cluster_1k_nodes,batch,HPA 0.7 + Karpenter-lite,4905.6000000000004,420.51160139446296,478.10790460506968,533.82406345632137,50461.392167335551,57372.948552608359,64058.887614758554,168.20464055778518,191.24316184202789,213.52962538252854
cluster_1k_nodes,gpu,HPA 0.7 + Karpenter-lite,73584,1553.8633817031296,1996.8176872150398,2445.5475353203169,186463.60580437555,239618.12246580477,293465.70423843799,621.54535268125187,798.727074886016,978.21901412812679
cluster_1k_nodes,gpu_always_on,HPA 0.7 + Karpenter-lite,73584,1827.6644906260947,2366.4615513915201,2945.0536709928951,219319.73887513136,283975.38616698241,353406.44051914744,731.06579625043787,946.58462055660812,1178.0214683971581
cluster_1k_nodes,planetlab_shapes,HPA 0.7 + Karpenter-lite,4905.6000000000004,1008.9869148007585,1062.2192085038955,1107.3358637668434,121078.42977609103,127466.30502046747,132880.30365202122,403.59476592030347,424.88768340155826,442.93434550673743
fleet_100k_nodes,web,HPA 0.7 + Karpenter-lite,455520,65865.815233655201,77066.328867665841,89004.999308481871,5269265.2186924163,6165306.3094132673,7120399.9446785497,26346.326093462081,30826.531547066337,35601.999723392742
fleet_100k_nodes,multi,HPA 0.7 + Karpenter-lite,455520,69728.692465354296,75744.916467995441,81747.511623726459,5578295.3972283443,6059593.3174396353,6539800.9298981167,27891.476986141719,30297.966587198174,32699.004649490584
fleet_100k_nodes,batch,HPA 0.7 + Karpenter-lite,455520,39047.505843771556,44395.733999042182,49569.377320944121,3123800.4675017246,3551658.7199233747,3965550.1856755298,15619.002337508622,17758.293599616874,19827.750928377649
fleet_100k_nodes,gpu,HPA 0.7 + Karpenter-lite,6832800,144287.31401529061,185418.78524139654,227086.55685117227,11542985.121223249,14833502.819311725,18166924.548093781,57714.925606116238,74167.514096558618,90834.622740468913
fleet_100k_nodes,gpu_always_on,HPA 0.7 + Karpenter-lite,6832800,169711.7027009945,219742.85834349832,273469.26944934024,13576936.216079561,17579428.667479865,21877541.555947222,67884.681080397801,87897.14333739932,109387.7077797361
fleet_100k_nodes,planetlab_shapes,HPA 0.7 + Karpenter-lite,455520,93691.642088641864,98634.640789647441,102824.04449263547,7495331.3670913493,7890771.2631717948,8225923.5594108375,37476.656835456743,39453.856315858975,41129.617797054183
