realm,area,control,system,setting,kind,source,checked
spine,power,hierarchical power budget (row / PDU / switchboard controllers),Meta Dynamo,leaf and upper controllers capping server groups to the breaker limit (high-bucket-first),power,https://research.facebook.com/publications/dynamo-facebooks-data-center-wide-power-management-system/,web
spine,power,priority-aware capping (throttle low priority first),Google Thunderbolt / ASPLOS 2020,suspend or throttle low-priority tasks before high-priority ones,admission,https://research.google/pubs/data-center-power-oversubscription-with-a-medium-voltage-power-plane-and-priority-aware-capping/,web
spine,cpu,core packing,Google power capping,pack threads onto a subset of cores (idle the rest),capacity,https://research.google/pubs/data-center-power-oversubscription-with-a-medium-voltage-power-plane-and-priority-aware-capping/,web
spine,power,power oversubscription with prediction,Microsoft Azure (ATC 2021) / Flex (ISCA 2021),cap by predicted criticality and utilisation; rack and row capping,power,https://www.usenix.org/conference/atc21/presentation/kumbhare,web
spine,vm,VM CPU cap by priority,Azure Flex / hypervisors,hypervisor CPU cap (e.g. Hyper-V / KVM cpu quota) on non-critical VMs,power,https://www.microsoft.com/en-us/research/project/power-capping/,web
spine,cpu,per-pod CPU frequency range and C-state access,Intel Kubernetes Power Manager (StarlingX),PowerProfile min/max frequency governor; C-state limits per core,power,https://docs.starlingx.io/node_management/kubernetes/configurable-power-manager-04c24b536696.html,web
spine,cpu,uncore frequency per node,Intel Power Optimization Library,uncore min/max frequency,power,https://github.com/intel/power-optimization-library,web
spine,gpu,group power limit,NVIDIA DCGM,dcgmi config --set -P <watts> -g <group> (persists across resets),power,https://docs.nvidia.com/datacenter/dcgm/latest/reference/command-line-reference/dcgmi/dcgmi-config.html,web
spine,gpu,sync boost,NVIDIA DCGM,dcgmi config sync boost across GPUs in a group,power,https://docs.nvidia.com/datacenter/dcgm/latest/user-guide/feature-overview.html,web
spine,gpu,target clocks,NVIDIA DCGM,dcgmi config target clocks (fixed clocks),power,https://docs.nvidia.com/datacenter/dcgm/latest/user-guide/feature-overview.html,web
spine,observe,per-pod energy attribution,Kepler (CNCF),eBPF + RAPL/ACPI/NVML energy per process / container / pod (Prometheus),observe,https://www.cncf.io/blog/2023/10/11/exploring-keplers-potentials-unveiling-cloud-application-power-consumption/,web
spine,vm,warm pool,AWS EC2 Auto Scaling,PutWarmPool (pre-initialised stopped instances),capacity,https://docs.aws.amazon.com/AutoScaling/latest/APIReference/API_PutWarmPool.html,web
spine,vm,predictive scaling,AWS EC2 Auto Scaling,PredictiveScalingConfiguration (forecast mode),capacity,https://docs.aws.amazon.com/autoscaling/ec2/userguide/,web
spine,vm,instance refresh,AWS EC2 Auto Scaling,StartInstanceRefresh (rolling replacement),protect,https://docs.aws.amazon.com/autoscaling/ec2/userguide/,web
spine,cooling,chiller plant supervisory control (RL with safety layer),Google / DeepMind / Trane,chiller staging and setpoints proposed by a model and filtered by a safety module under operator supervision,setpoint,https://blog.google/inside-google/infrastructure/safety-first-ai-autonomous-data-center-cooling-and-industrial-control/,web
r4,telecom,cell on/off switching with traffic steering first,O-RAN (energy saving rApp + TS xApp),offload users then switch cell or carrier off; rApp sets xApp thresholds over A1,capacity,https://arxiv.org/pdf/2409.19807,web
r1,admission,adaptive concurrency limit,Netflix concurrency-limits / Uber Cinnamon,in-flight limit adjusted from latency (TCP Vegas / gradient),admission,https://www.uber.com/blog/cinnamon-auto-tuner-adaptive-concurrency-in-the-wild,web
r1,admission,priority request queue under limit,Uber Cinnamon,priority queue drained within the adaptive limit,admission,https://www.uber.com/blog/cinnamon-auto-tuner-adaptive-concurrency-in-the-wild,web
