2026/10/02 08:35:39.069, 0, 23.54, 48, 0, 150.00, 210, 150.00, 0x0000000000000001
2026/10/02 08:35:39.279, 0, 23.54, 48, 0, 150.00, 210, 150.00, 0x0000000000000001
2026/10/02 08:35:39.479, 0, 23.59, 48, 0, 150.00, 210, 150.00, 0x0000000000000001
2026/10/02 08:35:39.680, 0, 23.59, 48, 0, 150.00, 210, 150.00, 0x0000000000000001
2026/10/02 08:35:39.881, 0, 23.59, 48, 0, 150.00, 210, 150.00, 0x0000000000000001
2026/10/02 08:35:40.082, 0, 23.59, 48, 0, 150.00, 210, 150.00, 0x0000000000000001
2026/10/02 08:35:40.282, 0, 23.59, 48, 0, 150.00, 210, 150.00, 0x0000000000000001
2026/10/02 08:35:40.502, 0, 27.48, 48, 3, 150.00, 1695, 150.00, 0x0000000000000000
2026/10/02 08:35:40.703, 0, 32.80, 49, 5, 150.00, 1695, 150.00, 0x0000000000000000
2026/10/02 08:35:40.903, 0, 36.66, 49, 0, 150.00, 1695, 150.00, 0x0000000000000000
2026/10/02 08:35:41.104, 0, 45.94, 50, 0, 150.00, 1680, 150.00, 0x0000000000000004
2026/10/02 08:35:41.304, 0, 47.60, 49, 0, 150.00, 1680, 150.00, 0x0000000000000004
2026/10/02 08:35:41.505, 0, 71.80, 49, 0, 150.00, 1695, 150.00, 0x0000000000000000
2026/10/02 08:35:41.705, 0, 71.32, 50, 0, 150.00, 1680, 150.00, 0x0000000000000004
2026/10/02 08:35:41.906, 0, 74.23, 51, 59, 150.00, 1470, 150.00, 0x0000000000000004
2026/10/02 08:35:42.106, 0, 63.81, 50, 0, 150.00, 1680, 150.00, 0x0000000000000004
2026/10/02 08:35:42.307, 0, 84.64, 52, 100, 150.00, 930, 150.00, 0x0000000000000004
2026/10/02 08:35:42.507, 0, 81.98, 50, 0, 150.00, 1680, 150.00, 0x0000000000000004
2026/10/02 08:35:42.707, 0, 82.24, 50, 0, 150.00, 1695, 150.00, 0x0000000000000004
2026/10/02 08:35:42.908, 0, 82.36, 50, 0, 150.00, 1695, 150.00, 0x0000000000000000
2026/10/02 08:35:43.108, 0, 90.41, 50, 2, 150.00, 1680, 150.00, 0x0000000000000004
2026/10/02 08:35:43.309, 0, 79.98, 50, 0, 150.00, 1680, 150.00, 0x0000000000000004
2026/10/02 08:35:43.510, 0, 81.26, 51, 0, 150.00, 1680, 150.00, 0x0000000000000004
2026/10/02 08:35:43.710, 0, 81.31, 50, 0, 150.00, 1680, 150.00, 0x0000000000000004
2026/10/02 08:35:43.911, 0, 81.30, 50, 0, 150.00, 1695, 150.00, 0x0000000000000000
2026/10/02 08:35:44.111, 0, 70.17, 50, 0, 150.00, 1695, 150.00, 0x0000000000000000
2026/10/02 08:35:44.311, 0, 82.99, 51, 40, 150.00, 1635, 150.00, 0x0000000000000004
2026/10/02 08:35:44.512, 0, 74.11, 50, 0, 150.00, 1680, 150.00, 0x0000000000000004
2026/10/02 08:35:44.712, 0, 74.50, 50, 0, 150.00, 1695, 150.00, 0x0000000000000000
2026/10/02 08:35:44.913, 0, 81.82, 52, 95, 150.00, 870, 150.00, 0x0000000000000004
2026/10/02 08:35:45.113, 0, 80.88, 51, 0, 150.00, 1680, 150.00, 0x0000000000000004
2026/10/02 08:35:45.314, 0, 81.30, 51, 36, 150.00, 1650, 150.00, 0x0000000000000004
2026/10/02 08:35:45.514, 0, 104.82, 53, 100, 150.00, 840, 150.00, 0x0000000000000004
2026/10/02 08:35:45.715, 0, 118.63, 54, 45, 150.00, 1050, 150.00, 0x0000000000000004
2026/10/02 08:35:45.916, 0, 126.75, 52, 47, 150.00, 1635, 150.00, 0x0000000000000004
2026/10/02 08:35:46.116, 0, 125.73, 52, 61, 150.00, 1575, 150.00, 0x0000000000000004
2026/10/02 08:35:46.317, 0, 105.20, 51, 0, 150.00, 1680, 150.00, 0x0000000000000004
2026/10/02 08:35:46.517, 0, 92.81, 52, 60, 150.00, 1515, 150.00, 0x0000000000000004
2026/10/02 08:35:46.717, 0, 84.11, 51, 0, 150.00, 1680, 150.00, 0x0000000000000004
2026/10/02 08:35:46.918, 0, 77.26, 53, 38, 150.00, 900, 150.00, 0x0000000000000004
2026/10/02 08:35:47.118, 0, 77.57, 51, 0, 150.00, 1680, 150.00, 0x0000000000000004
2026/10/02 08:35:47.319, 0, 78.16, 51, 0, 150.00, 1695, 150.00, 0x0000000000000004
2026/10/02 08:35:47.519, 0, 78.29, 51, 0, 150.00, 1695, 150.00, 0x0000000000000000
2026/10/02 08:35:47.720, 0, 93.42, 54, 100, 150.00, 825, 150.00, 0x0000000000000004
2026/10/02 08:35:47.921, 0, 110.38, 54, 100, 150.00, 840, 150.00, 0x0000000000000004
2026/10/02 08:35:48.121, 0, 109.59, 54, 28, 150.00, 705, 150.00, 0x0000000000000004
2026/10/02 08:35:48.322, 0, 135.85, 55, 61, 150.00, 900, 150.00, 0x0000000000000004
2026/10/02 08:35:48.522, 0, 135.00, 53, 0, 150.00, 1185, 150.00, 0x0000000000000004
2026/10/02 08:35:48.723, 0, 127.33, 52, 0, 150.00, 1680, 150.00, 0x0000000000000004
2026/10/02 08:35:48.923, 0, 109.63, 52, 0, 150.00, 1680, 150.00, 0x0000000000000004
2026/10/02 08:35:49.124, 0, 89.68, 52, 59, 150.00, 1575, 150.00, 0x0000000000000004
2026/10/02 08:35:49.324, 0, 75.27, 52, 0, 150.00, 1680, 150.00, 0x0000000000000004
2026/10/02 08:35:49.525, 0, 61.36, 52, 0, 150.00, 1695, 150.00, 0x0000000000000000
2026/10/02 08:35:49.725, 0, 61.32, 53, 4, 150.00, 735, 150.00, 0x0000000000000000
2026/10/02 08:35:49.926, 0, 69.33, 53, 37, 150.00, 1650, 150.00, 0x0000000000000004
2026/10/02 08:35:50.126, 0, 69.26, 52, 0, 150.00, 1680, 150.00, 0x0000000000000004
2026/10/02 08:35:50.327, 0, 87.28, 54, 90, 150.00, 825, 150.00, 0x0000000000000004
2026/10/02 08:35:50.527, 0, 89.04, 52, 0, 150.00, 1680, 150.00, 0x0000000000000004
2026/10/02 08:35:50.727, 0, 98.01, 54, 54, 150.00, 1260, 150.00, 0x0000000000000004
2026/10/02 08:35:50.928, 0, 102.35, 54, 20, 150.00, 795, 150.00, 0x0000000000000004
2026/10/02 08:35:51.128, 0, 106.36, 53, 0, 150.00, 1680, 150.00, 0x0000000000000004
2026/10/02 08:35:51.329, 0, 107.66, 54, 22, 150.00, 675, 150.00, 0x0000000000000004
2026/10/02 08:35:51.529, 0, 106.80, 53, 20, 150.00, 1665, 150.00, 0x0000000000000004
2026/10/02 08:35:51.730, 0, 121.06, 54, 26, 150.00, 690, 150.00, 0x0000000000000004
2026/10/02 08:35:51.930, 0, 95.12, 53, 0, 150.00, 1680, 150.00, 0x0000000000000004
2026/10/02 08:35:52.131, 0, 96.51, 53, 0, 150.00, 1335, 150.00, 0x0000000000000004
2026/10/02 08:35:52.331, 0, 97.05, 53, 0, 150.00, 1680, 150.00, 0x0000000000000004
2026/10/02 08:35:52.532, 0, 74.50, 53, 57, 150.00, 1035, 150.00, 0x0000000000000004
2026/10/02 08:35:52.732, 0, 84.31, 55, 14, 150.00, 585, 150.00, 0x0000000000000004
2026/10/02 08:35:52.933, 0, 69.79, 53, 0, 150.00, 1680, 150.00, 0x0000000000000004
2026/10/02 08:35:53.133, 0, 83.66, 53, 34, 150.00, 1650, 150.00, 0x0000000000000004
2026/10/02 08:35:53.334, 0, 83.00, 52, 0, 150.00, 1680, 150.00, 0x0000000000000004
2026/10/02 08:35:53.534, 0, 106.42, 55, 91, 150.00, 1365, 150.00, 0x0000000000000004
2026/10/02 08:35:53.735, 0, 107.38, 53, 0, 150.00, 1680, 150.00, 0x0000000000000004
2026/10/02 08:35:53.935, 0, 104.09, 55, 71, 150.00, 795, 150.00, 0x0000000000000004
2026/10/02 08:35:54.136, 0, 108.38, 55, 83, 150.00, 1035, 150.00, 0x0000000000000004
2026/10/02 08:35:54.336, 0, 108.76, 53, 0, 150.00, 1680, 150.00, 0x0000000000000004
2026/10/02 08:35:54.537, 0, 103.11, 53, 46, 150.00, 1635, 150.00, 0x0000000000000004
2026/10/02 08:35:54.737, 0, 95.17, 53, 0, 150.00, 1350, 150.00, 0x0000000000000004
2026/10/02 08:35:54.938, 0, 109.85, 55, 44, 150.00, 750, 150.00, 0x0000000000000004
2026/10/02 08:35:55.138, 0, 104.64, 54, 0, 150.00, 1680, 150.00, 0x0000000000000004
2026/10/02 08:35:55.339, 0, 111.07, 55, 100, 150.00, 840, 150.00, 0x0000000000000004
2026/10/02 08:35:55.539, 0, 108.83, 54, 8, 150.00, 1680, 150.00, 0x0000000000000004
2026/10/02 08:35:55.740, 0, 132.43, 55, 100, 150.00, 1380, 150.00, 0x0000000000000004
2026/10/02 08:35:55.940, 0, 131.51, 54, 0, 150.00, 1680, 150.00, 0x0000000000000004
2026/10/02 08:35:56.141, 0, 116.84, 55, 10, 150.00, 645, 150.00, 0x0000000000000004
2026/10/02 08:35:56.341, 0, 106.86, 53, 0, 150.00, 1680, 150.00, 0x0000000000000004
2026/10/02 08:35:56.542, 0, 104.87, 54, 18, 150.00, 1665, 150.00, 0x0000000000000004
2026/10/02 08:35:56.742, 0, 100.65, 54, 2, 150.00, 1680, 150.00, 0x0000000000000004
2026/10/02 08:35:56.943, 0, 119.36, 56, 44, 150.00, 690, 150.00, 0x0000000000000004
2026/10/02 08:35:57.143, 0, 118.48, 54, 0, 150.00, 1680, 150.00, 0x0000000000000004
2026/10/02 08:35:57.344, 0, 111.94, 53, 0, 150.00, 1695, 150.00, 0x0000000000000004
2026/10/02 08:35:57.544, 0, 97.58, 53, 0, 150.00, 1695, 150.00, 0x0000000000000000
2026/10/02 08:35:57.745, 0, 96.49, 54, 12, 150.00, 675, 150.00, 0x0000000000000000
2026/10/02 08:35:57.945, 0, 100.80, 55, 100, 150.00, 1275, 150.00, 0x0000000000000004
2026/10/02 08:35:58.146, 0, 87.04, 54, 0, 150.00, 1680, 150.00, 0x0000000000000004
2026/10/02 08:35:58.346, 0, 87.04, 53, 0, 150.00, 1695, 150.00, 0x0000000000000004
2026/10/02 08:35:58.547, 0, 109.46, 55, 100, 150.00, 1125, 150.00, 0x0000000000000004
2026/10/02 08:35:58.747, 0, 108.91, 54, 0, 150.00, 1680, 150.00, 0x0000000000000004
2026/10/02 08:35:58.948, 0, 92.57, 54, 59, 150.00, 1560, 150.00, 0x0000000000000004
2026/10/02 08:35:59.148, 0, 84.54, 53, 0, 150.00, 1680, 150.00, 0x0000000000000004
2026/10/02 08:35:59.349, 0, 107.57, 55, 100, 150.00, 1260, 150.00, 0x0000000000000004
2026/10/02 08:35:59.549, 0, 92.92, 54, 0, 150.00, 1680, 150.00, 0x0000000000000004
2026/10/02 08:35:59.750, 0, 98.66, 54, 34, 150.00, 1650, 150.00, 0x0000000000000004
2026/10/02 08:35:59.950, 0, 109.54, 55, 55, 150.00, 1260, 150.00, 0x0000000000000004
2026/10/02 08:36:00.151, 0, 124.51, 55, 33, 150.00, 675, 150.00, 0x0000000000000004
2026/10/02 08:36:00.351, 0, 108.62, 54, 0, 150.00, 1680, 150.00, 0x0000000000000004
2026/10/02 08:36:00.552, 0, 105.98, 55, 7, 150.00, 675, 150.00, 0x0000000000000004
2026/10/02 08:36:00.752, 0, 90.61, 54, 0, 150.00, 1680, 150.00, 0x0000000000000004
2026/10/02 08:36:00.952, 0, 91.52, 53, 0, 150.00, 1680, 150.00, 0x0000000000000004
2026/10/02 08:36:01.153, 0, 81.00, 55, 4, 150.00, 720, 150.00, 0x0000000000000000
2026/10/02 08:36:01.353, 0, 65.56, 54, 0, 150.00, 1680, 150.00, 0x0000000000000004
2026/10/02 08:36:01.554, 0, 65.63, 53, 0, 150.00, 1680, 150.00, 0x0000000000000004
2026/10/02 08:36:01.754, 0, 61.74, 53, 0, 150.00, 1695, 150.00, 0x0000000000000000
2026/10/02 08:36:01.955, 0, 77.15, 55, 31, 150.00, 690, 150.00, 0x0000000000000000
2026/10/02 08:36:02.155, 0, 76.25, 53, 0, 150.00, 1680, 150.00, 0x0000000000000004
2026/10/02 08:36:02.356, 0, 77.11, 53, 0, 150.00, 1695, 150.00, 0x0000000000000004
2026/10/02 08:36:02.556, 0, 91.18, 54, 30, 150.00, 1650, 150.00, 0x0000000000000004
2026/10/02 08:36:02.757, 0, 91.16, 53, 0, 150.00, 1680, 150.00, 0x0000000000000004
2026/10/02 08:36:02.957, 0, 99.31, 54, 75, 150.00, 1560, 150.00, 0x0000000000000004
2026/10/02 08:36:03.158, 0, 84.74, 54, 0, 150.00, 1680, 150.00, 0x0000000000000004
2026/10/02 08:36:03.358, 0, 84.85, 53, 0, 150.00, 1695, 150.00, 0x0000000000000000
2026/10/02 08:36:03.558, 0, 70.07, 53, 0, 150.00, 1695, 150.00, 0x0000000000000000
2026/10/02 08:36:03.759, 0, 84.92, 54, 34, 150.00, 1650, 150.00, 0x0000000000000004
2026/10/02 08:36:03.960, 0, 84.47, 55, 100, 150.00, 855, 150.00, 0x0000000000000004
2026/10/02 08:36:04.160, 0, 91.07, 55, 61, 150.00, 1440, 150.00, 0x0000000000000004
2026/10/02 08:36:04.360, 0, 88.24, 54, 0, 150.00, 1680, 150.00, 0x0000000000000004
2026/10/02 08:36:04.561, 0, 88.24, 54, 0, 150.00, 1695, 150.00, 0x0000000000000004
2026/10/02 08:36:04.761, 0, 89.23, 56, 94, 150.00, 795, 150.00, 0x0000000000000004
2026/10/02 08:36:04.962, 0, 89.18, 54, 0, 150.00, 1680, 150.00, 0x0000000000000004
2026/10/02 08:36:05.162, 0, 97.69, 56, 41, 150.00, 735, 150.00, 0x0000000000000004
2026/10/02 08:36:05.363, 0, 91.83, 54, 0, 150.00, 1680, 150.00, 0x0000000000000004
2026/10/02 08:36:05.563, 0, 113.02, 56, 88, 150.00, 1365, 150.00, 0x0000000000000004
2026/10/02 08:36:05.764, 0, 104.71, 54, 0, 150.00, 1680, 150.00, 0x0000000000000004
2026/10/02 08:36:05.964, 0, 97.81, 54, 0, 150.00, 1695, 150.00, 0x0000000000000004
2026/10/02 08:36:06.165, 0, 86.97, 55, 60, 150.00, 1470, 150.00, 0x0000000000000004
2026/10/02 08:36:06.365, 0, 86.46, 54, 0, 150.00, 1680, 150.00, 0x0000000000000004
2026/10/02 08:36:06.566, 0, 88.55, 55, 41, 150.00, 885, 150.00, 0x0000000000000004
2026/10/02 08:36:06.766, 0, 90.02, 55, 78, 150.00, 1140, 150.00, 0x0000000000000004
2026/10/02 08:36:06.967, 0, 93.86, 55, 0, 150.00, 1680, 150.00, 0x0000000000000004
2026/10/02 08:36:07.167, 0, 93.82, 54, 0, 150.00, 1680, 150.00, 0x0000000000000004
2026/10/02 08:36:07.368, 0, 99.86, 56, 85, 150.00, 1005, 150.00, 0x0000000000000004
2026/10/02 08:36:07.568, 0, 98.32, 55, 60, 150.00, 1635, 150.00, 0x0000000000000004
2026/10/02 08:36:07.769, 0, 74.95, 54, 0, 150.00, 1680, 150.00, 0x0000000000000004
2026/10/02 08:36:07.969, 0, 69.78, 54, 0, 150.00, 1695, 150.00, 0x0000000000000000
2026/10/02 08:36:08.170, 0, 70.17, 54, 0, 150.00, 1140, 150.00, 0x0000000000000000
2026/10/02 08:36:08.370, 0, 78.29, 55, 75, 150.00, 1620, 150.00, 0x0000000000000004
2026/10/02 08:36:08.571, 0, 71.97, 55, 59, 150.00, 1590, 150.00, 0x0000000000000004
2026/10/02 08:36:08.771, 0, 73.91, 55, 55, 150.00, 1425, 150.00, 0x0000000000000004
2026/10/02 08:36:08.972, 0, 82.62, 55, 0, 150.00, 1680, 150.00, 0x0000000000000004
2026/10/02 08:36:09.172, 0, 82.61, 54, 0, 150.00, 1680, 150.00, 0x0000000000000004
2026/10/02 08:36:09.373, 0, 102.71, 56, 65, 150.00, 1320, 150.00, 0x0000000000000004
2026/10/02 08:36:09.573, 0, 101.77, 54, 0, 150.00, 1680, 150.00, 0x0000000000000004
2026/10/02 08:36:09.774, 0, 98.08, 54, 0, 150.00, 1695, 150.00, 0x0000000000000004
2026/10/02 08:36:09.974, 0, 101.68, 55, 40, 150.00, 1665, 150.00, 0x0000000000000004
2026/10/02 08:36:10.175, 0, 101.93, 54, 0, 150.00, 1680, 150.00, 0x0000000000000004
2026/10/02 08:36:10.375, 0, 86.96, 54, 0, 150.00, 1695, 150.00, 0x0000000000000000
2026/10/02 08:36:10.575, 0, 74.90, 54, 0, 150.00, 1695, 150.00, 0x0000000000000000
2026/10/02 08:36:10.776, 0, 89.67, 55, 26, 150.00, 900, 150.00, 0x0000000000000000
2026/10/02 08:36:10.976, 0, 86.93, 56, 23, 150.00, 690, 150.00, 0x0000000000000004
2026/10/02 08:36:11.177, 0, 93.07, 56, 66, 150.00, 810, 150.00, 0x0000000000000004
2026/10/02 08:36:11.377, 0, 109.61, 57, 100, 150.00, 840, 150.00, 0x0000000000000004
2026/10/02 08:36:11.578, 0, 126.31, 57, 100, 150.00, 810, 150.00, 0x0000000000000004
2026/10/02 08:36:11.778, 0, 142.92, 58, 100, 150.00, 795, 150.00, 0x0000000000000004
2026/10/02 08:36:11.979, 0, 133.36, 57, 100, 150.00, 795, 150.00, 0x0000000000000004
2026/10/02 08:36:12.180, 0, 148.73, 58, 100, 150.00, 795, 150.00, 0x0000000000000004
2026/10/02 08:36:12.380, 0, 150.54, 57, 100, 150.00, 1485, 150.00, 0x0000000000000004
2026/10/02 08:36:12.581, 0, 137.19, 57, 60, 150.00, 765, 150.00, 0x0000000000000004
2026/10/02 08:36:12.781, 0, 135.16, 58, 100, 150.00, 1140, 150.00, 0x0000000000000004
2026/10/02 08:36:12.982, 0, 117.86, 56, 0, 150.00, 1680, 150.00, 0x0000000000000004
2026/10/02 08:36:13.182, 0, 104.70, 55, 0, 150.00, 960, 150.00, 0x0000000000000004
2026/10/02 08:36:13.383, 0, 104.44, 57, 100, 150.00, 825, 150.00, 0x0000000000000004
2026/10/02 08:36:13.583, 0, 112.91, 58, 100, 150.00, 840, 150.00, 0x0000000000000004
2026/10/02 08:36:13.784, 0, 105.09, 57, 66, 150.00, 720, 150.00, 0x0000000000000004
2026/10/02 08:36:13.984, 0, 100.23, 57, 65, 150.00, 1380, 150.00, 0x0000000000000004
2026/10/02 08:36:14.185, 0, 112.37, 58, 6, 150.00, 705, 150.00, 0x0000000000000004
2026/10/02 08:36:14.385, 0, 120.69, 58, 100, 150.00, 1425, 150.00, 0x0000000000000004
2026/10/02 08:36:14.586, 0, 114.83, 57, 26, 150.00, 1680, 150.00, 0x0000000000000004
2026/10/02 08:36:14.786, 0, 122.55, 56, 28, 150.00, 855, 150.00, 0x0000000000000004
2026/10/02 08:36:14.987, 0, 130.51, 58, 63, 150.00, 1530, 150.00, 0x0000000000000004
2026/10/02 08:36:15.187, 0, 119.34, 56, 0, 150.00, 1680, 150.00, 0x0000000000000004
2026/10/02 08:36:15.388, 0, 121.10, 57, 17, 150.00, 900, 150.00, 0x0000000000000004
2026/10/02 08:36:15.588, 0, 97.35, 56, 0, 150.00, 1680, 150.00, 0x0000000000000004
2026/10/02 08:36:15.789, 0, 98.15, 57, 33, 150.00, 1050, 150.00, 0x0000000000000004
2026/10/02 08:36:15.989, 0, 114.61, 58, 33, 150.00, 915, 150.00, 0x0000000000000004
2026/10/02 08:36:16.190, 0, 109.33, 56, 0, 150.00, 645, 150.00, 0x0000000000000004
2026/10/02 08:36:16.390, 0, 115.71, 58, 82, 150.00, 825, 150.00, 0x0000000000000004
2026/10/02 08:36:16.591, 0, 121.53, 58, 48, 150.00, 705, 150.00, 0x0000000000000004
2026/10/02 08:36:16.791, 0, 115.32, 57, 0, 150.00, 1680, 150.00, 0x0000000000000004
2026/10/02 08:36:16.992, 0, 105.69, 58, 46, 150.00, 1350, 150.00, 0x0000000000000004
2026/10/02 08:36:17.192, 0, 100.61, 58, 53, 150.00, 690, 150.00, 0x0000000000000004
2026/10/02 08:36:17.393, 0, 114.32, 58, 24, 150.00, 1065, 150.00, 0x0000000000000004
2026/10/02 08:36:17.593, 0, 98.15, 56, 0, 150.00, 1680, 150.00, 0x0000000000000004
2026/10/02 08:36:17.794, 0, 108.66, 56, 37, 150.00, 1665, 150.00, 0x0000000000000004
2026/10/02 08:36:17.994, 0, 108.65, 56, 0, 150.00, 1680, 150.00, 0x0000000000000004
2026/10/02 08:36:18.194, 0, 107.16, 58, 100, 150.00, 810, 150.00, 0x0000000000000004
2026/10/02 08:36:18.395, 0, 125.16, 58, 100, 150.00, 810, 150.00, 0x0000000000000004
2026/10/02 08:36:18.596, 0, 119.80, 57, 45, 150.00, 1665, 150.00, 0x0000000000000004
2026/10/02 08:36:18.796, 0, 115.54, 57, 4, 150.00, 1680, 150.00, 0x0000000000000004
2026/10/02 08:36:18.997, 0, 125.05, 57, 59, 150.00, 1530, 150.00, 0x0000000000000004
2026/10/02 08:36:19.197, 0, 137.59, 58, 81, 150.00, 1245, 150.00, 0x0000000000000004
2026/10/02 08:36:19.398, 0, 132.03, 58, 53, 150.00, 1425, 150.00, 0x0000000000000004
2026/10/02 08:36:19.598, 0, 132.47, 58, 88, 150.00, 1545, 150.00, 0x0000000000000004
2026/10/02 08:36:19.799, 0, 132.88, 58, 13, 150.00, 675, 150.00, 0x0000000000000004
2026/10/02 08:36:19.999, 0, 132.19, 57, 2, 150.00, 645, 150.00, 0x0000000000000004
2026/10/02 08:36:20.199, 0, 109.05, 58, 0, 150.00, 645, 150.00, 0x0000000000000004
2026/10/02 08:36:20.400, 0, 99.71, 58, 63, 150.00, 1050, 150.00, 0x0000000000000004
2026/10/02 08:36:20.601, 0, 89.99, 59, 100, 150.00, 810, 150.00, 0x0000000000000004
2026/10/02 08:36:20.801, 0, 96.75, 58, 43, 150.00, 855, 150.00, 0x0000000000000004
2026/10/02 08:36:21.002, 0, 103.28, 59, 100, 150.00, 1080, 150.00, 0x0000000000000004
2026/10/02 08:36:21.202, 0, 113.26, 58, 20, 150.00, 1680, 150.00, 0x0000000000000004
2026/10/02 08:36:21.402, 0, 114.00, 58, 0, 150.00, 705, 150.00, 0x0000000000000004
2026/10/02 08:36:21.603, 0, 105.67, 57, 0, 150.00, 690, 150.00, 0x0000000000000004
2026/10/02 08:36:21.803, 0, 93.65, 58, 54, 150.00, 1650, 150.00, 0x0000000000000004
2026/10/02 08:36:22.004, 0, 94.34, 59, 74, 150.00, 765, 150.00, 0x0000000000000004
2026/10/02 08:36:22.204, 0, 77.14, 58, 4, 150.00, 675, 150.00, 0x0000000000000004
2026/10/02 08:36:22.405, 0, 87.18, 59, 100, 150.00, 825, 150.00, 0x0000000000000004
2026/10/02 08:36:22.605, 0, 102.83, 59, 80, 150.00, 1500, 150.00, 0x0000000000000004
2026/10/02 08:36:22.806, 0, 103.82, 59, 58, 150.00, 1530, 150.00, 0x0000000000000004
2026/10/02 08:36:23.007, 0, 103.81, 58, 60, 150.00, 690, 150.00, 0x0000000000000004
2026/10/02 08:36:23.207, 0, 104.34, 58, 57, 150.00, 1650, 150.00, 0x0000000000000004
2026/10/02 08:36:23.408, 0, 105.42, 59, 68, 150.00, 810, 150.00, 0x0000000000000004
2026/10/02 08:36:23.608, 0, 96.93, 58, 45, 150.00, 1680, 150.00, 0x0000000000000004
2026/10/02 08:36:23.809, 0, 81.57, 57, 0, 150.00, 1695, 150.00, 0x0000000000000004
2026/10/02 08:36:24.009, 0, 89.56, 59, 0, 150.00, 840, 150.00, 0x0000000000000004
2026/10/02 08:36:24.210, 0, 90.88, 58, 100, 150.00, 1680, 150.00, 0x0000000000000004
2026/10/02 08:36:24.411, 0, 99.79, 59, 0, 150.00, 990, 150.00, 0x0000000000000004
2026/10/02 08:36:24.611, 0, 112.15, 59, 63, 150.00, 825, 150.00, 0x0000000000000004
2026/10/02 08:36:24.812, 0, 128.42, 60, 100, 150.00, 840, 150.00, 0x0000000000000004
2026/10/02 08:36:25.012, 0, 144.69, 60, 100, 150.00, 1470, 150.00, 0x0000000000000004
2026/10/02 08:36:25.213, 0, 128.94, 58, 9, 150.00, 1395, 150.00, 0x0000000000000004
2026/10/02 08:36:25.414, 0, 138.71, 58, 58, 150.00, 1680, 150.00, 0x0000000000000004
2026/10/02 08:36:25.614, 0, 113.11, 58, 0, 150.00, 1635, 150.00, 0x0000000000000004
2026/10/02 08:36:25.814, 0, 97.17, 57, 0, 150.00, 1680, 150.00, 0x0000000000000004
2026/10/02 08:36:26.015, 0, 105.64, 59, 44, 150.00, 810, 150.00, 0x0000000000000004
2026/10/02 08:36:26.216, 0, 114.08, 60, 100, 150.00, 810, 150.00, 0x0000000000000004
2026/10/02 08:36:26.417, 0, 120.46, 59, 100, 150.00, 1470, 150.00, 0x0000000000000004
2026/10/02 08:36:26.617, 0, 130.56, 59, 9, 150.00, 1500, 150.00, 0x0000000000000004
2026/10/02 08:36:26.818, 0, 131.23, 58, 0, 150.00, 1680, 150.00, 0x0000000000000004
2026/10/02 08:36:27.018, 0, 136.46, 59, 17, 150.00, 810, 150.00, 0x0000000000000004
2026/10/02 08:36:27.219, 0, 133.08, 60, 100, 150.00, 810, 150.00, 0x0000000000000004
2026/10/02 08:36:27.420, 0, 133.11, 60, 100, 150.00, 825, 150.00, 0x0000000000000004
2026/10/02 08:36:27.620, 0, 134.24, 59, 100, 150.00, 1515, 150.00, 0x0000000000000004
2026/10/02 08:36:27.821, 0, 133.46, 59, 60, 150.00, 1680, 150.00, 0x0000000000000004
2026/10/02 08:36:28.021, 0, 141.37, 60, 17, 150.00, 795, 150.00, 0x0000000000000004
2026/10/02 08:36:28.222, 0, 136.96, 60, 100, 150.00, 750, 150.00, 0x0000000000000004
2026/10/02 08:36:28.423, 0, 121.45, 59, 70, 150.00, 1455, 150.00, 0x0000000000000004
2026/10/02 08:36:28.624, 0, 114.00, 58, 61, 150.00, 855, 150.00, 0x0000000000000004
2026/10/02 08:36:28.824, 0, 105.37, 59, 60, 150.00, 675, 150.00, 0x0000000000000004
2026/10/02 08:36:29.025, 0, 108.99, 60, 61, 150.00, 780, 150.00, 0x0000000000000004
2026/10/02 08:36:29.226, 0, 109.48, 60, 100, 150.00, 795, 150.00, 0x0000000000000004
2026/10/02 08:36:29.426, 0, 107.65, 59, 77, 150.00, 1620, 150.00, 0x0000000000000004
2026/10/02 08:36:29.627, 0, 98.63, 58, 0, 150.00, 1680, 150.00, 0x0000000000000004
2026/10/02 08:36:29.828, 0, 97.88, 58, 0, 150.00, 1695, 150.00, 0x0000000000000000
2026/10/02 08:36:30.028, 0, 98.49, 58, 0, 150.00, 1695, 150.00, 0x0000000000000000
2026/10/02 08:36:30.229, 0, 82.26, 59, 0, 150.00, 810, 150.00, 0x0000000000000004
2026/10/02 08:36:30.429, 0, 88.00, 60, 100, 150.00, 1470, 150.00, 0x0000000000000004
2026/10/02 08:36:30.630, 0, 99.51, 60, 11, 150.00, 705, 150.00, 0x0000000000000004
2026/10/02 08:36:30.831, 0, 115.18, 60, 100, 150.00, 1500, 150.00, 0x0000000000000004
2026/10/02 08:36:31.031, 0, 129.73, 60, 4, 150.00, 795, 150.00, 0x0000000000000004
2026/10/02 08:36:31.232, 0, 148.92, 60, 100, 150.00, 660, 150.00, 0x0000000000000004
2026/10/02 08:36:31.433, 0, 149.68, 60, 100, 150.00, 825, 150.00, 0x0000000000000004
2026/10/02 08:36:31.633, 0, 144.54, 59, 85, 150.00, 1680, 150.00, 0x0000000000000004
2026/10/02 08:36:31.834, 0, 124.50, 59, 1, 150.00, 1635, 150.00, 0x0000000000000004
2026/10/02 08:36:32.034, 0, 138.47, 60, 43, 150.00, 1515, 150.00, 0x0000000000000004
2026/10/02 08:36:32.235, 0, 114.96, 58, 3, 150.00, 1680, 150.00, 0x0000000000000004
2026/10/02 08:36:32.436, 0, 120.47, 60, 58, 150.00, 870, 150.00, 0x0000000000000004
2026/10/02 08:36:32.636, 0, 126.58, 60, 97, 150.00, 1530, 150.00, 0x0000000000000004
2026/10/02 08:36:32.837, 0, 148.72, 60, 40, 150.00, 1515, 150.00, 0x0000000000000004
2026/10/02 08:36:33.037, 0, 135.51, 59, 2, 150.00, 1680, 150.00, 0x0000000000000004
2026/10/02 08:36:33.238, 0, 136.33, 59, 0, 150.00, 690, 150.00, 0x0000000000000004
2026/10/02 08:36:33.439, 0, 124.92, 58, 52, 150.00, 750, 150.00, 0x0000000000000004
2026/10/02 08:36:33.639, 0, 105.65, 60, 62, 150.00, 750, 150.00, 0x0000000000000004
2026/10/02 08:36:33.840, 0, 83.44, 59, 68, 150.00, 1680, 150.00, 0x0000000000000004
2026/10/02 08:36:34.040, 0, 75.79, 58, 0, 150.00, 1680, 150.00, 0x0000000000000004
2026/10/02 08:36:34.241, 0, 86.32, 58, 55, 150.00, 1080, 150.00, 0x0000000000000004
2026/10/02 08:36:34.442, 0, 95.42, 60, 59, 150.00, 1050, 150.00, 0x0000000000000004
2026/10/02 08:36:34.643, 0, 116.16, 61, 70, 150.00, 1410, 150.00, 0x0000000000000004
2026/10/02 08:36:34.843, 0, 124.42, 60, 62, 150.00, 645, 150.00, 0x0000000000000004
2026/10/02 08:36:35.044, 0, 140.46, 61, 97, 150.00, 900, 150.00, 0x0000000000000004
2026/10/02 08:36:35.244, 0, 138.04, 60, 59, 150.00, 1665, 150.00, 0x0000000000000004
2026/10/02 08:36:35.445, 0, 147.38, 60, 0, 150.00, 1410, 150.00, 0x0000000000000004
2026/10/02 08:36:35.646, 0, 115.55, 60, 13, 150.00, 675, 150.00, 0x0000000000000004
2026/10/02 08:36:35.846, 0, 113.62, 61, 77, 150.00, 1110, 150.00, 0x0000000000000004
2026/10/02 08:36:36.047, 0, 106.46, 59, 37, 150.00, 1680, 150.00, 0x0000000000000004
2026/10/02 08:36:36.247, 0, 102.78, 60, 0, 150.00, 1110, 150.00, 0x0000000000000004
2026/10/02 08:36:36.448, 0, 102.82, 59, 34, 150.00, 1680, 150.00, 0x0000000000000004
2026/10/02 08:36:36.648, 0, 101.25, 59, 57, 150.00, 705, 150.00, 0x0000000000000004
2026/10/02 08:36:36.849, 0, 96.76, 59, 60, 150.00, 1680, 150.00, 0x0000000000000004
2026/10/02 08:36:37.050, 0, 96.56, 60, 0, 150.00, 690, 150.00, 0x0000000000000004
2026/10/02 08:36:37.250, 0, 117.23, 61, 100, 150.00, 1200, 150.00, 0x0000000000000004
2026/10/02 08:36:37.451, 0, 102.43, 59, 31, 150.00, 1680, 150.00, 0x0000000000000004
2026/10/02 08:36:37.651, 0, 119.21, 61, 26, 150.00, 1200, 150.00, 0x0000000000000004
2026/10/02 08:36:37.852, 0, 120.21, 60, 31, 150.00, 1590, 150.00, 0x0000000000000004
2026/10/02 08:36:38.052, 0, 126.99, 61, 0, 150.00, 795, 150.00, 0x0000000000000004
2026/10/02 08:36:38.253, 0, 128.65, 61, 100, 150.00, 840, 150.00, 0x0000000000000004
2026/10/02 08:36:38.453, 0, 118.38, 60, 85, 150.00, 1680, 150.00, 0x0000000000000004
2026/10/02 08:36:38.654, 0, 116.17, 60, 0, 150.00, 1440, 150.00, 0x0000000000000004
2026/10/02 08:36:38.854, 0, 118.17, 61, 11, 150.00, 990, 150.00, 0x0000000000000004
2026/10/02 08:36:39.055, 0, 129.86, 61, 39, 150.00, 795, 150.00, 0x0000000000000004
2026/10/02 08:36:39.255, 0, 124.92, 60, 100, 150.00, 1080, 150.00, 0x0000000000000004
2026/10/02 08:36:39.456, 0, 130.65, 61, 69, 150.00, 825, 150.00, 0x0000000000000004
2026/10/02 08:36:39.656, 0, 146.44, 61, 100, 150.00, 1455, 150.00, 0x0000000000000004
2026/10/02 08:36:39.857, 0, 148.35, 61, 13, 150.00, 960, 150.00, 0x0000000000000004
2026/10/02 08:36:40.057, 0, 145.02, 61, 40, 150.00, 825, 150.00, 0x0000000000000004
2026/10/02 08:36:40.258, 0, 130.69, 60, 100, 150.00, 1635, 150.00, 0x0000000000000004
2026/10/02 08:36:40.458, 0, 120.80, 59, 0, 150.00, 1680, 150.00, 0x0000000000000004
2026/10/02 08:36:40.659, 0, 111.22, 61, 0, 150.00, 825, 150.00, 0x0000000000000004
2026/10/02 08:36:40.859, 0, 118.33, 61, 55, 150.00, 765, 150.00, 0x0000000000000004
2026/10/02 08:36:41.060, 0, 121.25, 61, 100, 150.00, 795, 150.00, 0x0000000000000004
2026/10/02 08:36:41.261, 0, 118.48, 62, 100, 150.00, 810, 150.00, 0x0000000000000004
2026/10/02 08:36:41.461, 0, 134.73, 62, 100, 150.00, 825, 150.00, 0x0000000000000004
2026/10/02 08:36:41.662, 0, 150.48, 62, 100, 150.00, 615, 150.00, 0x0000000000000004
2026/10/02 08:36:41.862, 0, 159.29, 62, 100, 150.00, 780, 150.00, 0x0000000000000004
2026/10/02 08:36:42.063, 0, 152.02, 62, 100, 150.00, 795, 150.00, 0x0000000000000004
2026/10/02 08:36:42.264, 0, 152.08, 62, 100, 150.00, 825, 150.00, 0x0000000000000004
2026/10/02 08:36:42.464, 0, 151.79, 62, 100, 150.00, 825, 150.00, 0x0000000000000004
2026/10/02 08:36:42.665, 0, 149.95, 62, 100, 150.00, 720, 150.00, 0x0000000000000004
2026/10/02 08:36:42.865, 0, 149.84, 62, 100, 150.00, 780, 150.00, 0x0000000000000004
2026/10/02 08:36:43.066, 0, 150.01, 62, 100, 150.00, 780, 150.00, 0x0000000000000004
2026/10/02 08:36:43.267, 0, 149.88, 63, 100, 150.00, 795, 150.00, 0x0000000000000004
2026/10/02 08:36:43.467, 0, 150.10, 63, 100, 150.00, 750, 150.00, 0x0000000000000004
2026/10/02 08:36:43.668, 0, 149.14, 62, 100, 150.00, 735, 150.00, 0x0000000000000004
2026/10/02 08:36:43.868, 0, 149.79, 63, 100, 150.00, 780, 150.00, 0x0000000000000004
2026/10/02 08:36:44.069, 0, 149.91, 63, 100, 150.00, 780, 150.00, 0x0000000000000004
2026/10/02 08:36:44.270, 0, 150.18, 63, 100, 150.00, 810, 150.00, 0x0000000000000004
2026/10/02 08:36:44.470, 0, 149.76, 63, 100, 150.00, 735, 150.00, 0x0000000000000004
2026/10/02 08:36:44.671, 0, 149.15, 63, 100, 150.00, 750, 150.00, 0x0000000000000004
2026/10/02 08:36:44.872, 0, 149.75, 63, 100, 150.00, 765, 150.00, 0x0000000000000004
2026/10/02 08:36:45.072, 0, 150.10, 63, 100, 150.00, 780, 150.00, 0x0000000000000004
2026/10/02 08:36:45.273, 0, 150.02, 63, 100, 150.00, 780, 150.00, 0x0000000000000004
2026/10/02 08:36:45.473, 0, 149.58, 63, 100, 150.00, 750, 150.00, 0x0000000000000004
2026/10/02 08:36:45.674, 0, 149.58, 63, 100, 150.00, 750, 150.00, 0x0000000000000004
2026/10/02 08:36:45.875, 0, 149.78, 63, 100, 150.00, 765, 150.00, 0x0000000000000004
2026/10/02 08:36:46.075, 0, 150.06, 63, 100, 150.00, 765, 150.00, 0x0000000000000004
2026/10/02 08:36:46.276, 0, 141.40, 62, 100, 150.00, 1095, 150.00, 0x0000000000000004
2026/10/02 08:36:46.477, 0, 140.06, 63, 69, 150.00, 780, 150.00, 0x0000000000000004
2026/10/02 08:36:46.677, 0, 138.00, 63, 60, 150.00, 780, 150.00, 0x0000000000000004
2026/10/02 08:36:46.878, 0, 138.95, 63, 100, 150.00, 795, 150.00, 0x0000000000000004
2026/10/02 08:36:47.078, 0, 139.67, 63, 100, 150.00, 795, 150.00, 0x0000000000000004
2026/10/02 08:36:47.279, 0, 135.45, 63, 100, 150.00, 855, 150.00, 0x0000000000000004
2026/10/02 08:36:47.479, 0, 137.53, 62, 60, 150.00, 1680, 150.00, 0x0000000000000004
2026/10/02 08:36:47.680, 0, 146.26, 62, 33, 150.00, 690, 150.00, 0x0000000000000004
2026/10/02 08:36:47.880, 0, 135.74, 63, 63, 150.00, 810, 150.00, 0x0000000000000004
2026/10/02 08:36:48.081, 0, 135.58, 63, 100, 150.00, 810, 150.00, 0x0000000000000004
2026/10/02 08:36:48.282, 0, 135.77, 64, 100, 150.00, 795, 150.00, 0x0000000000000004
2026/10/02 08:36:48.482, 0, 139.08, 64, 100, 150.00, 660, 150.00, 0x0000000000000004
2026/10/02 08:36:48.683, 0, 137.55, 64, 100, 150.00, 780, 150.00, 0x0000000000000004
2026/10/02 08:36:48.883, 0, 152.82, 64, 100, 150.00, 780, 150.00, 0x0000000000000004
2026/10/02 08:36:49.084, 0, 150.09, 64, 100, 150.00, 795, 150.00, 0x0000000000000004
2026/10/02 08:36:49.284, 0, 149.65, 64, 100, 150.00, 780, 150.00, 0x0000000000000004
2026/10/02 08:36:49.485, 0, 149.06, 64, 100, 150.00, 810, 150.00, 0x0000000000000004
2026/10/02 08:36:49.686, 0, 149.47, 64, 100, 150.00, 735, 150.00, 0x0000000000000004
2026/10/02 08:36:49.886, 0, 150.11, 64, 100, 150.00, 780, 150.00, 0x0000000000000004
2026/10/02 08:36:50.087, 0, 150.37, 64, 100, 150.00, 795, 150.00, 0x0000000000000004
2026/10/02 08:36:50.287, 0, 150.35, 64, 100, 150.00, 795, 150.00, 0x0000000000000004
2026/10/02 08:36:50.488, 0, 150.19, 64, 100, 150.00, 735, 150.00, 0x0000000000000004
2026/10/02 08:36:50.689, 0, 149.09, 64, 100, 150.00, 750, 150.00, 0x0000000000000004
2026/10/02 08:36:50.889, 0, 149.62, 64, 100, 150.00, 780, 150.00, 0x0000000000000004
2026/10/02 08:36:51.090, 0, 149.87, 64, 100, 150.00, 795, 150.00, 0x0000000000000004
2026/10/02 08:36:51.291, 0, 150.05, 65, 100, 150.00, 780, 150.00, 0x0000000000000004
2026/10/02 08:36:51.491, 0, 149.57, 65, 100, 150.00, 750, 150.00, 0x0000000000000004
2026/10/02 08:36:51.692, 0, 149.46, 64, 100, 150.00, 750, 150.00, 0x0000000000000004
2026/10/02 08:36:51.892, 0, 149.79, 65, 100, 150.00, 780, 150.00, 0x0000000000000004
2026/10/02 08:36:52.093, 0, 150.10, 65, 100, 150.00, 780, 150.00, 0x0000000000000004
2026/10/02 08:36:52.293, 0, 150.10, 65, 100, 150.00, 780, 150.00, 0x0000000000000004
2026/10/02 08:36:52.494, 0, 149.83, 65, 100, 150.00, 750, 150.00, 0x0000000000000004
2026/10/02 08:36:52.695, 0, 149.63, 65, 100, 150.00, 750, 150.00, 0x0000000000000004
2026/10/02 08:36:52.895, 0, 149.79, 65, 100, 150.00, 765, 150.00, 0x0000000000000004
2026/10/02 08:36:53.096, 0, 149.96, 65, 100, 150.00, 780, 150.00, 0x0000000000000004
2026/10/02 08:36:53.296, 0, 149.93, 65, 100, 150.00, 780, 150.00, 0x0000000000000004
2026/10/02 08:36:53.497, 0, 149.70, 65, 100, 150.00, 750, 150.00, 0x0000000000000004
2026/10/02 08:36:53.697, 0, 149.51, 65, 100, 150.00, 750, 150.00, 0x0000000000000004
2026/10/02 08:36:53.898, 0, 149.91, 65, 100, 150.00, 765, 150.00, 0x0000000000000004
2026/10/02 08:36:54.099, 0, 150.02, 65, 100, 150.00, 780, 150.00, 0x0000000000000004
2026/10/02 08:36:54.299, 0, 150.02, 65, 100, 150.00, 765, 150.00, 0x0000000000000004
2026/10/02 08:36:54.500, 0, 149.66, 65, 100, 150.00, 750, 150.00, 0x0000000000000004
2026/10/02 08:36:54.700, 0, 149.68, 65, 100, 150.00, 750, 150.00, 0x0000000000000004
2026/10/02 08:36:54.901, 0, 149.91, 65, 100, 150.00, 765, 150.00, 0x0000000000000004
2026/10/02 08:36:55.101, 0, 150.05, 65, 100, 150.00, 780, 150.00, 0x0000000000000004
2026/10/02 08:36:55.302, 0, 149.83, 65, 100, 150.00, 765, 150.00, 0x0000000000000004
2026/10/02 08:36:55.503, 0, 149.62, 65, 100, 150.00, 750, 150.00, 0x0000000000000004
2026/10/02 08:36:55.703, 0, 149.62, 65, 100, 150.00, 765, 150.00, 0x0000000000000004
2026/10/02 08:36:55.904, 0, 149.71, 65, 100, 150.00, 765, 150.00, 0x0000000000000004
2026/10/02 08:36:56.104, 0, 149.76, 66, 100, 150.00, 765, 150.00, 0x0000000000000004
2026/10/02 08:36:56.305, 0, 149.71, 66, 100, 150.00, 765, 150.00, 0x0000000000000004
2026/10/02 08:36:56.505, 0, 149.66, 66, 100, 150.00, 750, 150.00, 0x0000000000000004
2026/10/02 08:36:56.706, 0, 149.76, 66, 100, 150.00, 750, 150.00, 0x0000000000000004
2026/10/02 08:36:56.906, 0, 149.81, 66, 100, 150.00, 765, 150.00, 0x0000000000000004
2026/10/02 08:36:57.107, 0, 149.78, 66, 100, 150.00, 750, 150.00, 0x0000000000000004
2026/10/02 08:36:57.308, 0, 149.62, 66, 100, 150.00, 750, 150.00, 0x0000000000000004
2026/10/02 08:36:57.508, 0, 149.38, 66, 100, 150.00, 765, 150.00, 0x0000000000000004
2026/10/02 08:36:57.709, 0, 149.64, 66, 100, 150.00, 765, 150.00, 0x0000000000000004
2026/10/02 08:36:57.909, 0, 149.76, 66, 100, 150.00, 765, 150.00, 0x0000000000000004
2026/10/02 08:36:58.110, 0, 149.85, 66, 100, 150.00, 765, 150.00, 0x0000000000000004
2026/10/02 08:36:58.310, 0, 149.99, 66, 100, 150.00, 750, 150.00, 0x0000000000000004
2026/10/02 08:36:58.511, 0, 149.88, 66, 100, 150.00, 765, 150.00, 0x0000000000000004
2026/10/02 08:36:58.712, 0, 149.78, 66, 100, 150.00, 750, 150.00, 0x0000000000000004
2026/10/02 08:36:58.912, 0, 149.81, 66, 100, 150.00, 765, 150.00, 0x0000000000000004
2026/10/02 08:36:59.113, 0, 149.85, 66, 100, 150.00, 765, 150.00, 0x0000000000000004
2026/10/02 08:36:59.313, 0, 149.76, 66, 100, 150.00, 750, 150.00, 0x0000000000000004
2026/10/02 08:36:59.514, 0, 149.73, 66, 100, 150.00, 750, 150.00, 0x0000000000000004
2026/10/02 08:36:59.714, 0, 149.88, 66, 100, 150.00, 765, 150.00, 0x0000000000000004
2026/10/02 08:36:59.915, 0, 150.01, 66, 100, 150.00, 765, 150.00, 0x0000000000000004
2026/10/02 08:37:00.115, 0, 147.16, 66, 100, 150.00, 1560, 150.00, 0x0000000000000004
2026/10/02 08:37:00.316, 0, 137.08, 65, 55, 150.00, 675, 150.00, 0x0000000000000004
2026/10/02 08:37:00.517, 0, 124.17, 65, 0, 150.00, 675, 150.00, 0x0000000000000004
2026/10/02 08:37:00.717, 0, 123.97, 66, 100, 150.00, 795, 150.00, 0x0000000000000004
2026/10/02 08:37:00.918, 0, 124.54, 66, 100, 150.00, 780, 150.00, 0x0000000000000004
2026/10/02 08:37:01.119, 0, 131.14, 66, 100, 150.00, 795, 150.00, 0x0000000000000004
2026/10/02 08:37:01.319, 0, 120.83, 65, 20, 150.00, 1680, 150.00, 0x0000000000000004
2026/10/02 08:37:01.520, 0, 121.41, 64, 0, 150.00, 1680, 150.00, 0x0000000000000004
2026/10/02 08:37:01.720, 0, 121.75, 65, 82, 150.00, 825, 150.00, 0x0000000000000004
2026/10/02 08:37:01.921, 0, 121.78, 66, 100, 150.00, 795, 150.00, 0x0000000000000004
2026/10/02 08:37:02.121, 0, 118.23, 66, 90, 150.00, 735, 150.00, 0x0000000000000004
2026/10/02 08:37:02.322, 0, 109.14, 65, 59, 150.00, 660, 150.00, 0x0000000000000004
2026/10/02 08:37:02.522, 0, 114.18, 65, 0, 150.00, 1680, 150.00, 0x0000000000000004
2026/10/02 08:37:02.723, 0, 121.35, 66, 68, 150.00, 780, 150.00, 0x0000000000000004
2026/10/02 08:37:02.923, 0, 107.66, 64, 0, 150.00, 795, 150.00, 0x0000000000000004
2026/10/02 08:37:03.124, 0, 108.48, 66, 100, 150.00, 795, 150.00, 0x0000000000000004
2026/10/02 08:37:03.324, 0, 96.78, 65, 0, 150.00, 720, 150.00, 0x0000000000000004
2026/10/02 08:37:03.525, 0, 97.14, 66, 77, 150.00, 1020, 150.00, 0x0000000000000004
2026/10/02 08:37:03.725, 0, 106.67, 65, 55, 150.00, 1560, 150.00, 0x0000000000000004
2026/10/02 08:37:03.926, 0, 112.75, 66, 35, 150.00, 810, 150.00, 0x0000000000000004
2026/10/02 08:37:04.126, 0, 121.23, 66, 67, 150.00, 810, 150.00, 0x0000000000000004
2026/10/02 08:37:04.327, 0, 129.46, 66, 100, 150.00, 795, 150.00, 0x0000000000000004
2026/10/02 08:37:04.527, 0, 145.69, 67, 100, 150.00, 795, 150.00, 0x0000000000000004
2026/10/02 08:37:04.729, 0, 156.88, 66, 91, 150.00, 795, 150.00, 0x0000000000000004
2026/10/02 08:37:04.929, 0, 153.80, 65, 66, 150.00, 1665, 150.00, 0x0000000000000004
2026/10/02 08:37:05.130, 0, 146.03, 66, 37, 150.00, 795, 150.00, 0x0000000000000004
2026/10/02 08:37:05.330, 0, 141.13, 66, 91, 150.00, 1635, 150.00, 0x0000000000000004
2026/10/02 08:37:05.531, 0, 125.58, 64, 0, 150.00, 1680, 150.00, 0x0000000000000004
2026/10/02 08:37:05.731, 0, 124.28, 65, 25, 150.00, 1335, 150.00, 0x0000000000000004
2026/10/02 08:37:05.932, 0, 108.47, 65, 59, 150.00, 1425, 150.00, 0x0000000000000004
2026/10/02 08:37:06.132, 0, 132.39, 66, 71, 150.00, 1515, 150.00, 0x0000000000000004
2026/10/02 08:37:06.333, 0, 108.51, 64, 0, 150.00, 1680, 150.00, 0x0000000000000004
2026/10/02 08:37:06.534, 0, 132.19, 66, 100, 150.00, 750, 150.00, 0x0000000000000004
2026/10/02 08:37:06.734, 0, 138.18, 65, 88, 150.00, 1575, 150.00, 0x0000000000000004
2026/10/02 08:37:06.935, 0, 146.12, 66, 93, 150.00, 795, 150.00, 0x0000000000000004
2026/10/02 08:37:07.135, 0, 148.51, 67, 100, 150.00, 1245, 150.00, 0x0000000000000004
2026/10/02 08:37:07.336, 0, 152.37, 66, 25, 150.00, 1365, 150.00, 0x0000000000000004
2026/10/02 08:37:07.536, 0, 151.88, 66, 65, 150.00, 1590, 150.00, 0x0000000000000004
2026/10/02 08:37:07.737, 0, 162.56, 66, 48, 150.00, 1260, 150.00, 0x0000000000000004
2026/10/02 08:37:07.937, 0, 146.08, 66, 54, 150.00, 1185, 150.00, 0x0000000000000004
2026/10/02 08:37:08.138, 0, 143.48, 65, 0, 150.00, 1230, 150.00, 0x0000000000000004
2026/10/02 08:37:08.338, 0, 146.54, 66, 100, 150.00, 780, 150.00, 0x0000000000000004
2026/10/02 08:37:08.539, 0, 155.47, 66, 100, 150.00, 795, 150.00, 0x0000000000000004
2026/10/02 08:37:08.740, 0, 145.11, 67, 100, 150.00, 795, 150.00, 0x0000000000000004
2026/10/02 08:37:08.940, 0, 140.64, 67, 100, 150.00, 570, 150.00, 0x0000000000000004
2026/10/02 08:37:09.141, 0, 156.25, 67, 100, 150.00, 750, 150.00, 0x0000000000000004
2026/10/02 08:37:09.341, 0, 150.71, 67, 100, 150.00, 780, 150.00, 0x0000000000000004
2026/10/02 08:37:09.542, 0, 150.63, 67, 100, 150.00, 780, 150.00, 0x0000000000000004
2026/10/02 08:37:09.743, 0, 150.52, 67, 100, 150.00, 795, 150.00, 0x0000000000000004
2026/10/02 08:37:09.943, 0, 148.67, 67, 100, 150.00, 690, 150.00, 0x0000000000000004
2026/10/02 08:37:10.144, 0, 149.91, 67, 100, 150.00, 750, 150.00, 0x0000000000000004
2026/10/02 08:37:10.344, 0, 150.17, 67, 100, 150.00, 780, 150.00, 0x0000000000000004
2026/10/02 08:37:10.545, 0, 149.91, 67, 100, 150.00, 750, 150.00, 0x0000000000000004
2026/10/02 08:37:10.746, 0, 150.03, 67, 100, 150.00, 795, 150.00, 0x0000000000000004
2026/10/02 08:37:10.946, 0, 155.41, 67, 92, 150.00, 1350, 150.00, 0x0000000000000004
2026/10/02 08:37:11.147, 0, 160.34, 67, 64, 150.00, 765, 150.00, 0x0000000000000004
2026/10/02 08:37:11.347, 0, 152.84, 67, 100, 150.00, 1560, 150.00, 0x0000000000000004
2026/10/02 08:37:11.548, 0, 147.09, 65, 0, 150.00, 840, 150.00, 0x0000000000000004
2026/10/02 08:37:11.748, 0, 135.52, 66, 89, 150.00, 1635, 150.00, 0x0000000000000004
2026/10/02 08:37:11.949, 0, 119.79, 65, 0, 150.00, 1680, 150.00, 0x0000000000000004
2026/10/02 08:37:12.149, 0, 97.57, 65, 0, 150.00, 1695, 150.00, 0x0000000000000000
2026/10/02 08:37:12.350, 0, 96.29, 66, 22, 150.00, 1485, 150.00, 0x0000000000000004
2026/10/02 08:37:12.550, 0, 97.73, 65, 64, 150.00, 630, 150.00, 0x0000000000000004
2026/10/02 08:37:12.751, 0, 90.95, 65, 62, 150.00, 645, 150.00, 0x0000000000000004
2026/10/02 08:37:12.951, 0, 90.73, 65, 0, 150.00, 1680, 150.00, 0x0000000000000004
2026/10/02 08:37:13.152, 0, 104.26, 64, 44, 150.00, 1275, 150.00, 0x0000000000000004
2026/10/02 08:37:13.352, 0, 89.05, 65, 0, 150.00, 1680, 150.00, 0x0000000000000004
2026/10/02 08:37:13.553, 0, 92.15, 66, 72, 150.00, 780, 150.00, 0x0000000000000004
2026/10/02 08:37:13.753, 0, 98.25, 66, 0, 150.00, 1605, 150.00, 0x0000000000000004
2026/10/02 08:37:13.954, 0, 92.14, 64, 0, 150.00, 1680, 150.00, 0x0000000000000004
2026/10/02 08:37:14.154, 0, 92.18, 64, 0, 150.00, 1695, 150.00, 0x0000000000000000
2026/10/02 08:37:14.355, 0, 92.04, 64, 18, 150.00, 1695, 150.00, 0x0000000000000000
2026/10/02 08:37:14.555, 0, 95.81, 66, 32, 150.00, 1470, 150.00, 0x0000000000000004
2026/10/02 08:37:14.756, 0, 102.13, 66, 37, 150.00, 1350, 150.00, 0x0000000000000004
2026/10/02 08:37:14.956, 0, 120.99, 66, 100, 150.00, 795, 150.00, 0x0000000000000004
2026/10/02 08:37:15.157, 0, 128.46, 66, 73, 150.00, 645, 150.00, 0x0000000000000004
2026/10/02 08:37:15.357, 0, 128.05, 65, 0, 150.00, 1650, 150.00, 0x0000000000000004
2026/10/02 08:37:15.558, 0, 108.27, 64, 0, 150.00, 1680, 150.00, 0x0000000000000004
2026/10/02 08:37:15.758, 0, 97.39, 64, 54, 150.00, 1095, 150.00, 0x0000000000000004
2026/10/02 08:37:15.958, 0, 95.14, 64, 63, 150.00, 660, 150.00, 0x0000000000000004
2026/10/02 08:37:16.159, 0, 85.83, 64, 0, 150.00, 1680, 150.00, 0x0000000000000004
2026/10/02 08:37:16.359, 0, 102.15, 65, 81, 150.00, 1140, 150.00, 0x0000000000000004
2026/10/02 08:37:16.560, 0, 101.36, 65, 0, 150.00, 1680, 150.00, 0x0000000000000004
2026/10/02 08:37:16.760, 0, 97.34, 64, 0, 150.00, 1680, 150.00, 0x0000000000000004
2026/10/02 08:37:16.961, 0, 98.66, 64, 0, 150.00, 1695, 150.00, 0x0000000000000000
2026/10/02 08:37:17.161, 0, 91.46, 64, 0, 150.00, 1695, 150.00, 0x0000000000000000
2026/10/02 08:37:17.361, 0, 79.54, 63, 0, 150.00, 1695, 150.00, 0x0000000000000000
2026/10/02 08:37:17.562, 0, 79.54, 63, 0, 150.00, 1695, 150.00, 0x0000000000000000
2026/10/02 08:37:17.763, 0, 79.54, 63, 0, 150.00, 1695, 150.00, 0x0000000000000000
2026/10/02 08:37:17.963, 0, 79.54, 63, 0, 150.00, 1695, 150.00, 0x0000000000000000
2026/10/02 08:37:18.164, 0, 121.07, 65, 10, 150.00, 1560, 150.00, 0x0000000000000004
2026/10/02 08:37:18.364, 0, 132.88, 63, 17, 150.00, 1680, 150.00, 0x0000000000000004
2026/10/02 08:37:18.564, 0, 134.25, 65, 50, 150.00, 1200, 150.00, 0x0000000000000004
2026/10/02 08:37:18.765, 0, 124.94, 64, 0, 150.00, 1680, 150.00, 0x0000000000000004
2026/10/02 08:37:18.965, 0, 119.77, 64, 57, 150.00, 1020, 150.00, 0x0000000000000004
2026/10/02 08:37:19.166, 0, 90.52, 63, 0, 150.00, 1680, 150.00, 0x0000000000000004
2026/10/02 08:37:19.366, 0, 104.35, 64, 36, 150.00, 1365, 150.00, 0x0000000000000004
2026/10/02 08:37:19.567, 0, 83.89, 63, 0, 150.00, 1680, 150.00, 0x0000000000000004
2026/10/02 08:37:19.767, 0, 108.20, 64, 50, 150.00, 1230, 150.00, 0x0000000000000004
2026/10/02 08:37:19.968, 0, 103.60, 64, 0, 150.00, 1680, 150.00, 0x0000000000000004
2026/10/02 08:37:20.168, 0, 109.95, 63, 8, 150.00, 1680, 150.00, 0x0000000000000004
2026/10/02 08:37:20.369, 0, 110.24, 65, 100, 150.00, 795, 150.00, 0x0000000000000004
2026/10/02 08:37:20.569, 0, 121.62, 65, 40, 150.00, 1320, 150.00, 0x0000000000000004
2026/10/02 08:37:20.770, 0, 122.46, 65, 13, 150.00, 1545, 150.00, 0x0000000000000004
2026/10/02 08:37:20.970, 0, 134.76, 65, 54, 150.00, 1350, 150.00, 0x0000000000000004
2026/10/02 08:37:21.171, 0, 133.55, 64, 0, 150.00, 1680, 150.00, 0x0000000000000004
2026/10/02 08:37:21.371, 0, 133.04, 63, 17, 150.00, 1680, 150.00, 0x0000000000000004
2026/10/02 08:37:21.572, 0, 112.83, 64, 0, 150.00, 1680, 150.00, 0x0000000000000004
2026/10/02 08:37:21.772, 0, 102.27, 63, 0, 150.00, 1680, 150.00, 0x0000000000000004
2026/10/02 08:37:21.973, 0, 99.65, 64, 10, 150.00, 1560, 150.00, 0x0000000000000004
2026/10/02 08:37:22.173, 0, 104.24, 63, 24, 150.00, 1680, 150.00, 0x0000000000000004
2026/10/02 08:37:22.373, 0, 115.00, 63, 49, 150.00, 1170, 150.00, 0x0000000000000004
2026/10/02 08:37:22.574, 0, 111.86, 65, 0, 150.00, 1605, 150.00, 0x0000000000000004
2026/10/02 08:37:22.774, 0, 111.91, 63, 0, 150.00, 1680, 150.00, 0x0000000000000004
2026/10/02 08:37:22.975, 0, 100.58, 63, 0, 150.00, 1695, 150.00, 0x0000000000000000
2026/10/02 08:37:23.175, 0, 122.53, 64, 97, 150.00, 825, 150.00, 0x0000000000000004
2026/10/02 08:37:23.376, 0, 113.20, 63, 63, 150.00, 615, 150.00, 0x0000000000000004
2026/10/02 08:37:23.576, 0, 93.39, 63, 0, 150.00, 1680, 150.00, 0x0000000000000004
2026/10/02 08:37:23.777, 0, 93.76, 63, 0, 150.00, 1680, 150.00, 0x0000000000000004
2026/10/02 08:37:23.977, 0, 93.76, 63, 0, 150.00, 1695, 150.00, 0x0000000000000000
2026/10/02 08:37:24.177, 0, 80.18, 63, 0, 150.00, 1695, 150.00, 0x0000000000000000
2026/10/02 08:37:24.378, 0, 80.11, 63, 99, 150.00, 735, 150.00, 0x0000000000000004
2026/10/02 08:37:24.578, 0, 98.16, 65, 82, 150.00, 1155, 150.00, 0x0000000000000004
2026/10/02 08:37:24.779, 0, 105.14, 65, 13, 150.00, 1560, 150.00, 0x0000000000000004
2026/10/02 08:37:24.979, 0, 105.10, 63, 0, 150.00, 1680, 150.00, 0x0000000000000004
2026/10/02 08:37:25.180, 0, 126.79, 64, 100, 150.00, 795, 150.00, 0x0000000000000004
2026/10/02 08:37:25.380, 0, 144.64, 65, 100, 150.00, 750, 150.00, 0x0000000000000004
2026/10/02 08:37:25.581, 0, 134.11, 65, 16, 150.00, 1530, 150.00, 0x0000000000000004
2026/10/02 08:37:25.781, 0, 115.22, 64, 67, 150.00, 660, 150.00, 0x0000000000000004
2026/10/02 08:37:25.982, 0, 119.31, 64, 0, 150.00, 1665, 150.00, 0x0000000000000004
2026/10/02 08:37:26.182, 0, 110.75, 65, 13, 150.00, 1545, 150.00, 0x0000000000000004
2026/10/02 08:37:26.383, 0, 92.46, 63, 0, 150.00, 1680, 150.00, 0x0000000000000004
2026/10/02 08:37:26.583, 0, 83.71, 63, 85, 150.00, 720, 150.00, 0x0000000000000004
2026/10/02 08:37:26.784, 0, 99.76, 65, 100, 150.00, 795, 150.00, 0x0000000000000004
2026/10/02 08:37:26.984, 0, 100.59, 64, 0, 150.00, 1680, 150.00, 0x0000000000000004
2026/10/02 08:37:27.185, 0, 89.82, 63, 0, 150.00, 1680, 150.00, 0x0000000000000004
2026/10/02 08:37:27.385, 0, 107.99, 64, 28, 150.00, 1560, 150.00, 0x0000000000000004
2026/10/02 08:37:27.586, 0, 104.39, 63, 0, 150.00, 1680, 150.00, 0x0000000000000004
2026/10/02 08:37:27.786, 0, 104.96, 63, 39, 150.00, 945, 150.00, 0x0000000000000004
2026/10/02 08:37:27.986, 0, 97.14, 63, 0, 150.00, 1680, 150.00, 0x0000000000000004
2026/10/02 08:37:28.187, 0, 96.46, 64, 60, 150.00, 1230, 150.00, 0x0000000000000004
2026/10/02 08:37:28.387, 0, 87.16, 65, 54, 150.00, 1425, 150.00, 0x0000000000000004
2026/10/02 08:37:28.588, 0, 88.01, 63, 0, 150.00, 1680, 150.00, 0x0000000000000004
2026/10/02 08:37:28.788, 0, 88.11, 63, 0, 150.00, 1695, 150.00, 0x0000000000000000
2026/10/02 08:37:28.989, 0, 73.93, 63, 0, 150.00, 1695, 150.00, 0x0000000000000000
2026/10/02 08:37:29.189, 0, 83.24, 62, 58, 150.00, 615, 150.00, 0x0000000000000004
2026/10/02 08:37:29.389, 0, 76.63, 63, 0, 150.00, 1680, 150.00, 0x0000000000000004
2026/10/02 08:37:29.590, 0, 76.89, 62, 60, 150.00, 1260, 150.00, 0x0000000000000004
2026/10/02 08:37:29.790, 0, 76.75, 63, 0, 150.00, 1680, 150.00, 0x0000000000000004
2026/10/02 08:37:29.991, 0, 76.74, 62, 0, 150.00, 1695, 150.00, 0x0000000000000000
2026/10/02 08:37:30.191, 0, 80.88, 62, 68, 150.00, 795, 150.00, 0x0000000000000004
2026/10/02 08:37:30.392, 0, 88.93, 64, 70, 150.00, 1350, 150.00, 0x0000000000000004
2026/10/02 08:37:30.592, 0, 101.74, 63, 43, 150.00, 660, 150.00, 0x0000000000000004
2026/10/02 08:37:30.793, 0, 109.89, 65, 9, 150.00, 1635, 150.00, 0x0000000000000004
2026/10/02 08:37:30.993, 0, 108.74, 63, 0, 150.00, 1680, 150.00, 0x0000000000000004
2026/10/02 08:37:31.194, 0, 108.74, 63, 1, 150.00, 1680, 150.00, 0x0000000000000004
2026/10/02 08:37:31.394, 0, 96.09, 63, 0, 150.00, 1680, 150.00, 0x0000000000000004
2026/10/02 08:37:31.595, 0, 98.51, 64, 7, 150.00, 1620, 150.00, 0x0000000000000004
2026/10/02 08:37:31.795, 0, 76.92, 63, 0, 150.00, 1680, 150.00, 0x0000000000000004
2026/10/02 08:37:31.996, 0, 87.57, 64, 0, 150.00, 1635, 150.00, 0x0000000000000004
2026/10/02 08:37:32.196, 0, 87.71, 63, 0, 150.00, 1680, 150.00, 0x0000000000000004
2026/10/02 08:37:32.396, 0, 88.72, 62, 0, 150.00, 1695, 150.00, 0x0000000000000000
2026/10/02 08:37:32.597, 0, 77.61, 62, 0, 150.00, 1695, 150.00, 0x0000000000000000
2026/10/02 08:37:32.797, 0, 97.58, 64, 98, 150.00, 810, 150.00, 0x0000000000000004
2026/10/02 08:37:32.998, 0, 94.47, 63, 74, 150.00, 660, 150.00, 0x0000000000000004
2026/10/02 08:37:33.198, 0, 101.82, 64, 52, 150.00, 1455, 150.00, 0x0000000000000004
2026/10/02 08:37:33.399, 0, 108.89, 64, 0, 150.00, 1650, 150.00, 0x0000000000000004
2026/10/02 08:37:33.600, 0, 116.58, 64, 2, 150.00, 1635, 150.00, 0x0000000000000004
2026/10/02 08:37:33.800, 0, 105.11, 63, 0, 150.00, 1680, 150.00, 0x0000000000000004
2026/10/02 08:37:34.000, 0, 97.67, 62, 0, 150.00, 1695, 150.00, 0x0000000000000000
2026/10/02 08:37:34.201, 0, 82.75, 62, 0, 150.00, 1695, 150.00, 0x0000000000000000
2026/10/02 08:37:34.401, 0, 76.39, 62, 0, 150.00, 1695, 150.00, 0x0000000000000000
2026/10/02 08:37:34.602, 0, 79.31, 63, 100, 150.00, 810, 150.00, 0x0000000000000004
2026/10/02 08:37:34.802, 0, 78.64, 63, 0, 150.00, 1680, 150.00, 0x0000000000000004
2026/10/02 08:37:35.003, 0, 92.80, 62, 43, 150.00, 705, 150.00, 0x0000000000000004
2026/10/02 08:37:35.203, 0, 100.07, 64, 4, 150.00, 1635, 150.00, 0x0000000000000004
2026/10/02 08:37:35.404, 0, 107.91, 62, 63, 150.00, 660, 150.00, 0x0000000000000004
2026/10/02 08:37:35.604, 0, 106.70, 64, 0, 150.00, 1665, 150.00, 0x0000000000000004
2026/10/02 08:37:35.805, 0, 100.11, 63, 0, 150.00, 1680, 150.00, 0x0000000000000004
2026/10/02 08:37:36.005, 0, 99.78, 63, 62, 150.00, 1185, 150.00, 0x0000000000000004
2026/10/02 08:37:36.206, 0, 77.58, 62, 0, 150.00, 1680, 150.00, 0x0000000000000004
2026/10/02 08:37:36.406, 0, 77.98, 62, 0, 150.00, 1695, 150.00, 0x0000000000000000
2026/10/02 08:37:36.606, 0, 68.01, 62, 0, 150.00, 1695, 150.00, 0x0000000000000000
2026/10/02 08:37:36.807, 0, 68.28, 62, 0, 150.00, 1695, 150.00, 0x0000000000000000
2026/10/02 08:37:37.007, 0, 81.79, 63, 34, 150.00, 1545, 150.00, 0x0000000000000004
2026/10/02 08:37:37.208, 0, 82.18, 62, 0, 150.00, 1680, 150.00, 0x0000000000000004
2026/10/02 08:37:37.408, 0, 82.24, 62, 0, 150.00, 1695, 150.00, 0x0000000000000000
2026/10/02 08:37:37.609, 0, 93.42, 62, 52, 150.00, 645, 150.00, 0x0000000000000004
2026/10/02 08:37:37.809, 0, 92.82, 62, 0, 150.00, 1680, 150.00, 0x0000000000000004
2026/10/02 08:37:38.010, 0, 93.00, 62, 32, 150.00, 1035, 150.00, 0x0000000000000004
2026/10/02 08:37:38.210, 0, 94.94, 62, 62, 150.00, 855, 150.00, 0x0000000000000004
2026/10/02 08:37:38.411, 0, 100.53, 63, 8, 150.00, 1665, 150.00, 0x0000000000000004
2026/10/02 08:37:38.611, 0, 109.43, 64, 97, 150.00, 825, 150.00, 0x0000000000000004
2026/10/02 08:37:38.812, 0, 122.94, 64, 100, 150.00, 825, 150.00, 0x0000000000000004
2026/10/02 08:37:39.012, 0, 133.63, 65, 100, 150.00, 810, 150.00, 0x0000000000000004
2026/10/02 08:37:39.213, 0, 140.79, 65, 81, 150.00, 795, 150.00, 0x0000000000000004
2026/10/02 08:37:39.413, 0, 137.84, 63, 0, 150.00, 1680, 150.00, 0x0000000000000004
2026/10/02 08:37:39.614, 0, 142.98, 64, 40, 150.00, 1500, 150.00, 0x0000000000000004
2026/10/02 08:37:39.814, 0, 136.36, 64, 22, 150.00, 1590, 150.00, 0x0000000000000004
2026/10/02 08:37:40.015, 0, 129.68, 63, 64, 150.00, 705, 150.00, 0x0000000000000004
2026/10/02 08:37:40.215, 0, 113.02, 63, 63, 150.00, 1065, 150.00, 0x0000000000000004
2026/10/02 08:37:40.416, 0, 101.41, 63, 0, 150.00, 1680, 150.00, 0x0000000000000004
2026/10/02 08:37:40.616, 0, 89.26, 63, 0, 150.00, 1665, 150.00, 0x0000000000000004
2026/10/02 08:37:40.817, 0, 86.57, 63, 14, 150.00, 1680, 150.00, 0x0000000000000004
2026/10/02 08:37:41.017, 0, 100.04, 64, 100, 150.00, 795, 150.00, 0x0000000000000004
2026/10/02 08:37:41.218, 0, 109.91, 64, 70, 150.00, 735, 150.00, 0x0000000000000004
2026/10/02 08:37:41.418, 0, 109.77, 63, 0, 150.00, 1680, 150.00, 0x0000000000000004
2026/10/02 08:37:41.618, 0, 109.31, 63, 0, 150.00, 1680, 150.00, 0x0000000000000004
2026/10/02 08:37:41.819, 0, 109.59, 62, 0, 150.00, 1695, 150.00, 0x0000000000000000
2026/10/02 08:37:42.019, 0, 92.05, 62, 0, 150.00, 1695, 150.00, 0x0000000000000000
2026/10/02 08:37:42.220, 0, 76.11, 62, 0, 150.00, 1695, 150.00, 0x0000000000000000
2026/10/02 08:37:42.420, 0, 76.20, 63, 65, 150.00, 1275, 150.00, 0x0000000000000004
2026/10/02 08:37:42.621, 0, 75.09, 62, 62, 150.00, 1290, 150.00, 0x0000000000000004
2026/10/02 08:37:42.821, 0, 81.70, 62, 72, 150.00, 660, 150.00, 0x0000000000000004
2026/10/02 08:37:43.022, 0, 87.35, 63, 62, 150.00, 675, 150.00, 0x0000000000000004
2026/10/02 08:37:43.222, 0, 85.33, 63, 0, 150.00, 1680, 150.00, 0x0000000000000004
2026/10/02 08:37:43.423, 0, 97.48, 63, 53, 150.00, 1005, 150.00, 0x0000000000000004
2026/10/02 08:37:43.623, 0, 97.57, 63, 27, 150.00, 1680, 150.00, 0x0000000000000004
2026/10/02 08:37:43.824, 0, 104.80, 63, 65, 150.00, 1650, 150.00, 0x0000000000000004
2026/10/02 08:37:44.025, 0, 99.37, 63, 50, 150.00, 1680, 150.00, 0x0000000000000004
2026/10/02 08:37:44.225, 0, 110.12, 63, 61, 150.00, 1680, 150.00, 0x0000000000000004
2026/10/02 08:37:44.426, 0, 104.35, 63, 46, 150.00, 1680, 150.00, 0x0000000000000004
2026/10/02 08:37:44.626, 0, 90.24, 62, 0, 150.00, 1680, 150.00, 0x0000000000000004
2026/10/02 08:37:44.827, 0, 106.70, 64, 33, 150.00, 840, 150.00, 0x0000000000000004
2026/10/02 08:37:45.027, 0, 103.31, 63, 13, 150.00, 840, 150.00, 0x0000000000000004
2026/10/02 08:37:45.228, 0, 111.18, 63, 70, 150.00, 765, 150.00, 0x0000000000000004
2026/10/02 08:37:45.428, 0, 116.61, 65, 100, 150.00, 810, 150.00, 0x0000000000000004
2026/10/02 08:37:45.629, 0, 131.26, 65, 95, 150.00, 795, 150.00, 0x0000000000000004
2026/10/02 08:37:45.830, 0, 136.07, 65, 100, 150.00, 915, 150.00, 0x0000000000000004
2026/10/02 08:37:46.030, 0, 139.88, 65, 78, 150.00, 1575, 150.00, 0x0000000000000004
2026/10/02 08:37:46.231, 0, 157.61, 65, 43, 150.00, 810, 150.00, 0x0000000000000004
2026/10/02 08:37:46.432, 0, 158.07, 65, 100, 150.00, 795, 150.00, 0x0000000000000004
2026/10/02 08:37:46.632, 0, 150.14, 65, 100, 150.00, 1590, 150.00, 0x0000000000000004
2026/10/02 08:37:46.833, 0, 156.82, 65, 29, 150.00, 825, 150.00, 0x0000000000000004
2026/10/02 08:37:47.033, 0, 148.79, 65, 100, 150.00, 795, 150.00, 0x0000000000000004
2026/10/02 08:37:47.234, 0, 151.50, 65, 100, 150.00, 795, 150.00, 0x0000000000000004
2026/10/02 08:37:47.435, 0, 151.56, 66, 100, 150.00, 810, 150.00, 0x0000000000000004
2026/10/02 08:37:47.635, 0, 150.33, 66, 100, 150.00, 795, 150.00, 0x0000000000000004
2026/10/02 08:37:47.836, 0, 142.61, 65, 100, 150.00, 1485, 150.00, 0x0000000000000004
2026/10/02 08:37:48.036, 0, 138.77, 64, 64, 150.00, 630, 150.00, 0x0000000000000004
2026/10/02 08:37:48.237, 0, 138.85, 66, 100, 150.00, 795, 150.00, 0x0000000000000004
2026/10/02 08:37:48.438, 0, 139.07, 66, 100, 150.00, 795, 150.00, 0x0000000000000004
2026/10/02 08:37:48.638, 0, 139.29, 66, 100, 150.00, 780, 150.00, 0x0000000000000004
2026/10/02 08:37:48.839, 0, 124.71, 65, 64, 150.00, 1080, 150.00, 0x0000000000000004
2026/10/02 08:37:49.039, 0, 145.90, 66, 23, 150.00, 810, 150.00, 0x0000000000000004
2026/10/02 08:37:49.240, 0, 139.62, 66, 54, 150.00, 1515, 150.00, 0x0000000000000004
2026/10/02 08:37:49.441, 0, 124.28, 64, 0, 150.00, 1680, 150.00, 0x0000000000000004
2026/10/02 08:37:49.641, 0, 123.21, 65, 84, 150.00, 795, 150.00, 0x0000000000000004
2026/10/02 08:37:49.842, 0, 132.02, 66, 97, 150.00, 795, 150.00, 0x0000000000000004
2026/10/02 08:37:50.042, 0, 143.67, 66, 33, 150.00, 1410, 150.00, 0x0000000000000004
2026/10/02 08:37:50.243, 0, 129.04, 65, 42, 150.00, 765, 150.00, 0x0000000000000004
2026/10/02 08:37:50.444, 0, 137.35, 66, 98, 150.00, 1575, 150.00, 0x0000000000000004
2026/10/02 08:37:50.644, 0, 139.97, 64, 0, 150.00, 630, 150.00, 0x0000000000000004
2026/10/02 08:37:50.845, 0, 139.91, 66, 100, 150.00, 795, 150.00, 0x0000000000000004
2026/10/02 08:37:51.045, 0, 125.15, 66, 100, 150.00, 1575, 150.00, 0x0000000000000004
2026/10/02 08:37:51.246, 0, 115.32, 64, 0, 150.00, 1680, 150.00, 0x0000000000000004
2026/10/02 08:37:51.446, 0, 105.91, 65, 98, 150.00, 1455, 150.00, 0x0000000000000004
2026/10/02 08:37:51.647, 0, 111.07, 65, 8, 150.00, 1335, 150.00, 0x0000000000000004
2026/10/02 08:37:51.847, 0, 96.99, 64, 0, 150.00, 660, 150.00, 0x0000000000000004
2026/10/02 08:37:52.047, 0, 81.31, 64, 0, 150.00, 1680, 150.00, 0x0000000000000004
2026/10/02 08:37:52.248, 0, 103.40, 65, 25, 150.00, 810, 150.00, 0x0000000000000004
2026/10/02 08:37:52.448, 0, 111.99, 66, 100, 150.00, 795, 150.00, 0x0000000000000004
2026/10/02 08:37:52.649, 0, 122.69, 66, 100, 150.00, 795, 150.00, 0x0000000000000004
2026/10/02 08:37:52.850, 0, 144.11, 66, 56, 150.00, 810, 150.00, 0x0000000000000004
2026/10/02 08:37:53.050, 0, 164.63, 66, 100, 150.00, 825, 150.00, 0x0000000000000004
2026/10/02 08:37:53.251, 0, 157.24, 66, 100, 150.00, 780, 150.00, 0x0000000000000004
2026/10/02 08:37:53.452, 0, 159.19, 66, 100, 150.00, 1575, 150.00, 0x0000000000000004
2026/10/02 08:37:53.652, 0, 154.24, 66, 77, 150.00, 1530, 150.00, 0x0000000000000004
2026/10/02 08:37:53.853, 0, 147.08, 66, 44, 150.00, 1590, 150.00, 0x0000000000000004
2026/10/02 08:37:54.053, 0, 133.09, 64, 0, 150.00, 915, 150.00, 0x0000000000000004
2026/10/02 08:37:54.253, 0, 142.45, 66, 56, 150.00, 885, 150.00, 0x0000000000000004
2026/10/02 08:37:54.454, 0, 139.35, 65, 27, 150.00, 765, 150.00, 0x0000000000000004
2026/10/02 08:37:54.655, 0, 126.30, 65, 100, 150.00, 1635, 150.00, 0x0000000000000004
2026/10/02 08:37:54.855, 0, 113.75, 64, 0, 150.00, 1680, 150.00, 0x0000000000000004
2026/10/02 08:37:55.055, 0, 114.56, 64, 0, 150.00, 1695, 150.00, 0x0000000000000000
2026/10/02 08:37:55.256, 0, 118.24, 64, 0, 150.00, 735, 150.00, 0x0000000000000004
2026/10/02 08:37:55.456, 0, 103.99, 64, 20, 150.00, 1680, 150.00, 0x0000000000000004
2026/10/02 08:37:55.657, 0, 93.28, 65, 52, 150.00, 1620, 150.00, 0x0000000000000004
2026/10/02 08:37:55.857, 0, 93.58, 64, 0, 150.00, 1680, 150.00, 0x0000000000000004
2026/10/02 08:37:56.058, 0, 94.59, 64, 61, 150.00, 1665, 150.00, 0x0000000000000004
2026/10/02 08:37:56.258, 0, 108.74, 65, 100, 150.00, 795, 150.00, 0x0000000000000004
2026/10/02 08:37:56.459, 0, 110.10, 66, 100, 150.00, 780, 150.00, 0x0000000000000004
2026/10/02 08:37:56.660, 0, 114.72, 66, 100, 150.00, 795, 150.00, 0x0000000000000004
2026/10/02 08:37:56.860, 0, 130.43, 66, 100, 150.00, 780, 150.00, 0x0000000000000004
2026/10/02 08:37:57.061, 0, 141.37, 66, 100, 150.00, 735, 150.00, 0x0000000000000004
2026/10/02 08:37:57.261, 0, 149.90, 66, 100, 150.00, 780, 150.00, 0x0000000000000004
2026/10/02 08:37:57.462, 0, 149.88, 67, 100, 150.00, 795, 150.00, 0x0000000000000004
2026/10/02 08:37:57.663, 0, 149.96, 67, 100, 150.00, 780, 150.00, 0x0000000000000004
2026/10/02 08:37:57.863, 0, 148.56, 67, 100, 150.00, 660, 150.00, 0x0000000000000004
2026/10/02 08:37:58.064, 0, 149.76, 67, 100, 150.00, 735, 150.00, 0x0000000000000004
2026/10/02 08:37:58.264, 0, 150.14, 67, 100, 150.00, 780, 150.00, 0x0000000000000004
2026/10/02 08:37:58.465, 0, 149.99, 67, 100, 150.00, 780, 150.00, 0x0000000000000004
2026/10/02 08:37:58.666, 0, 150.02, 67, 100, 150.00, 750, 150.00, 0x0000000000000004
2026/10/02 08:37:58.866, 0, 148.61, 67, 100, 150.00, 720, 150.00, 0x0000000000000004
2026/10/02 08:37:59.067, 0, 149.65, 67, 100, 150.00, 735, 150.00, 0x0000000000000004
2026/10/02 08:37:59.267, 0, 149.86, 67, 100, 150.00, 765, 150.00, 0x0000000000000004
2026/10/02 08:37:59.468, 0, 149.84, 67, 100, 150.00, 780, 150.00, 0x0000000000000004
2026/10/02 08:37:59.669, 0, 149.47, 67, 100, 150.00, 735, 150.00, 0x0000000000000004
2026/10/02 08:37:59.869, 0, 149.00, 67, 100, 150.00, 720, 150.00, 0x0000000000000004
2026/10/02 08:38:00.070, 0, 146.65, 66, 89, 150.00, 660, 150.00, 0x0000000000000004
2026/10/02 08:38:00.270, 0, 147.49, 67, 100, 150.00, 795, 150.00, 0x0000000000000004
2026/10/02 08:38:00.471, 0, 148.00, 67, 100, 150.00, 780, 150.00, 0x0000000000000004
2026/10/02 08:38:00.671, 0, 146.22, 67, 100, 150.00, 990, 150.00, 0x0000000000000004
2026/10/02 08:38:00.872, 0, 144.87, 68, 100, 150.00, 465, 150.00, 0x0000000000000004
2026/10/02 08:38:01.073, 0, 149.38, 67, 100, 150.00, 765, 150.00, 0x0000000000000004
2026/10/02 08:38:01.273, 0, 141.08, 67, 100, 150.00, 1635, 150.00, 0x0000000000000004
2026/10/02 08:38:01.474, 0, 135.08, 66, 0, 150.00, 600, 150.00, 0x0000000000000004
2026/10/02 08:38:01.674, 0, 135.07, 67, 100, 150.00, 780, 150.00, 0x0000000000000004
2026/10/02 08:38:01.875, 0, 137.73, 67, 100, 150.00, 780, 150.00, 0x0000000000000004
2026/10/02 08:38:02.075, 0, 135.35, 68, 88, 150.00, 795, 150.00, 0x0000000000000004
2026/10/02 08:38:02.276, 0, 129.08, 66, 0, 150.00, 600, 150.00, 0x0000000000000004
2026/10/02 08:38:02.476, 0, 128.16, 67, 7, 150.00, 1200, 150.00, 0x0000000000000004
2026/10/02 08:38:02.677, 0, 111.50, 65, 0, 150.00, 1680, 150.00, 0x0000000000000004
2026/10/02 08:38:02.878, 0, 102.90, 65, 0, 150.00, 675, 150.00, 0x0000000000000004
2026/10/02 08:38:03.078, 0, 94.16, 67, 100, 150.00, 1455, 150.00, 0x0000000000000004
2026/10/02 08:38:03.279, 0, 97.98, 65, 0, 150.00, 660, 150.00, 0x0000000000000004
2026/10/02 08:38:03.479, 0, 96.04, 67, 100, 150.00, 1395, 150.00, 0x0000000000000004
2026/10/02 08:38:03.680, 0, 101.08, 67, 82, 150.00, 1365, 150.00, 0x0000000000000004
2026/10/02 08:38:03.880, 0, 101.04, 66, 0, 150.00, 1680, 150.00, 0x0000000000000004
2026/10/02 08:38:04.081, 0, 100.95, 67, 99, 150.00, 795, 150.00, 0x0000000000000004
2026/10/02 08:38:04.281, 0, 120.06, 67, 100, 150.00, 675, 150.00, 0x0000000000000004
2026/10/02 08:38:04.482, 0, 105.27, 66, 22, 150.00, 1005, 150.00, 0x0000000000000004
2026/10/02 08:38:04.682, 0, 106.49, 66, 65, 150.00, 1650, 150.00, 0x0000000000000004
2026/10/02 08:38:04.883, 0, 109.26, 67, 72, 150.00, 1335, 150.00, 0x0000000000000004
2026/10/02 08:38:05.083, 0, 113.69, 66, 63, 150.00, 615, 150.00, 0x0000000000000004
2026/10/02 08:38:05.284, 0, 113.61, 67, 89, 150.00, 780, 150.00, 0x0000000000000004
2026/10/02 08:38:05.484, 0, 119.15, 68, 100, 150.00, 795, 150.00, 0x0000000000000004
2026/10/02 08:38:05.685, 0, 128.05, 68, 100, 150.00, 780, 150.00, 0x0000000000000004
2026/10/02 08:38:05.886, 0, 139.48, 68, 100, 150.00, 525, 150.00, 0x0000000000000004
2026/10/02 08:38:06.086, 0, 155.73, 68, 100, 150.00, 735, 150.00, 0x0000000000000004
2026/10/02 08:38:06.287, 0, 134.67, 66, 48, 150.00, 1170, 150.00, 0x0000000000000004
2026/10/02 08:38:06.487, 0, 138.29, 68, 49, 150.00, 780, 150.00, 0x0000000000000004
2026/10/02 08:38:06.688, 0, 138.45, 68, 100, 150.00, 780, 150.00, 0x0000000000000004
2026/10/02 08:38:06.888, 0, 122.32, 67, 48, 150.00, 1680, 150.00, 0x0000000000000004
2026/10/02 08:38:07.089, 0, 116.65, 67, 13, 150.00, 1560, 150.00, 0x0000000000000004
2026/10/02 08:38:07.289, 0, 118.86, 66, 0, 150.00, 945, 150.00, 0x0000000000000004
2026/10/02 08:38:07.490, 0, 112.25, 66, 9, 150.00, 1530, 150.00, 0x0000000000000004
2026/10/02 08:38:07.690, 0, 97.03, 65, 0, 150.00, 1680, 150.00, 0x0000000000000004
2026/10/02 08:38:07.891, 0, 111.14, 67, 24, 150.00, 795, 150.00, 0x0000000000000004
2026/10/02 08:38:08.091, 0, 122.11, 67, 100, 150.00, 735, 150.00, 0x0000000000000004
2026/10/02 08:38:08.292, 0, 128.82, 67, 44, 150.00, 750, 150.00, 0x0000000000000004
2026/10/02 08:38:08.492, 0, 130.31, 68, 100, 150.00, 780, 150.00, 0x0000000000000004
2026/10/02 08:38:08.693, 0, 130.81, 66, 33, 150.00, 1680, 150.00, 0x0000000000000004
2026/10/02 08:38:08.893, 0, 128.02, 67, 7, 150.00, 795, 150.00, 0x0000000000000004
2026/10/02 08:38:09.094, 0, 118.94, 67, 42, 150.00, 795, 150.00, 0x0000000000000004
2026/10/02 08:38:09.294, 0, 114.35, 66, 99, 150.00, 1590, 150.00, 0x0000000000000004
2026/10/02 08:38:09.495, 0, 100.33, 65, 0, 150.00, 1680, 150.00, 0x0000000000000004
2026/10/02 08:38:09.695, 0, 107.72, 66, 36, 150.00, 1620, 150.00, 0x0000000000000004
2026/10/02 08:38:09.896, 0, 110.10, 67, 0, 150.00, 795, 150.00, 0x0000000000000004
2026/10/02 08:38:10.096, 0, 119.65, 67, 100, 150.00, 780, 150.00, 0x0000000000000004
2026/10/02 08:38:10.297, 0, 120.50, 68, 100, 150.00, 780, 150.00, 0x0000000000000004
2026/10/02 08:38:10.497, 0, 132.10, 68, 64, 150.00, 660, 150.00, 0x0000000000000004
2026/10/02 08:38:10.698, 0, 124.25, 66, 100, 150.00, 1665, 150.00, 0x0000000000000004
2026/10/02 08:38:10.898, 0, 125.32, 65, 0, 150.00, 1680, 150.00, 0x0000000000000004
2026/10/02 08:38:11.099, 0, 111.51, 65, 0, 150.00, 1695, 150.00, 0x0000000000000000
2026/10/02 08:38:11.299, 0, 115.83, 67, 19, 150.00, 795, 150.00, 0x0000000000000004
2026/10/02 08:38:11.500, 0, 126.61, 67, 84, 150.00, 705, 150.00, 0x0000000000000004
2026/10/02 08:38:11.700, 0, 118.56, 66, 20, 150.00, 855, 150.00, 0x0000000000000004
2026/10/02 08:38:11.901, 0, 117.44, 65, 49, 150.00, 1680, 150.00, 0x0000000000000004
2026/10/02 08:38:12.101, 0, 138.22, 67, 0, 150.00, 600, 150.00, 0x0000000000000004
2026/10/02 08:38:12.302, 0, 119.04, 65, 25, 150.00, 1680, 150.00, 0x0000000000000004
2026/10/02 08:38:12.502, 0, 103.02, 66, 65, 150.00, 1425, 150.00, 0x0000000000000004
2026/10/02 08:38:12.703, 0, 93.73, 66, 64, 150.00, 1680, 150.00, 0x0000000000000004
2026/10/02 08:38:12.903, 0, 83.53, 65, 0, 150.00, 1680, 150.00, 0x0000000000000004
2026/10/02 08:38:13.104, 0, 83.69, 65, 0, 150.00, 1425, 150.00, 0x0000000000000000
2026/10/02 08:38:13.304, 0, 68.51, 65, 59, 150.00, 1680, 150.00, 0x0000000000000004
2026/10/02 08:38:13.504, 0, 68.57, 65, 0, 150.00, 1680, 150.00, 0x0000000000000004
2026/10/02 08:38:13.705, 0, 69.51, 64, 0, 150.00, 1695, 150.00, 0x0000000000000000
2026/10/02 08:38:13.905, 0, 91.08, 66, 43, 150.00, 795, 150.00, 0x0000000000000004
2026/10/02 08:38:14.106, 0, 96.76, 66, 8, 150.00, 840, 150.00, 0x0000000000000004
2026/10/02 08:38:14.306, 0, 106.61, 67, 54, 150.00, 645, 150.00, 0x0000000000000004
2026/10/02 08:38:14.507, 0, 117.79, 66, 74, 150.00, 1245, 150.00, 0x0000000000000004
2026/10/02 08:38:14.707, 0, 117.49, 65, 0, 150.00, 1680, 150.00, 0x0000000000000004
2026/10/02 08:38:14.908, 0, 103.43, 65, 0, 150.00, 1695, 150.00, 0x0000000000000004
2026/10/02 08:38:15.108, 0, 96.51, 64, 0, 150.00, 1695, 150.00, 0x0000000000000000
2026/10/02 08:38:15.309, 0, 91.40, 64, 0, 150.00, 1695, 150.00, 0x0000000000000000
2026/10/02 08:38:15.509, 0, 80.41, 66, 1, 150.00, 795, 150.00, 0x0000000000000004
2026/10/02 08:38:15.710, 0, 76.10, 65, 48, 150.00, 1680, 150.00, 0x0000000000000004
2026/10/02 08:38:15.910, 0, 89.87, 66, 0, 150.00, 630, 150.00, 0x0000000000000004
2026/10/02 08:38:16.111, 0, 107.63, 66, 60, 150.00, 795, 150.00, 0x0000000000000004
2026/10/02 08:38:16.311, 0, 114.49, 65, 100, 150.00, 1665, 150.00, 0x0000000000000004
2026/10/02 08:38:16.512, 0, 114.43, 65, 0, 150.00, 1680, 150.00, 0x0000000000000004
2026/10/02 08:38:16.712, 0, 115.77, 65, 65, 150.00, 1665, 150.00, 0x0000000000000004
2026/10/02 08:38:16.913, 0, 127.72, 66, 64, 150.00, 795, 150.00, 0x0000000000000004
2026/10/02 08:38:17.113, 0, 109.82, 66, 100, 150.00, 1590, 150.00, 0x0000000000000004
2026/10/02 08:38:17.314, 0, 109.24, 67, 88, 150.00, 780, 150.00, 0x0000000000000004
2026/10/02 08:38:17.515, 0, 124.83, 67, 100, 150.00, 780, 150.00, 0x0000000000000004
2026/10/02 08:38:17.715, 0, 117.21, 65, 9, 150.00, 1680, 150.00, 0x0000000000000004
2026/10/02 08:38:17.916, 0, 125.63, 65, 45, 150.00, 1635, 150.00, 0x0000000000000004
2026/10/02 08:38:18.116, 0, 116.40, 66, 89, 150.00, 1515, 150.00, 0x0000000000000004
2026/10/02 08:38:18.317, 0, 110.83, 65, 0, 150.00, 1680, 150.00, 0x0000000000000004
2026/10/02 08:38:18.517, 0, 102.28, 66, 76, 150.00, 1410, 150.00, 0x0000000000000004
2026/10/02 08:38:18.718, 0, 95.04, 65, 0, 150.00, 1680, 150.00, 0x0000000000000004
2026/10/02 08:38:18.918, 0, 95.97, 66, 0, 150.00, 615, 150.00, 0x0000000000000004
2026/10/02 08:38:19.119, 0, 89.11, 65, 37, 150.00, 1680, 150.00, 0x0000000000000004
2026/10/02 08:38:19.319, 0, 90.06, 64, 0, 150.00, 1680, 150.00, 0x0000000000000004
2026/10/02 08:38:19.519, 0, 83.60, 64, 0, 150.00, 1695, 150.00, 0x0000000000000000
2026/10/02 08:38:19.720, 0, 88.57, 65, 0, 150.00, 1110, 150.00, 0x0000000000000004
2026/10/02 08:38:19.920, 0, 88.15, 64, 0, 150.00, 1680, 150.00, 0x0000000000000004
2026/10/02 08:38:20.121, 0, 74.85, 64, 0, 150.00, 1695, 150.00, 0x0000000000000004
2026/10/02 08:38:20.321, 0, 74.93, 64, 0, 150.00, 1695, 150.00, 0x0000000000000000
2026/10/02 08:38:20.522, 0, 88.84, 64, 37, 150.00, 1635, 150.00, 0x0000000000000004
2026/10/02 08:38:20.722, 0, 89.89, 65, 0, 150.00, 1305, 150.00, 0x0000000000000004
2026/10/02 08:38:20.923, 0, 85.12, 64, 0, 150.00, 1680, 150.00, 0x0000000000000004
2026/10/02 08:38:21.123, 0, 93.04, 66, 4, 150.00, 810, 150.00, 0x0000000000000004
2026/10/02 08:38:21.324, 0, 108.33, 66, 100, 150.00, 795, 150.00, 0x0000000000000004
2026/10/02 08:38:21.524, 0, 108.55, 67, 100, 150.00, 795, 150.00, 0x0000000000000004
2026/10/02 08:38:21.725, 0, 116.13, 66, 51, 150.00, 1065, 150.00, 0x0000000000000004
2026/10/02 08:38:21.925, 0, 115.31, 66, 52, 150.00, 1290, 150.00, 0x0000000000000004
2026/10/02 08:38:22.126, 0, 114.00, 64, 0, 150.00, 1680, 150.00, 0x0000000000000004
2026/10/02 08:38:22.326, 0, 117.25, 66, 55, 150.00, 795, 150.00, 0x0000000000000004
2026/10/02 08:38:22.527, 0, 101.96, 65, 75, 150.00, 1680, 150.00, 0x0000000000000004
2026/10/02 08:38:22.727, 0, 114.88, 66, 47, 150.00, 915, 150.00, 0x0000000000000004
2026/10/02 08:38:22.928, 0, 129.54, 67, 33, 150.00, 795, 150.00, 0x0000000000000004
2026/10/02 08:38:23.128, 0, 138.33, 66, 21, 150.00, 615, 150.00, 0x0000000000000004
2026/10/02 08:38:23.329, 0, 135.01, 66, 10, 150.00, 1035, 150.00, 0x0000000000000004
2026/10/02 08:38:23.529, 0, 142.12, 66, 100, 150.00, 795, 150.00, 0x0000000000000004
2026/10/02 08:38:23.730, 0, 145.70, 65, 75, 150.00, 600, 150.00, 0x0000000000000004
2026/10/02 08:38:23.930, 0, 123.64, 65, 0, 150.00, 1680, 150.00, 0x0000000000000004
2026/10/02 08:38:24.131, 0, 113.78, 64, 0, 150.00, 1680, 150.00, 0x0000000000000004
2026/10/02 08:38:24.331, 0, 106.92, 64, 0, 150.00, 1695, 150.00, 0x0000000000000000
2026/10/02 08:38:24.532, 0, 92.21, 64, 0, 150.00, 1695, 150.00, 0x0000000000000000
2026/10/02 08:38:24.732, 0, 84.21, 64, 0, 150.00, 1695, 150.00, 0x0000000000000000
2026/10/02 08:38:24.933, 0, 82.01, 64, 45, 150.00, 1590, 150.00, 0x0000000000000004
2026/10/02 08:38:25.133, 0, 81.95, 64, 0, 150.00, 1680, 150.00, 0x0000000000000004
2026/10/02 08:38:25.334, 0, 81.86, 64, 0, 150.00, 1695, 150.00, 0x0000000000000000
2026/10/02 08:38:25.534, 0, 82.50, 64, 64, 150.00, 1320, 150.00, 0x0000000000000004
2026/10/02 08:38:25.735, 0, 82.18, 64, 0, 150.00, 1680, 150.00, 0x0000000000000004
2026/10/02 08:38:25.935, 0, 84.44, 65, 33, 150.00, 600, 150.00, 0x0000000000000004
2026/10/02 08:38:26.136, 0, 103.01, 66, 100, 150.00, 795, 150.00, 0x0000000000000004
2026/10/02 08:38:26.336, 0, 113.92, 65, 67, 150.00, 1485, 150.00, 0x0000000000000004
2026/10/02 08:38:26.537, 0, 109.85, 64, 0, 150.00, 1680, 150.00, 0x0000000000000004
2026/10/02 08:38:26.737, 0, 125.07, 65, 51, 150.00, 660, 150.00, 0x0000000000000004
2026/10/02 08:38:26.938, 0, 127.21, 64, 0, 150.00, 1665, 150.00, 0x0000000000000004
2026/10/02 08:38:27.138, 0, 102.30, 64, 0, 150.00, 1680, 150.00, 0x0000000000000004
2026/10/02 08:38:27.338, 0, 99.83, 64, 17, 150.00, 1650, 150.00, 0x0000000000000004
2026/10/02 08:38:27.539, 0, 100.51, 64, 0, 150.00, 1680, 150.00, 0x0000000000000004
2026/10/02 08:38:27.739, 0, 100.51, 64, 0, 150.00, 1695, 150.00, 0x0000000000000000
2026/10/02 08:38:27.940, 0, 82.28, 63, 0, 150.00, 1695, 150.00, 0x0000000000000000
2026/10/02 08:38:28.140, 0, 82.64, 63, 0, 150.00, 1695, 150.00, 0x0000000000000000
2026/10/02 08:38:28.341, 0, 82.65, 63, 0, 150.00, 1695, 150.00, 0x0000000000000000
2026/10/02 08:38:28.541, 0, 82.65, 63, 0, 150.00, 1695, 150.00, 0x0000000000000000
2026/10/02 08:38:28.741, 0, 109.46, 63, 0, 150.00, 1695, 150.00, 0x0000000000000000
2026/10/02 08:38:28.942, 0, 117.12, 65, 57, 150.00, 870, 150.00, 0x0000000000000004
2026/10/02 08:38:29.143, 0, 116.56, 64, 0, 150.00, 1680, 150.00, 0x0000000000000004
2026/10/02 08:38:29.343, 0, 116.49, 63, 0, 150.00, 1695, 150.00, 0x0000000000000004
2026/10/02 08:38:29.544, 0, 122.21, 65, 36, 150.00, 600, 150.00, 0x0000000000000000
2026/10/02 08:38:29.744, 0, 114.52, 63, 0, 150.00, 1680, 150.00, 0x0000000000000004
2026/10/02 08:38:29.945, 0, 112.33, 65, 100, 150.00, 795, 150.00, 0x0000000000000004
2026/10/02 08:38:30.145, 0, 102.69, 64, 0, 150.00, 1680, 150.00, 0x0000000000000004
2026/10/02 08:38:30.346, 0, 119.64, 65, 19, 150.00, 810, 150.00, 0x0000000000000004
2026/10/02 08:38:30.546, 0, 121.27, 64, 49, 150.00, 1560, 150.00, 0x0000000000000004
2026/10/02 08:38:30.747, 0, 106.85, 64, 0, 150.00, 1680, 150.00, 0x0000000000000004
2026/10/02 08:38:30.947, 0, 95.89, 63, 0, 150.00, 1695, 150.00, 0x0000000000000000
2026/10/02 08:38:31.147, 0, 95.13, 64, 63, 150.00, 1020, 150.00, 0x0000000000000004
2026/10/02 08:38:31.348, 0, 109.30, 65, 28, 150.00, 615, 150.00, 0x0000000000000004
2026/10/02 08:38:31.549, 0, 108.40, 65, 66, 150.00, 690, 150.00, 0x0000000000000004
2026/10/02 08:38:31.749, 0, 108.93, 64, 0, 150.00, 1680, 150.00, 0x0000000000000004
2026/10/02 08:38:31.950, 0, 108.93, 63, 0, 150.00, 1680, 150.00, 0x0000000000000004
2026/10/02 08:38:32.150, 0, 121.26, 64, 16, 150.00, 1650, 150.00, 0x0000000000000004
2026/10/02 08:38:32.351, 0, 122.64, 65, 88, 150.00, 795, 150.00, 0x0000000000000004
2026/10/02 08:38:32.551, 0, 102.87, 65, 6, 150.00, 1245, 150.00, 0x0000000000000004
2026/10/02 08:38:32.752, 0, 97.84, 65, 41, 150.00, 1605, 150.00, 0x0000000000000004
2026/10/02 08:38:32.952, 0, 112.34, 66, 100, 150.00, 795, 150.00, 0x0000000000000004
2026/10/02 08:38:33.153, 0, 98.11, 64, 0, 150.00, 1680, 150.00, 0x0000000000000004
2026/10/02 08:38:33.353, 0, 118.27, 66, 32, 150.00, 645, 150.00, 0x0000000000000004
2026/10/02 08:38:33.554, 0, 129.05, 66, 100, 150.00, 795, 150.00, 0x0000000000000004
2026/10/02 08:38:33.754, 0, 134.09, 66, 96, 150.00, 1125, 150.00, 0x0000000000000004
2026/10/02 08:38:33.955, 0, 142.63, 66, 37, 150.00, 570, 150.00, 0x0000000000000004
2026/10/02 08:38:34.155, 0, 135.14, 64, 0, 150.00, 1680, 150.00, 0x0000000000000004
2026/10/02 08:38:34.356, 0, 128.59, 64, 0, 150.00, 1680, 150.00, 0x0000000000000004
2026/10/02 08:38:34.556, 0, 104.40, 64, 0, 150.00, 1680, 150.00, 0x0000000000000004
2026/10/02 08:38:34.757, 0, 100.22, 65, 57, 150.00, 660, 150.00, 0x0000000000000004
2026/10/02 08:38:34.957, 0, 100.49, 65, 71, 150.00, 1470, 150.00, 0x0000000000000004
2026/10/02 08:38:35.158, 0, 86.71, 65, 3, 150.00, 1350, 150.00, 0x0000000000000004
2026/10/02 08:38:35.358, 0, 93.90, 65, 11, 150.00, 1050, 150.00, 0x0000000000000004
2026/10/02 08:38:35.559, 0, 95.09, 64, 0, 150.00, 1680, 150.00, 0x0000000000000004
2026/10/02 08:38:35.759, 0, 92.75, 64, 0, 150.00, 1680, 150.00, 0x0000000000000004
2026/10/02 08:38:35.960, 0, 81.44, 65, 74, 150.00, 750, 150.00, 0x0000000000000004
2026/10/02 08:38:36.160, 0, 81.90, 64, 0, 150.00, 1680, 150.00, 0x0000000000000004
2026/10/02 08:38:36.361, 0, 85.78, 65, 64, 150.00, 1275, 150.00, 0x0000000000000004
2026/10/02 08:38:36.561, 0, 78.85, 64, 0, 150.00, 1680, 150.00, 0x0000000000000004
2026/10/02 08:38:36.762, 0, 77.96, 65, 63, 150.00, 1485, 150.00, 0x0000000000000004
2026/10/02 08:38:36.962, 0, 92.21, 66, 100, 150.00, 795, 150.00, 0x0000000000000004
2026/10/02 08:38:37.163, 0, 100.38, 66, 90, 150.00, 975, 150.00, 0x0000000000000004
2026/10/02 08:38:37.363, 0, 107.13, 65, 1, 150.00, 1665, 150.00, 0x0000000000000004
2026/10/02 08:38:37.564, 0, 105.50, 64, 0, 150.00, 1680, 150.00, 0x0000000000000004
2026/10/02 08:38:37.764, 0, 120.49, 65, 33, 150.00, 585, 150.00, 0x0000000000000000
2026/10/02 08:38:37.965, 0, 113.82, 64, 0, 150.00, 1680, 150.00, 0x0000000000000004
2026/10/02 08:38:38.165, 0, 100.27, 64, 54, 150.00, 1530, 150.00, 0x0000000000000004
2026/10/02 08:38:38.366, 0, 92.45, 65, 69, 150.00, 735, 150.00, 0x0000000000000004
2026/10/02 08:38:38.566, 0, 99.15, 65, 61, 150.00, 1530, 150.00, 0x0000000000000004
2026/10/02 08:38:38.767, 0, 99.07, 64, 0, 150.00, 1680, 150.00, 0x0000000000000004
2026/10/02 08:38:38.967, 0, 94.92, 65, 58, 150.00, 855, 150.00, 0x0000000000000004
2026/10/02 08:38:39.168, 0, 91.47, 64, 0, 150.00, 1680, 150.00, 0x0000000000000004
2026/10/02 08:38:39.368, 0, 116.43, 65, 34, 150.00, 960, 150.00, 0x0000000000000004
2026/10/02 08:38:39.569, 0, 107.86, 64, 36, 150.00, 1620, 150.00, 0x0000000000000004
2026/10/02 08:38:39.769, 0, 118.65, 65, 56, 150.00, 720, 150.00, 0x0000000000000004
2026/10/02 08:38:39.970, 0, 118.15, 64, 0, 150.00, 1680, 150.00, 0x0000000000000004
2026/10/02 08:38:40.170, 0, 120.02, 65, 52, 150.00, 660, 150.00, 0x0000000000000004
2026/10/02 08:38:40.370, 0, 105.35, 64, 0, 150.00, 1680, 150.00, 0x0000000000000004
2026/10/02 08:38:40.571, 0, 95.11, 65, 73, 150.00, 750, 150.00, 0x0000000000000004
2026/10/02 08:38:40.772, 0, 111.28, 66, 100, 150.00, 795, 150.00, 0x0000000000000004
2026/10/02 08:38:40.972, 0, 101.23, 64, 0, 150.00, 1680, 150.00, 0x0000000000000004
2026/10/02 08:38:41.172, 0, 101.19, 64, 0, 150.00, 1680, 150.00, 0x0000000000000004
2026/10/02 08:38:41.373, 0, 90.57, 63, 0, 150.00, 1695, 150.00, 0x0000000000000000
2026/10/02 08:38:41.573, 0, 90.62, 63, 0, 150.00, 1695, 150.00, 0x0000000000000000
2026/10/02 08:38:41.774, 0, 76.64, 63, 0, 150.00, 1695, 150.00, 0x0000000000000000
2026/10/02 08:38:41.974, 0, 76.64, 63, 0, 150.00, 1695, 150.00, 0x0000000000000000
2026/10/02 08:38:42.175, 0, 76.64, 63, 0, 150.00, 1695, 150.00, 0x0000000000000000
2026/10/02 08:38:42.375, 0, 76.64, 63, 0, 150.00, 1695, 150.00, 0x0000000000000000
2026/10/02 08:38:42.575, 0, 76.64, 63, 0, 150.00, 1695, 150.00, 0x0000000000000000
2026/10/02 08:38:42.776, 0, 68.91, 63, 0, 150.00, 1695, 150.00, 0x0000000000000000
2026/10/02 08:38:42.976, 0, 68.91, 63, 0, 150.00, 1695, 150.00, 0x0000000000000000
2026/10/02 08:38:43.177, 0, 68.91, 63, 0, 150.00, 1695, 150.00, 0x0000000000000000
2026/10/02 08:38:43.377, 0, 68.91, 63, 0, 150.00, 1695, 150.00, 0x0000000000000000
2026/10/02 08:38:43.578, 0, 68.91, 63, 0, 150.00, 1695, 150.00, 0x0000000000000000
2026/10/02 08:38:43.778, 0, 68.82, 62, 0, 150.00, 1695, 150.00, 0x0000000000000000
2026/10/02 08:38:43.978, 0, 68.82, 62, 0, 150.00, 1695, 150.00, 0x0000000000000000
2026/10/02 08:38:44.179, 0, 68.82, 62, 0, 150.00, 1695, 150.00, 0x0000000000000000
2026/10/02 08:38:44.379, 0, 68.82, 62, 0, 150.00, 1695, 150.00, 0x0000000000000000
2026/10/02 08:38:44.580, 0, 68.82, 62, 0, 150.00, 1695, 150.00, 0x0000000000000000
2026/10/02 08:38:44.780, 0, 68.82, 62, 0, 150.00, 1695, 150.00, 0x0000000000000000
2026/10/02 08:38:44.981, 0, 68.82, 62, 0, 150.00, 1695, 150.00, 0x0000000000000000
2026/10/02 08:38:45.181, 0, 68.82, 62, 0, 150.00, 1695, 150.00, 0x0000000000000000
2026/10/02 08:38:45.382, 0, 68.82, 62, 0, 150.00, 1695, 150.00, 0x0000000000000000
2026/10/02 08:38:45.582, 0, 68.82, 62, 0, 150.00, 1695, 150.00, 0x0000000000000000
2026/10/02 08:38:45.782, 0, 68.64, 62, 0, 150.00, 1695, 150.00, 0x0000000000000000
2026/10/02 08:38:45.983, 0, 68.64, 62, 0, 150.00, 1695, 150.00, 0x0000000000000000
2026/10/02 08:38:46.183, 0, 68.64, 62, 0, 150.00, 1695, 150.00, 0x0000000000000000
2026/10/02 08:38:46.384, 0, 68.64, 62, 0, 150.00, 1695, 150.00, 0x0000000000000000
2026/10/02 08:38:46.584, 0, 68.64, 62, 0, 150.00, 1695, 150.00, 0x0000000000000000
2026/10/02 08:38:46.785, 0, 68.31, 62, 0, 150.00, 1695, 150.00, 0x0000000000000000
2026/10/02 08:38:46.985, 0, 68.31, 62, 0, 150.00, 1695, 150.00, 0x0000000000000000
2026/10/02 08:38:47.185, 0, 68.31, 62, 0, 150.00, 1695, 150.00, 0x0000000000000000
2026/10/02 08:38:47.386, 0, 68.31, 62, 0, 150.00, 1695, 150.00, 0x0000000000000000
2026/10/02 08:38:47.586, 0, 68.31, 62, 0, 150.00, 1695, 150.00, 0x0000000000000000
2026/10/02 08:38:47.787, 0, 68.20, 62, 0, 150.00, 1695, 150.00, 0x0000000000000000
2026/10/02 08:38:47.987, 0, 68.20, 62, 0, 150.00, 1695, 150.00, 0x0000000000000000
2026/10/02 08:38:48.188, 0, 68.20, 62, 0, 150.00, 1695, 150.00, 0x0000000000000000
2026/10/02 08:38:48.388, 0, 68.20, 62, 0, 150.00, 1695, 150.00, 0x0000000000000000
2026/10/02 08:38:48.589, 0, 68.20, 62, 0, 150.00, 1695, 150.00, 0x0000000000000000
2026/10/02 08:38:48.789, 0, 67.98, 61, 0, 150.00, 1695, 150.00, 0x0000000000000000
2026/10/02 08:38:48.989, 0, 67.98, 61, 0, 150.00, 1695, 150.00, 0x0000000000000000
2026/10/02 08:38:49.190, 0, 67.98, 61, 0, 150.00, 1695, 150.00, 0x0000000000000000
2026/10/02 08:38:49.390, 0, 67.98, 61, 0, 150.00, 1695, 150.00, 0x0000000000000000
2026/10/02 08:38:49.591, 0, 67.98, 61, 0, 150.00, 1695, 150.00, 0x0000000000000000
2026/10/02 08:38:49.791, 0, 67.76, 61, 0, 150.00, 1695, 150.00, 0x0000000000000000
2026/10/02 08:38:49.992, 0, 67.76, 61, 0, 150.00, 1695, 150.00, 0x0000000000000000
2026/10/02 08:38:50.192, 0, 67.76, 61, 0, 150.00, 1695, 150.00, 0x0000000000000000
2026/10/02 08:38:50.393, 0, 67.76, 61, 0, 150.00, 1695, 150.00, 0x0000000000000000
2026/10/02 08:38:50.593, 0, 67.76, 61, 0, 150.00, 1695, 150.00, 0x0000000000000000
2026/10/02 08:38:50.793, 0, 67.62, 61, 0, 150.00, 1695, 150.00, 0x0000000000000000
2026/10/02 08:38:50.994, 0, 67.62, 61, 0, 150.00, 1695, 150.00, 0x0000000000000000
2026/10/02 08:38:51.194, 0, 67.62, 61, 0, 150.00, 1695, 150.00, 0x0000000000000000
2026/10/02 08:38:51.395, 0, 67.62, 61, 0, 150.00, 1695, 150.00, 0x0000000000000000
2026/10/02 08:38:51.595, 0, 67.62, 61, 0, 150.00, 1695, 150.00, 0x0000000000000000
2026/10/02 08:38:51.796, 0, 67.43, 61, 0, 150.00, 1695, 150.00, 0x0000000000000000
2026/10/02 08:38:51.996, 0, 67.43, 61, 0, 150.00, 1695, 150.00, 0x0000000000000000
2026/10/02 08:38:52.197, 0, 67.43, 61, 0, 150.00, 1695, 150.00, 0x0000000000000000
2026/10/02 08:38:52.397, 0, 67.43, 61, 0, 150.00, 1695, 150.00, 0x0000000000000000
2026/10/02 08:38:52.597, 0, 67.43, 61, 0, 150.00, 1695, 150.00, 0x0000000000000000
2026/10/02 08:38:52.798, 0, 67.43, 61, 0, 150.00, 1695, 150.00, 0x0000000000000000
2026/10/02 08:38:52.998, 0, 67.43, 61, 0, 150.00, 1695, 150.00, 0x0000000000000000
2026/10/02 08:38:53.199, 0, 67.43, 61, 0, 150.00, 1695, 150.00, 0x0000000000000000
2026/10/02 08:38:53.399, 0, 67.43, 61, 0, 150.00, 1695, 150.00, 0x0000000000000000
2026/10/02 08:38:53.600, 0, 67.43, 61, 0, 150.00, 1695, 150.00, 0x0000000000000000
2026/10/02 08:38:53.800, 0, 67.38, 61, 0, 150.00, 1695, 150.00, 0x0000000000000000
2026/10/02 08:38:54.000, 0, 67.38, 61, 0, 150.00, 1695, 150.00, 0x0000000000000000
2026/10/02 08:38:54.201, 0, 67.38, 61, 0, 150.00, 1695, 150.00, 0x0000000000000000
2026/10/02 08:38:54.401, 0, 67.38, 61, 0, 150.00, 1695, 150.00, 0x0000000000000000
2026/10/02 08:38:54.602, 0, 67.38, 61, 0, 150.00, 1695, 150.00, 0x0000000000000000
2026/10/02 08:38:54.802, 0, 67.25, 60, 0, 150.00, 1695, 150.00, 0x0000000000000000
2026/10/02 08:38:55.003, 0, 67.25, 60, 0, 150.00, 1695, 150.00, 0x0000000000000000
2026/10/02 08:38:55.203, 0, 67.25, 60, 0, 150.00, 1695, 150.00, 0x0000000000000000
2026/10/02 08:38:55.403, 0, 67.25, 60, 0, 150.00, 1695, 150.00, 0x0000000000000000
2026/10/02 08:38:55.604, 0, 67.25, 60, 0, 150.00, 1695, 150.00, 0x0000000000000000
2026/10/02 08:38:55.804, 0, 67.16, 60, 0, 150.00, 1695, 150.00, 0x0000000000000000
2026/10/02 08:38:56.005, 0, 67.16, 60, 0, 150.00, 1695, 150.00, 0x0000000000000000
2026/10/02 08:38:56.205, 0, 67.16, 60, 0, 150.00, 1695, 150.00, 0x0000000000000000
2026/10/02 08:38:56.405, 0, 67.16, 60, 0, 150.00, 1695, 150.00, 0x0000000000000000
2026/10/02 08:38:56.606, 0, 67.16, 60, 0, 150.00, 1695, 150.00, 0x0000000000000000
2026/10/02 08:38:56.806, 0, 67.10, 60, 0, 150.00, 1695, 150.00, 0x0000000000000000
2026/10/02 08:38:57.007, 0, 67.10, 60, 0, 150.00, 1695, 150.00, 0x0000000000000000
2026/10/02 08:38:57.207, 0, 67.10, 60, 0, 150.00, 1695, 150.00, 0x0000000000000000
2026/10/02 08:38:57.408, 0, 67.10, 60, 0, 150.00, 1695, 150.00, 0x0000000000000000
2026/10/02 08:38:57.608, 0, 67.10, 60, 0, 150.00, 1695, 150.00, 0x0000000000000000
2026/10/02 08:38:57.808, 0, 67.00, 60, 0, 150.00, 1695, 150.00, 0x0000000000000000
2026/10/02 08:38:58.009, 0, 67.00, 60, 0, 150.00, 1695, 150.00, 0x0000000000000000
2026/10/02 08:38:58.209, 0, 67.00, 60, 0, 150.00, 1695, 150.00, 0x0000000000000000
2026/10/02 08:38:58.410, 0, 67.00, 60, 0, 150.00, 1695, 150.00, 0x0000000000000000
2026/10/02 08:38:58.610, 0, 67.00, 60, 0, 150.00, 1695, 150.00, 0x0000000000000000
2026/10/02 08:38:58.811, 0, 66.92, 60, 0, 150.00, 1695, 150.00, 0x0000000000000000
2026/10/02 08:38:59.011, 0, 66.92, 60, 0, 150.00, 1695, 150.00, 0x0000000000000000
2026/10/02 08:38:59.211, 0, 66.92, 60, 0, 150.00, 1695, 150.00, 0x0000000000000000
2026/10/02 08:38:59.412, 0, 66.92, 60, 0, 150.00, 1695, 150.00, 0x0000000000000000
2026/10/02 08:38:59.612, 0, 66.92, 60, 0, 150.00, 1695, 150.00, 0x0000000000000000
2026/10/02 08:38:59.813, 0, 67.06, 60, 0, 150.00, 1695, 150.00, 0x0000000000000000
2026/10/02 08:39:00.013, 0, 67.06, 60, 0, 150.00, 1695, 150.00, 0x0000000000000000
2026/10/02 08:39:00.214, 0, 67.06, 60, 0, 150.00, 1695, 150.00, 0x0000000000000000
2026/10/02 08:39:00.414, 0, 67.06, 60, 0, 150.00, 1695, 150.00, 0x0000000000000000
2026/10/02 08:39:00.614, 0, 67.06, 60, 0, 150.00, 1695, 150.00, 0x0000000000000000
2026/10/02 08:39:00.815, 0, 66.96, 59, 0, 150.00, 1695, 150.00, 0x0000000000000000
2026/10/02 08:39:01.015, 0, 66.96, 59, 0, 150.00, 1695, 150.00, 0x0000000000000000
2026/10/02 08:39:01.216, 0, 66.96, 59, 0, 150.00, 1695, 150.00, 0x0000000000000000
2026/10/02 08:39:01.416, 0, 66.96, 59, 0, 150.00, 1695, 150.00, 0x0000000000000000
2026/10/02 08:39:01.617, 0, 66.96, 59, 0, 150.00, 1695, 150.00, 0x0000000000000000
2026/10/02 08:39:01.817, 0, 66.59, 59, 0, 150.00, 1695, 150.00, 0x0000000000000000
2026/10/02 08:39:02.017, 0, 66.59, 59, 0, 150.00, 1695, 150.00, 0x0000000000000000
2026/10/02 08:39:02.218, 0, 66.59, 59, 0, 150.00, 1695, 150.00, 0x0000000000000000
2026/10/02 08:39:02.418, 0, 66.59, 59, 0, 150.00, 1695, 150.00, 0x0000000000000000
2026/10/02 08:39:02.619, 0, 66.59, 59, 0, 150.00, 1695, 150.00, 0x0000000000000000
2026/10/02 08:39:02.819, 0, 66.49, 59, 0, 150.00, 1695, 150.00, 0x0000000000000000
2026/10/02 08:39:03.020, 0, 66.49, 59, 0, 150.00, 1695, 150.00, 0x0000000000000000
2026/10/02 08:39:03.220, 0, 66.49, 59, 0, 150.00, 1695, 150.00, 0x0000000000000000
2026/10/02 08:39:03.420, 0, 66.49, 59, 0, 150.00, 1695, 150.00, 0x0000000000000000
2026/10/02 08:39:03.621, 0, 66.49, 59, 0, 150.00, 1695, 150.00, 0x0000000000000000
2026/10/02 08:39:03.821, 0, 66.73, 59, 0, 150.00, 1695, 150.00, 0x0000000000000000
2026/10/02 08:39:04.022, 0, 66.73, 59, 0, 150.00, 1695, 150.00, 0x0000000000000000
2026/10/02 08:39:04.222, 0, 66.73, 59, 0, 150.00, 1695, 150.00, 0x0000000000000000
2026/10/02 08:39:04.422, 0, 66.73, 59, 0, 150.00, 1695, 150.00, 0x0000000000000000
2026/10/02 08:39:04.623, 0, 66.73, 59, 0, 150.00, 1695, 150.00, 0x0000000000000000
2026/10/02 08:39:04.823, 0, 66.73, 59, 0, 150.00, 1695, 150.00, 0x0000000000000000
2026/10/02 08:39:05.024, 0, 66.73, 59, 0, 150.00, 1695, 150.00, 0x0000000000000000
2026/10/02 08:39:05.224, 0, 66.73, 59, 0, 150.00, 1695, 150.00, 0x0000000000000000
2026/10/02 08:39:05.425, 0, 66.73, 59, 0, 150.00, 1695, 150.00, 0x0000000000000000
2026/10/02 08:39:05.625, 0, 66.73, 59, 0, 150.00, 1695, 150.00, 0x0000000000000000
2026/10/02 08:39:05.825, 0, 66.49, 59, 0, 150.00, 1695, 150.00, 0x0000000000000000
2026/10/02 08:39:06.026, 0, 66.49, 59, 0, 150.00, 1695, 150.00, 0x0000000000000000
2026/10/02 08:39:06.226, 0, 66.49, 59, 0, 150.00, 1695, 150.00, 0x0000000000000000
2026/10/02 08:39:06.427, 0, 66.49, 59, 0, 150.00, 1695, 150.00, 0x0000000000000000
2026/10/02 08:39:06.627, 0, 66.49, 59, 0, 150.00, 1695, 150.00, 0x0000000000000000
2026/10/02 08:39:06.827, 0, 66.59, 59, 0, 150.00, 1695, 150.00, 0x0000000000000000
2026/10/02 08:39:07.028, 0, 66.59, 59, 0, 150.00, 1695, 150.00, 0x0000000000000000
2026/10/02 08:39:07.228, 0, 66.59, 59, 0, 150.00, 1695, 150.00, 0x0000000000000000
2026/10/02 08:39:07.429, 0, 66.59, 59, 0, 150.00, 1695, 150.00, 0x0000000000000000
2026/10/02 08:39:07.629, 0, 66.59, 59, 0, 150.00, 1695, 150.00, 0x0000000000000000
2026/10/02 08:39:07.830, 0, 66.54, 58, 0, 150.00, 1695, 150.00, 0x0000000000000000
2026/10/02 08:39:08.030, 0, 66.54, 58, 0, 150.00, 1695, 150.00, 0x0000000000000000
2026/10/02 08:39:08.231, 0, 66.54, 58, 0, 150.00, 1695, 150.00, 0x0000000000000000
2026/10/02 08:39:08.431, 0, 66.54, 58, 0, 150.00, 1695, 150.00, 0x0000000000000000
2026/10/02 08:39:08.631, 0, 66.54, 58, 0, 150.00, 1695, 150.00, 0x0000000000000000
2026/10/02 08:39:08.832, 0, 66.49, 58, 0, 150.00, 1695, 150.00, 0x0000000000000000
2026/10/02 08:39:09.032, 0, 66.49, 58, 0, 150.00, 1695, 150.00, 0x0000000000000000
2026/10/02 08:39:09.233, 0, 66.49, 58, 0, 150.00, 1695, 150.00, 0x0000000000000000
2026/10/02 08:39:09.433, 0, 66.49, 58, 0, 150.00, 1695, 150.00, 0x0000000000000000
2026/10/02 08:39:09.633, 0, 66.49, 58, 0, 150.00, 1695, 150.00, 0x0000000000000000
2026/10/02 08:39:09.834, 0, 66.35, 58, 0, 150.00, 1695, 150.00, 0x0000000000000000
2026/10/02 08:39:10.034, 0, 66.35, 58, 0, 150.00, 1695, 150.00, 0x0000000000000000
2026/10/02 08:39:10.235, 0, 66.35, 58, 0, 150.00, 1695, 150.00, 0x0000000000000000
2026/10/02 08:39:10.435, 0, 66.35, 58, 0, 150.00, 1695, 150.00, 0x0000000000000000
2026/10/02 08:39:10.636, 0, 66.35, 58, 0, 150.00, 1695, 150.00, 0x0000000000000000
2026/10/02 08:39:10.836, 0, 66.16, 58, 0, 150.00, 1695, 150.00, 0x0000000000000000
2026/10/02 08:39:11.036, 0, 66.61, 58, 0, 150.00, 1695, 150.00, 0x0000000000000000
